"geolev2","d_1960_km","d_1986_km","c_local_60","leg_1960","leg_1986","delta_d_km","delta_leg","median_tau","land_share_pair_60","land_share_oneend_60"
"32002001",0,0,1.87399995326996,0,0,0,0,2338735.41054103,0.393221706951524,0
"32006001",0,0,1.77699995040894,0,0,0,0,2430602.75290588,0.378359453901485,0
"32006002",3.51347583007813,3.51347583007813,146.886077880859,515127.045065112,515303.748195238,0,176.703130125999,3336106.82556568,0.430072731577696,0.154409637340605
"32006003",1.24220129394531,0,155.00666809082,182124.913582195,0,-1.24220129394531,-182124.913582195,2404269.53826845,0.45825412928394,0.0757506222506818
"32006004",4.96880517578125,4.4788203125,140.839706420898,728499.654328778,656885.946038485,-0.48998486328125,-71613.7082902938,3404686.24699389,0.484080195649421,0.21396968809446
"32006005",1.75673791503906,1.75673791503906,150.944778442383,257563.522532556,257651.874097619,0,88.3515650629997,2391733.90223026,0.492197335027841,0.107689037769788
"32006006",0,0,1.77699995040894,0,0,0,0,2159909.95454609,0.425777717402197,0
"32006007",3.928185546875,3.51347583007813,140.770965576172,575929.566928089,515303.748195238,-0.414709716796875,-60625.8187328503,3282243.45256934,0.455655139169604,0.175468265913441
"32006008",0,0,0.620999991893768,0,0,0,0,2215972.93131587,0.415005759883006,0
"32006009",16.338607421875,16.338607421875,146.321655273438,2395479.28283948,2396300.99991196,0,821.717072486877,5005912.80033712,0.662241022827473,0.478529966138874
"32006010",1.24220129394531,1.24220129394531,159.69384765625,182124.913582195,182187.387573052,0,62.4739908576012,2337194.996713,0.471405443436521,0.077924569339885
"32006011",1.24220129394531,1.24220129394531,158.691024780273,182124.913582195,182187.387573052,0,62.4739908576012,2404514.1491821,0.45820751115059,0.0757429161496698
"32006012",2.777646484375,2.777646484375,156.827880859375,407243.679743707,407383.375831544,0,139.696087837219,2563923.35731126,0.517521401800444,0.158836136260632
"32006013",0,0,1.87399995326996,0,0,0,0,2936708.13975608,0.313153873819173,0
"32006014",0,2.48440258789062,1.77699995040894,0,364374.775146104,2.48440258789062,364374.775146104,2347863.076625,0.391692999219902,0
"32006015",3.51347583007813,3.51347583007813,163.137512207031,515127.045065112,515303.748195238,0,176.703130125999,2862043.29578428,0.501309179151625,0.179985762557779
"32006016",3.72660375976562,1.24220129394531,152.246124267578,546374.722849287,182187.387573052,-2.48440246582031,-364187.335276235,2801304.28304385,0.52333345647737,0.195042975572652
"32006017",0,0,1.77699995040894,0,0,0,0,2392491.77892331,0.384386495428119,0
"32006018",17.301861328125,17.301861328125,151.63835144043,2536706.4215396,2537576.5835107,0,870.161971092224,6097903.69482347,0.566809206041517,0.415996471655173
"32006019",10.5404267578125,1.75673791503906,145.952377319336,1545381.02781156,257651.874097619,-8.78368884277344,-1287729.15371394,4072806.30626881,0.60523932951546,0.379438871284629
"32006020",1.24220129394531,1.24220129394531,154.048309326172,182124.913582195,182187.387573052,0,62.4739908576012,2497597.73651111,0.441130462170487,0.0729200346876532
"32006021",2.48440258789062,2.48440258789062,161.861618041992,364249.827164389,364374.775146104,0,124.947981715202,2658795.61826509,0.482884561936756,0.13699805455602
"32006022",14.9064150390625,8.783689453125,156.367431640625,2185498.89139715,1288259.35258466,-6.1227255859375,-897239.538812488,4970753.2954938,0.624682062667042,0.439671567160333
"32006023",7.02695166015625,7.45320751953125,140.305114746094,1030254.09013022,1093124.28963144,0.426255859375,62870.1995012164,3685812.21116175,0.529027391701148,0.279518877009063
"32006024",3.51347583007813,3.51347583007813,153.911209106445,515127.045065112,515303.748195238,0,176.703130125999,2886033.80579337,0.497141985109773,0.178489608829618
"32006025",1.24220129394531,2.777646484375,156.875701904297,182124.913582195,407383.375831544,1.53544519042969,225258.46224935,2636723.18441816,0.41785442261594,0.0690724436522084
"32006026",2.48440258789062,1.75673791503906,151.805328369141,364249.827164389,257651.874097619,-0.727664672851562,-106597.95306677,2763460.45182683,0.464595524266167,0.131809314268853
"32006027",3.51347583007813,2.48440258789062,161.421447753906,515127.045065112,364374.775146104,-1.0290732421875,-150752.269919008,2728107.80398412,0.525920776741556,0.188822100179774
"32006028",10.014947265625,10.014947265625,143.9521484375,1468338.0335961,1468841.71502596,0,503.681429862976,4279025.76110597,0.558066180751343,0.34314774333506
"32006029",2.777646484375,3.72660375976562,158.453598022461,407243.679743707,546562.144815721,0.948957275390625,139318.465072013,2759832.53754302,0.480784682380005,0.147561011113472
"32006030",9.0433623046875,22.83759375,149.086791992188,1325889.440191,3349474.4885931,13.7942314453125,2023585.0484021,3984275.71048995,0.563598288271015,0.332780544453826
"32006031",5.12172705078125,5.12172705078125,152.30419921875,750920.242203668,751177.829062179,0,257.586858510971,3101945.46361767,0.538552915271526,0.242080414053411
"32006032",0,0,1.87399995326996,0,0,0,0,2394894.38411085,0.384000871329593,0
"32006033",1.24220129394531,1.24220129394531,155.019912719727,182124.913582195,182187.387573052,0,62.4739908576012,2563739.78582813,0.429749715596515,0.0710387671123826
"32006034",1.24220129394531,3.51347583007813,139.25505065918,182124.913582195,515303.748195238,2.27127453613281,333178.834613044,2898133.84654498,0.38016409943819,0.0628421333263525
"32006035",0,0,1.87399995326996,0,0,0,0,2399567.83965703,0.383252982075456,0
"32006036",1.24220129394531,1.24220129394531,152.816497802734,182124.913582195,182187.387573052,0,62.4739908576012,2618223.47055511,0.420806877722135,0.069560492307244
"32006037",10.014947265625,10.014947265625,142.805297851562,1468338.0335961,1468841.71502596,0,503.681429862976,4214816.06606713,0.566567918126319,0.348375352703402
"32006038",11.7189033203125,7.556015625,151.872222900391,1718162.96190718,1108202.63502359,-4.1628876953125,-609960.326883584,4163411.21794449,0.633568089738299,0.412681542121475
"32006039",4.96880517578125,4.96880517578125,150.774337768555,728499.654328778,728749.550292209,0,249.895963430405,3344246.44044696,0.492828867106283,0.217836713681727
"32006040",1.24220129394531,1.24220129394531,157.639068603516,182124.913582195,182187.387573052,0,62.4739908576012,2495789.23447839,0.441450114698237,0.0729728740977834
"32006041",2.777646484375,2.777646484375,141.476516723633,407243.679743707,407383.375831544,0,139.696087837219,3327776.95883562,0.398730211308662,0.1223770958154
"32006042",1.24220129394531,1.24220129394531,153.371475219727,182124.913582195,182187.387573052,0,62.4739908576012,2561175.2316481,0.430180032279217,0.0711098996006604
"32006043",6.21100634765625,6.21100634765625,139.683853149414,910624.550013676,910936.919961825,0,312.369948148727,3672382.30319505,0.498386586457032,0.247965618726954
"32006044",0,0,1.87399995326996,0,0,0,0,2463627.792152,0.373287528729168,0
"32006045",1.24220129394531,1.24220129394531,136.423400878906,182124.913582195,182187.387573052,0,62.4739908576012,2749515.79601188,0.400712898402403,0.0662389042632028
"32006046",6.3340087890625,7.2432158203125,153.277069091797,928658.510468155,1062325.86808804,0.90920703125,133667.357619882,3454827.87457333,0.5349904851446,0.26880022512926
"32006047",0,0,1.77699995040894,0,0,0,0,2374083.11937708,0.387367031396194,0
"32006048",6.21100634765625,1.24220129394531,165.670150756836,910624.550013676,182187.387573052,-4.96880505371094,-728437.162440624,3057900.7017539,0.598536793299017,0.297794022379921
"32006049",1.24220129394531,1.24220129394531,160.38200378418,182124.913582195,182187.387573052,0,62.4739908576012,2406198.90445882,0.457886686666458,0.0756898830120432
"32006050",1.24220129394531,1.24220129394531,155.47981262207,182124.913582195,182187.387573052,0,62.4739908576012,2684537.41183464,0.410412028145345,0.0678421961188942
"32006051",7.95396923828125,3.51347583007813,158.677047729492,1166168.45210047,515303.748195238,-4.44049340820312,-650864.703905232,3369947.77122623,0.61894430535415,0.346049414194966
"32006052",5.55529296875,4.4788203125,154.892425537109,814487.359487414,656885.946038485,-1.07647265625,-157601.41344893,3081146.93807915,0.562819276256075,0.264345510245345
"32006053",0,0,1.87399995326996,0,0,0,0,2423000.51351805,0.3795465684428,0
"32006054",7.85637109375,7.85637109375,152.044418334961,1151859.13385618,1152254.25408208,0,395.120225906372,3957130.83984858,0.523485512087934,0.291084419614554
"32006055",14.958083984375,14.958083984375,134.172134399414,2193074.31596464,2193826.60241503,0,752.286450386047,4968094.505142,0.626541190588037,0.441431682447827
"32006056",3.72660375976562,3.72660375976562,154.211700439453,546374.722849287,546562.144815721,0,187.421966433525,2750938.9698241,0.532914858952302,0.198613901959527
"32006057",0,0,1.87399995326996,0,0,0,0,2277216.36588381,0.403844599054598,0
"32006058",11.4525302734375,2.48440258789062,154.536010742188,1679108.76966056,364374.775146104,-8.96812768554688,-1314733.99451446,4158868.95538218,0.624869484415545,0.403741687385353
"32006059",6.21100634765625,6.21100634765625,151.170700073242,910624.550013676,910936.919961825,0,312.369948148727,3486604.50664201,0.524942268837179,0.261178045367328
"32006060",8.957640625,3.51347583007813,148.392120361328,1313321.38573694,515303.748195238,-5.44416479492187,-798017.637541704,3857817.0978803,0.578815132838924,0.340431221184269
"32006061",2.48440258789062,2.48440258789062,154.570541381836,364249.827164389,364374.775146104,0,124.947981715202,2725690.14120697,0.471033496432863,0.133635816359924
"32006062",0,0,1.87399995326996,0,0,0,0,2677414.53663403,0.343481189654353,0
"32006063",1.24220129394531,1.24220129394531,155.831451416016,182124.913582195,182187.387573052,0,62.4739908576012,2403027.31818442,0.458491019009944,0.0757897807503065
"32006064",2.777646484375,0,153.282760620117,407243.679743707,0,-2.777646484375,-407243.679743707,2912907.94514078,0.455519101521245,0.139806573847642
"32006065",5.12172705078125,5.12172705078125,153.955947875977,750920.242203668,751177.829062179,0,257.586858510971,3078169.79046652,0.542712678689305,0.243950234496278
"32006066",0,2.777646484375,1.87399995326996,0,407383.375831544,2.777646484375,407383.375831544,2309054.53743972,0.398276227490328,0
"32006067",0,0,1.87399995326996,0,0,0,0,2343009.57128893,0.392504384749484,0
"32006068",3.51347583007813,9.4603232421875,149.072372436523,515127.045065112,1387497.81174085,5.94684741210937,872370.766675733,3002363.18212873,0.477879752804839,0.171573861593879
"32006069",6.68945849609375,6.68945849609375,148.376037597656,980772.646471247,981109.079198346,0,336.432727098465,3782253.17350059,0.502455570670663,0.259309094732945
"32006070",6.68945849609375,5.27021337890625,154.249465942383,980772.646471247,772955.56858255,-1.4192451171875,-207817.077888697,3409631.10318389,0.557366506581187,0.287647729854238
"32006071",18.63301953125,1.75673791503906,140.614440917969,2731873.72163022,257651.874097619,-16.8762816162109,-2474221.8475326,5275545.96483847,0.692158740765125,0.517837156540415
"32006072",2.48440258789062,1.75673791503906,138.471786499023,364249.827164389,257651.874097619,-0.727664672851562,-106597.95306677,2922399.61620582,0.439327787440718,0.124640663496014
"32006073",17.301861328125,14.9064150390625,149.85920715332,2536706.4215396,2186248.57926288,-2.3954462890625,-350457.842276722,5293246.8035161,0.652973133518846,0.479234487962014
"32006074",0,0,1.87399995326996,0,0,0,0,2354412.09461607,0.390603468417401,0
"32006075",1.75673791503906,1.75673791503906,160.442596435547,257563.522532556,257651.874097619,0,88.3515650629997,2483082.53132205,0.474090183440944,0.103727330559337
"32006076",1.24220129394531,1.24220129394531,159.887435913086,182124.913582195,182187.387573052,0,62.4739908576012,2450203.45723436,0.449663247584638,0.0743305267342027
"32006077",2.48440258789062,2.48440258789062,158.437973022461,364249.827164389,364374.775146104,0,124.947981715202,2631468.86681513,0.487899124932153,0.138420724545847
"32006078",0,2.777646484375,1.87399995326996,0,407383.375831544,2.777646484375,407383.375831544,2364088.33371053,0.389004724200598,0
"32006079",0,0,1.77699995040894,0,0,0,0,2330900.78891275,0.394543403398085,0
"32006080",2.48440258789062,1.24220129394531,153.397201538086,364249.827164389,182187.387573052,-1.24220129394531,-182062.439591337,2636528.0499272,0.486962904658175,0.138155111672127
"32006081",5.27021337890625,6.21100634765625,160.558395385742,772690.513905779,910936.919961825,0.940792968749999,138246.406056046,3067104.10264673,0.551768700216701,0.251928362405108
"32006082",0,0,1.87399995326996,0,0,0,0,2319316.51630815,0.396514026341168,0
"32006083",4.4788203125,4.4788203125,154.573593139648,656660.692868471,656885.946038485,0,225.253170013428,2898053.956511,0.543917486273139,0.226586772614487
"32006084",0,0,1.87399995326996,0,0,0,0,2337389.40439456,0.393448147113137,0
"32006085",0,0,1.87399995326996,0,0,0,0,2326811.77504167,0.39523675275558,0
"32006086",0,0,1.77699995040894,0,0,0,0,2301010.97435959,0.399668467681632,0
"32006087",1.75673791503906,1.75673791503906,163.355499267578,257563.522532556,257651.874097619,0,88.3515650629997,2521321.33187115,0.466900048753338,0.102154183711844
"32006088",1.24220129394531,0,157.926422119141,182124.913582195,0,-1.24220129394531,-182124.913582195,2433793.69852863,0.452695084422805,0.0748316973999479
"32006089",0,0,1.77699995040894,0,0,0,0,2368736.71820722,0.38824134534333,0
"32006090",1.24220129394531,1.24220129394531,155.144683837891,182124.913582195,182187.387573052,0,62.4739908576012,2411737.00897429,0.456835235236403,0.0755160753036054
"32006091",0,0,1.77699995040894,0,0,0,0,2328121.08274083,0.395014476291004,0
"32006092",0,0,0.620999991893768,0,0,0,0,2253047.47053783,0.408176721647763,0
"32010001",7.95396923828125,1.24220129394531,331.681854248047,1166168.45210047,182187.387573052,-6.71176794433594,-983981.064527418,4100289.03101933,0.508698281160646,0.284411280102018
"32010002",8.957640625,8.957640625,129.72053527832,1313321.38573694,1313771.89207697,0,450.506340026855,3984032.58671175,0.560478075261138,0.329646245896021
"32010003",6.68945849609375,2.48440258789062,161.839050292969,980772.646471247,364374.775146104,-4.20505590820312,-616397.871325143,3656955.02519817,0.519671191911686,0.268193795032549
"32010004",15.1629990234375,15.1629990234375,224.377838134766,2223117.86362705,2223880.45586309,0,762.592236042023,5436078.75234835,0.578129850033962,0.408956154777315
"32010005",0,0,1.77699995040894,0,0,0,0,2664359.73924992,0.345164174601969,0
"32010006",16.1963232421875,3.51347583007813,174.821517944336,2374618.33698794,515303.748195238,-12.6828474121094,-1859314.5887927,5105782.64775502,0.645201743689055,0.465084101853033
"32010007",110.688421875,53.06686328125,91.8788681030273,16228544.7348933,7783048.71765244,-57.62155859375,-8445496.01724088,15623196.5586366,1.0976106074563,1.03874675544053
"32014001",0,0,1.77699995040894,0,0,0,0,2183438.63230407,0.421189547823684,0
"32014002",6.68945849609375,6.68945849609375,151.642562866211,980772.646471247,981109.079198346,0,336.432727098465,3240038.32414597,0.586540647544064,0.302704026419121
"32014003",0,0,1.87399995326996,0,0,0,0,2208730.06146197,0.416366647191011,0
"32014004",17.390818359375,17.390818359375,166.966781616211,2549748.82594532,2550623.4618296,0,874.635884284973,4772020.74560789,0.727027509127955,0.53431218384624
"32014005",3.72660375976562,3.72660375976562,153.936508178711,546374.722849287,546562.144815721,0,187.421966433525,2731765.92969985,0.536655149385833,0.200007883878001
"32014006",1.24220129394531,2.48440258789062,160.842620849609,182124.913582195,364374.775146104,1.24220129394531,182249.86156391,2257373.81772555,0.488074431966794,0.0806799973279115
"32014007",8.783689453125,5.12172705078125,156.594696044922,1287817.59476548,751177.829062179,-3.66196240234375,-536639.765703306,3403168.67786184,0.648648167035116,0.378417209567937
"32014008",2.48440258789062,2.48440258789062,157.914505004883,364249.827164389,364374.775146104,0,124.947981715202,2496923.87061215,0.514189228000188,0.145879428464548
"32014009",1.24220129394531,1.24220129394531,159.394561767578,182124.913582195,182187.387573052,0,62.4739908576012,2362524.36643171,0.466351356827352,0.0770891154266784
"32014010",7.85637109375,1.75673791503906,161.982223510742,1151859.13385618,257651.874097619,-6.09963317871094,-894207.259758558,3423512.2754921,0.605080542262503,0.336455383000082
"32014011",0,0,1.77699995040894,0,0,0,0,2232079.82161002,0.412011040706227,0
"32014012",6.68945849609375,6.68945849609375,162.436584472656,980772.646471247,981109.079198346,0,336.432727098465,3318648.92052965,0.572646948267388,0.295533715664843
"32014013",1.75673791503906,1.75673791503906,161.595932006836,257563.522532556,257651.874097619,0,88.3515650629997,2462120.62896107,0.478126473141249,0.104610440082799
"32014014",7.85637109375,0,152.294357299805,1151859.13385618,0,-7.85637109375,-1151859.13385618,3599012.18779195,0.575574784415495,0.320048689405206
"32014015",10.014947265625,6.21100634765625,176.873550415039,1468338.0335961,910936.919961825,-3.80394091796875,-557401.113634273,4405376.24531869,0.542060298793903,0.333305931623072
"32014016",0,0,1.77699995040894,0,0,0,0,2295296.05690795,0.400663577786906,0
"32014017",8.332939453125,9.4603232421875,164.555374145508,1221731.03923112,1387497.81174085,1.1273837890625,165766.772509724,3445882.88808388,0.621429293745606,0.354548044408577
"32014018",0,0,1.87399995326996,0,0,0,0,2302256.8405447,0.399452187108427,0
"32014019",13.7205615234375,3.72660375976562,148.771713256836,2011635.38786754,546562.144815721,-9.99395776367187,-1465073.24305182,4299030.0776219,0.681846106024444,0.467927730568547
"32014020",0,0,1.77699995040894,0,0,0,0,2414958.35916176,0.380810512426445,0
"32014021",4.96880517578125,4.96880517578125,169.93815612793,728499.654328778,728749.550292209,0,249.895963430405,2967049.60807692,0.555481505965763,0.245529987886165
"32018001",1.24220129394531,0,196.520141601562,182124.913582195,0,-1.24220129394531,-182124.913582195,2830498.91750634,0.389248141735296,0.0643437495968541
"32018002",27.2436015625,3.51347583007813,181.303268432617,3994311.23153901,515303.748195238,-23.7301257324219,-3479007.48334377,7306113.80147936,0.672580922676695,0.546708050281154
"32018003",9.9376103515625,9.9376103515625,183.583984375,1456999.30865756,1457499.10058442,0,499.791926860809,4843711.22693051,0.49066526214127,0.300802265122
"32018004",26.351068359375,0,199.738891601562,3863452.78429645,0,-26.351068359375,-3863452.78429645,7879618.79328973,0.607021029825788,0.490309605787854
"32018005",21.080853515625,19.443525390625,190.336868286133,3090762.05562311,2851683.63082081,-1.637328125,-239078.424802303,6265200.72097484,0.640107757830946,0.493322112614168
"32018006",14.1632744140625,2.48440258789062,180.961166381836,2076543.58538738,364374.775146104,-11.6788718261719,-1712168.81024127,5384965.64390659,0.556398185941754,0.385618724928563
"32018007",31.055033203125,27.581345703125,191.051940917969,4553122.96483594,4045216.61979753,-3.4736875,-507906.345038414,8826147.98452955,0.620062625810207,0.515867507866018
"32018008",25.608634765625,16.1486171875,186.605834960938,3754601.13942915,2368436.09215999,-9.460017578125,-1386165.04726917,7484253.7216752,0.624543587576803,0.501666736465043
"32018009",31.8401171875,3.72660375976562,178.996017456055,4668227.78199077,546562.144815721,-28.1135134277344,-4121665.63717505,8704925.41317249,0.641920412525993,0.536274299941353
"32018010",11.4525302734375,6.21100634765625,187.672058105469,1679108.76966056,910936.919961825,-5.24152392578125,-768171.849698737,4524362.65833721,0.5743903608418,0.37112603397661
"32018011",14.486431640625,9.4603232421875,185.772064208984,2123923.17052227,1387497.81174085,-5.0261083984375,-736425.358781427,5327740.30757586,0.571267465201963,0.39865365950779
"32018012",33.74583203125,21.080853515625,187.11051940918,4947633.50546086,3091822.2743302,-12.664978515625,-1855811.23113066,8416066.91586415,0.697151661739054,0.587879535051539
"32018013",6.21100634765625,6.21100634765625,194.896240234375,910624.550013676,910936.919961825,0,312.369948148727,3556958.84545548,0.514559251252799,0.256012113037835
"32018014",5.27021337890625,3.72660375976562,184.392562866211,772690.513905779,546562.144815721,-1.54360961914063,-226128.369090058,3464298.65129689,0.488506394653116,0.223043851492572
"32018015",9.0433623046875,1.24220129394531,190.968719482422,1325889.440191,182187.387573052,-7.80116101074219,-1143702.05261795,4417294.63370267,0.508349828716239,0.300158705755068
"32018016",37.36941015625,37.36941015625,189.196533203125,5478903.16046011,5480782.57903731,0,1879.41857719421,10043245.8168851,0.63709928118493,0.545531122144674
"32022001",27.2436015625,12.234263671875,198.221694946289,3994311.23153901,1794337.63925618,-15.009337890625,-2199973.59228283,7899839.7755867,0.62203195271957,0.505619271403813
"32022002",0,0,1.87399995326996,0,0,0,0,2795450.87976821,0.328977889361865,0
"32022003",6.21100634765625,6.3340087890625,199.332778930664,910624.550013676,928977.066574246,0.12300244140625,18352.5165605694,3955786.43529339,0.462680710951689,0.230200635173101
"32022004",89.9374296875,89.9374296875,205.195220947266,13186145.1839397,13190668.4042804,0,4523.22034072876,20593874.8445028,0.684950589468398,0.640294518807349
"32022005",7.2432158203125,6.21100634765625,191.125274658203,1061961.58526114,910936.919961825,-1.03220947265625,-151024.665299311,4086855.02029127,0.484872378800661,0.259848117926495
"32022006",17.2572109375,15.0095751953125,188.059036254883,2530160.019943,2201378.55816439,-2.2476357421875,-328781.461778611,5865074.83181299,0.588193953037344,0.43139432871667
"32022007",2.777646484375,2.777646484375,197.765716552734,407243.679743707,407383.375831544,0,139.696087837219,3070133.34711466,0.432191393651237,0.132646902821481
"32022008",12.668017578125,12.668017578125,189.805236816406,1857317.02093631,1857954.13314849,0,637.112212181091,5042835.54524801,0.550674025805585,0.368308068798021
"32022009",4.4788203125,4.4788203125,181.919845581055,656660.692868471,656885.946038485,0,225.253170013428,3423601.89659437,0.46042217253046,0.1918040451846
"32022010",42.23484375,41.7571796875,199.326202392578,6192247.02600002,6124314.56702304,-0.477664062500004,-67932.458976984,11109308.7657646,0.640173813348095,0.557392647604015
"32022011",21.226744140625,2.48440258789062,190.680252075195,3112151.75920826,364374.775146104,-18.7423415527344,-2747776.98406216,6706007.16443521,0.601221142564756,0.464084168551641
"32022012",3.72660375976562,3.72660375976562,186.97265625,546374.722849287,546562.144815721,0,187.421966433525,3153652.87014505,0.464862910870331,0.17325138350568
"32022013",15.8106416015625,15.8106416015625,191.087066650391,2318071.7564849,2318866.92058888,0,795.164103984833,5413226.00351123,0.598111603806253,0.428223716316537
"32022014",17.7856171875,7.85637109375,203.729949951172,2607632.11974406,1152254.25408208,-9.92924609375,-1455377.86566198,6157498.07387002,0.572842022469049,0.423488905471172
"32022015",2.48440258789062,2.48440258789062,194.211135864258,364249.827164389,364374.775146104,0,124.947981715202,3259521.17147473,0.393889559190814,0.111749489572908
"32026001",6.21100634765625,2.777646484375,124.048408508301,910624.550013676,407383.375831544,-3.43335986328125,-503241.174182132,7601360.8431259,0.240781370339726,0.119797568988871
"32026002",4.96880517578125,4.96880517578125,121.764701843262,728499.654328778,728749.550292209,0,249.895963430405,5076729.72374788,0.324646233747689,0.143497821229484
"32026003",13.888232421875,13.888232421875,123.165550231934,2036218.39871854,2036916.87915772,0,698.480439186096,6133043.45219963,0.481956462887822,0.332007821987343
"32026004",0,0,1.77699995040894,0,0,0,0,5705499.5258393,0.161185103263265,0
"32026005",76.6650625,8.783689453125,114.0166015625,11240221.6538029,1288259.35258466,-67.881373046875,-9951962.30121821,20560429.6277501,0.591420675744624,0.546691963996321
"32026006",13.7205615234375,9.9376103515625,110.245178222656,2011635.38786754,1457499.10058442,-3.782951171875,-554136.287283123,6549004.08731271,0.447591248841511,0.307166610533142
"32030001",10.6133720703125,7.45320751953125,171.009399414062,1556075.87960413,1093124.28963144,-3.16016455078125,-462951.58997269,3984638.01562165,0.621315512259601,0.390518755656997
"32030002",34.1096796875,6.21100634765625,174.174865722656,5000978.90388751,910936.919961825,-27.8986733398437,-4090041.98392569,8372692.75323328,0.707134563350848,0.597296359878521
"32030003",25.84853515625,16.573033203125,168.120697021484,3789774.05232489,2430683.04481393,-9.275501953125,-1359091.00751096,6735371.81650539,0.699206474544602,0.562667385791212
"32030004",0,0,1.77699995040894,0,0,0,0,2572117.90633887,0.357542524770929,0
"32030005",14.9064150390625,4.4788203125,177.474792480469,2185498.89139715,656885.946038485,-10.4275947265625,-1528612.94535866,5308736.99190987,0.584911331333625,0.411679632034454
"32030006",15.11203125,4.96880517578125,174.886642456055,2215645.24113178,728749.550292209,-10.1432260742187,-1486895.69083957,5347309.40033084,0.586329785065124,0.414347679413258
"32030007",22.3941015625,12.234263671875,163.840438842773,3283303.46434236,1794337.63925618,-10.159837890625,-1488965.82508618,6386721.53626761,0.658075504109024,0.514082764638759
"32030008",3.51347583007813,3.51347583007813,167.147903442383,515127.045065112,515303.748195238,0,176.703130125999,2658351.53413695,0.539721160607088,0.193776872038991
"32030009",14.9064150390625,14.9064150390625,176.601287841797,2185498.89139715,2186248.57926288,0,749.6878657341,4661211.89578945,0.666165900855738,0.468869242647249
"32030010",16.895765625,15.1629990234375,165.608642578125,2477166.84031534,2223880.45586309,-1.7327666015625,-253286.384452254,5088684.7668873,0.667521869827683,0.486799036252859
"32030011",0,0,1.87399995326996,0,0,0,0,2463783.65000288,0.373263914727189,0
"32034001",19.875220703125,7.2432158203125,190.206985473633,2913998.61731511,1062325.86808804,-12.6320048828125,-1851672.74922708,6435708.65432074,0.595682675128906,0.452785974914937
"32034002",6.21100634765625,1.24220129394531,200.138198852539,910624.550013676,182187.387573052,-4.96880505371094,-728437.162440624,4043495.86342867,0.452644479448688,0.225207241646963
"32034003",41.29268359375,12.4839677734375,209.757904052734,6054112.54016912,1830960.47820482,-28.8087158203125,-4223152.0619643,11390284.0317124,0.612254624291541,0.531515502450463
"32034004",20.674349609375,20.674349609375,193.732467651367,3031162.6258387,3032202.40025753,0,1039.77441883087,7195942.42935782,0.549032207367478,0.421232195170467
"32034005",26.115787109375,26.115787109375,196.942993164062,3828957.10510772,3830270.5455727,0,1313.44046497345,8547398.22302216,0.555560711159851,0.447967557518795
"32038001",2.48440258789062,1.24220129394531,170.871627807617,364249.827164389,182187.387573052,-1.24220129394531,-182062.439591337,3496097.80553011,0.367235537682742,0.104187539201055
"32038002",0,0,1.77699995040894,0,0,0,0,3119658.36089279,0.294789180049103,0
"32038003",16.1963232421875,5.12172705078125,231.351852416992,2374618.33698794,751177.829062179,-11.0745961914063,-1623440.50792576,6373107.79377238,0.516900070393901,0.372599744712988
"32038004",7.95396923828125,1.75673791503906,179.64567565918,1166168.45210047,257651.874097619,-6.19723132324219,-908516.578002851,4457850.45515417,0.467895907080008,0.261598827468998
"32038005",63.65599609375,10.014947265625,159.235733032227,9332901.8767494,1468841.71502596,-53.641048828125,-7864060.16172343,10227048.9566469,1.00249284524319,0.912570372578853
"32038006",3.72660375976562,3.72660375976562,111.252151489258,546374.722849287,546562.144815721,0,187.421966433525,3719012.97044736,0.394194982577287,0.146913906240979
"32042001",6.68945849609375,6.68945849609375,153.901657104492,980772.646471247,981109.079198346,0,336.432727098465,3652148.9049352,0.520355063875985,0.268546730158214
"32042002",6.21100634765625,4.4788203125,151.792922973633,910624.550013676,656885.946038485,-1.73218603515625,-253738.603975192,3299639.78105335,0.554686632996742,0.275976958225111
"32042003",0,0,1.87399995326996,0,0,0,0,2727151.20724586,0.337216919911697,0
"32042004",2.48440258789062,2.48440258789062,140.446166992188,364249.827164389,364374.775146104,0,124.947981715202,2943330.61340061,0.436203582281892,0.123754302525855
"32042005",7.2432158203125,1.24220129394531,154.693176269531,1061961.58526114,182187.387573052,-6.00101452636719,-879774.197688084,3496903.92317266,0.56667359442469,0.303686234621408
"32042006",126.7106171875,5.55529296875,141.071182250977,18577633.3656242,814766.751663089,-121.15532421875,-17762866.6139611,20582830.7015222,0.947259158791176,0.902579126992979
"32042007",12.4839677734375,12.4839677734375,138.704956054688,1830332.62240371,1830960.47820482,0,627.855801105499,4549372.58594689,0.604473276411643,0.402326384094732
"32046001",41.73869921875,7.02695166015625,188.820861816406,6119504.96694839,1030607.49639048,-34.7117475585937,-5088897.47055791,10006007.7249313,0.703492011069547,0.611583074406475
"32046002",6.21100634765625,6.21100634765625,161.905746459961,910624.550013676,910936.919961825,0,312.369948148727,3596757.4716757,0.508865580920552,0.253179303076396
"32046003",13.3789169921875,13.3789169921875,133.782180786133,1961545.29294249,1962218.15839669,0,672.86545419693,4560204.46046626,0.631810886586611,0.430144154707908
"32046004",9.9376103515625,7.45320751953125,164.126327514648,1456999.30865756,1093124.28963144,-2.48440283203125,-363875.019026116,3889307.54286121,0.611070431614691,0.374616636149503
"32046005",12.297166015625,3.51347583007813,163.413360595703,1802944.74721438,515303.748195238,-8.78369018554688,-1287640.99901914,4639261.84828209,0.586857643843376,0.388627502860612
"32046006",20.562091796875,20.562091796875,173.279830932617,3014703.98543948,3015738.11407965,0,1034.12864017487,5873810.38110548,0.66981146145544,0.51324503002974
"32050001",0,0,1.87399995326996,0,0,0,0,2883473.68949942,0.318935294464424,0
"32050002",1.24220129394531,1.24220129394531,107.094215393066,182124.913582195,182187.387573052,0,62.4739908576012,3084018.71081339,0.357250246232302,0.0590544126543774
"32050003",5.27021337890625,5.27021337890625,132.626449584961,772690.513905779,772955.56858255,0,265.054676771164,3487688.30280276,0.4852303007659,0.221548041803172
"32050004",16.1486171875,9.9376103515625,169.82893371582,2367623.93026042,1457499.10058442,-6.2110068359375,-910124.829676002,5232829.83645612,0.628200335810575,0.452455746557176
"32050005",0,1.24220129394531,1.87399995326996,0,182187.387573052,1.24220129394531,182187.387573052,2906640.73040518,0.316393257901096,0
"32050006",13.6642138671875,13.6642138671875,143.284225463867,2003373.99571225,2004061.20959327,0,687.213881015778,4705971.9677032,0.621128971021002,0.425708867256602
"32050007",21.080853515625,11.4525302734375,105.793533325195,3090762.05562311,1679684.75140771,-9.6283232421875,-1411077.3042154,4741504.27743909,0.845808281761178,0.651852634685896
"32050008",6.21100634765625,6.21100634765625,136.728240966797,910624.550013676,910936.919961825,0,312.369948148727,3673832.66917758,0.498189832000246,0.24786772616335
"32050009",17.7856171875,15.11203125,130.216903686523,2607632.11974406,2216405.27004719,-2.6735859375,-391226.849696875,5449790.11566974,0.647231099752453,0.478483035933137
"32050010",20.486908203125,1.24220129394531,131.084823608398,3003680.96881467,182187.387573052,-19.2447069091797,-2821493.58124162,5860568.94754548,0.669443962552263,0.51252378321949
"32050011",11.7845556640625,13.7205615234375,142.075653076172,1727788.55760589,2012325.43563947,1.936005859375,284536.878033578,4520887.63304525,0.58559962174143,0.382179053727566
"32050012",1.24220129394531,1.24220129394531,144.80827331543,182124.913582195,182187.387573052,0,62.4739908576012,3011491.63716992,0.36585406056731,0.0604766459698186
"32050013",37.36941015625,21.729646484375,147.255981445312,5478903.16046011,3186977.46103662,-15.639763671875,-2291925.69942349,8422022.75644111,0.759739658243914,0.650544806028918
"32050014",7.2432158203125,1.24220129394531,118.38484954834,1061961.58526114,182187.387573052,-6.00101452636719,-879774.197688084,3857817.0978803,0.513659166628417,0.275275254973761
"32050015",8.6954091796875,9.4603232421875,114.609230041504,1274874.41297266,1387497.81174085,0.764914062499999,112623.398768187,4363667.7736931,0.502906283664278,0.292156616655922
"32050016",46.3792109375,33.3317578125,112.009841918945,6799871.98948646,4888600.50997853,-13.047453125,-1911271.47950792,8759481.91574326,0.881275124942404,0.776287005886178
"32050017",18.086724609375,18.086724609375,147.111114501953,2651778.880382,2652688.51545757,0,909.635075569153,5311312.26381452,0.672417706440398,0.49927000121012
"32054001",3.51347583007813,3.51347583007813,231.503890991211,515127.045065112,515303.748195238,0,176.703130125999,4780842.95249502,0.300107865822543,0.107748162862425
"32054002",24.59433203125,1.75673791503906,180.548400878906,3605889.49442875,257651.874097619,-22.8375941162109,-3348237.62033113,8092648.76114854,0.559215055322306,0.445575929569566
"32054003",17.435125,9.0433623046875,208.712478637695,2556244.82875443,1326344.25772879,-8.3917626953125,-1229900.57102564,6486526.07773335,0.535862542960739,0.394085339073774
"32054004",23.33884375,10.5404267578125,235.6884765625,3421816.51379299,1545911.1371651,-12.7984169921875,-1875905.37662789,7873563.85249904,0.55139681665958,0.434595639013827
"32054005",25.608634765625,14.1632744140625,245.649078369141,3754601.13942915,2077255.89850488,-11.4453603515625,-1677345.24092427,8736725.2221018,0.53501083653694,0.429749253179088
"32054006",13.20478125,5.55529296875,189.500564575195,1936014.44125843,814766.751663089,-7.64948828125,-1121247.68959534,5385001.70658169,0.530298062488836,0.359519745164089
"32054007",39.692171875,5.12172705078125,203.242416381836,5819454.06743574,751177.829062179,-34.5704448242187,-5068276.23837356,10744358.0508346,0.62722180011054,0.541628828814365
"32054008",10.6133720703125,7.45320751953125,201.739028930664,1556075.87960413,1093124.28963144,-3.16016455078125,-462951.58997269,4981828.96898694,0.496949498920371,0.312350321396232
"32054009",11.7189033203125,0,201.302963256836,1718162.96190718,0,-11.7189033203125,-1718162.96190718,5213785.27090756,0.505928870309792,0.329542332994488
"32054010",38.50823828125,34.447296875,207.154342651367,5645872.05258858,5052210.98802519,-4.06094140625,-593661.064563394,10279858.1678853,0.638677448229822,0.549216921127034
"32054011",23.73222265625,18.086724609375,206.319000244141,3479491.62623656,2652688.51545757,-5.645498046875,-826803.110778987,7633283.71435089,0.576309399872943,0.455831560366998
"32054012",6.21100634765625,6.21100634765625,195.998092651367,910624.550013676,910936.919961825,0,312.369948148727,4267637.00076105,0.428871077818521,0.213379101795979
"32054013",47.997859375,12.234263671875,197.628555297852,7037189.57097387,1794337.63925618,-35.763595703125,-5242851.93171769,12635105.9295444,0.629739959885062,0.556955328290439
"32054014",8.957640625,8.957640625,212.592132568359,1313321.38573694,1313771.89207697,0,450.506340026855,4908734.18659596,0.454895871541649,0.267547871979535
"32054015",5.12172705078125,5.12172705078125,199.757064819336,750920.242203668,751177.829062179,0,257.586858510971,3968637.05028704,0.420940930419363,0.189213634980643
"32058001",12.4220126953125,12.4220126953125,148.571899414062,1821249.10002735,1821873.83992365,0,624.739896297455,5595043.66799705,0.489878326767282,0.32551115024261
"32058002",12.4220126953125,0,130.257446289062,1821249.10002735,0,-12.4220126953125,-1821249.10002735,5935345.76907174,0.461791231195101,0.306848020467085
"32058003",12.4220126953125,5.55529296875,104.264671325684,1821249.10002735,814766.751663089,-6.8667197265625,-1006482.34836426,9206610.64499497,0.297708976295018,0.197819715664575
"32058004",26.584267578125,6.68945849609375,135.903961181641,3897643.20719272,981109.079198346,-19.8948090820313,-2916534.12799437,8856598.98881326,0.543920385637685,0.440083514237894
"32058005",1.24220129394531,1.24220129394531,119.588562011719,182124.913582195,182187.387573052,0,62.4739908576012,4394339.32318132,0.250724025341192,0.041445345975318
"32062001",43.63646484375,0,129.372589111328,6397745.21845758,0,-43.63646484375,-6397745.21845758,9177082.95121724,0.797354321367219,0.697143662367026
"32062002",3.72660375976562,3.72660375976562,135.67414855957,546374.722849287,546562.144815721,0,187.421966433525,5402613.77493232,0.271353147599111,0.101131553283416
"32062003",1.24220129394531,1.24220129394531,133.94694519043,182124.913582195,182187.387573052,0,62.4739908576012,3387106.05374759,0.325282535102225,0.0537700652687525
"32062004",13.3789169921875,7.95396923828125,105.524017333984,1961545.29294249,1166568.48082681,-5.42494775390625,-794976.812115684,5595983.00780314,0.514866971391055,0.350527385484781
"32062005",22.905060546875,22.905060546875,135.647109985352,3358217.53932112,3359369.50281543,0,1151.96349430084,6572953.15930414,0.650827560440873,0.510914570350696
"32062006",2.48440258789062,2.48440258789062,133.493606567383,364249.827164389,364374.775146104,0,124.947981715202,3881538.23375314,0.330768700470557,0.0938416177372517
"32062007",38.00405078125,0,136.969863891602,5571950.77645218,0,-38.00405078125,-5571950.77645218,8368741.65625998,0.775695149083407,0.665805088186019
"32066001",17.654998046875,1.24220129394531,166.937408447266,2588481.43956488,182187.387573052,-16.4127967529297,-2406294.05199183,5802756.16776614,0.604561499463505,0.446077926545268
"32066002",16.1963232421875,16.1963232421875,196.665374755859,2374618.33698794,2375432.89816663,0,814.561178684235,6690162.50700449,0.492403564753445,0.354941802161271
"32066003",11.1798115234375,11.1798115234375,197.674026489258,1639124.20434245,1639686.47025403,0,562.265911579132,5482954.88402007,0.466676416039976,0.298949059223456
"32066004",35.3318359375,8.6954091796875,188.510131835938,5180164.9202764,1275311.7309148,-26.6364267578125,-3904853.1893616,9873809.6582334,0.617776386385059,0.524636903037407
"32066005",7.85637109375,7.85637109375,112.258491516113,1151859.13385618,1152254.25408208,0,395.120225906372,4013590.69228116,0.516121553720202,0.286989686335332
"32066006",6.21100634765625,6.21100634765625,177.928634643555,910624.550013676,910936.919961825,0,312.369948148727,4037912.73322542,0.45327034068728,0.225518630583748
"32066007",3.928185546875,3.72660375976562,183.828231811523,575929.566928089,546562.144815721,-0.201581787109375,-29367.422112368,3536388.34308198,0.422909180801565,0.16285812276662
"32066008",1.24220129394531,1.24220129394531,187.990127563477,182124.913582195,182187.387573052,0,62.4739908576012,3000149.77147997,0.367237147390682,0.0607052738878275
"32066009",8.6954091796875,8.6954091796875,159.390960693359,1274874.41297266,1275311.7309148,0,437.317942142487,4437059.02535628,0.494587953568493,0.287324195077683
"32066010",1.24220129394531,1.24220129394531,203.479675292969,182124.913582195,182187.387573052,0,62.4739908576012,3597910.93349363,0.306223934996989,0.0506196281533152
"32066011",43.9535703125,2.48440258789062,98.2797622680664,6444237.52721143,364374.775146104,-41.4691677246094,-6079862.75206532,7952210.63660621,0.926016600158249,0.81037057765382
"32066012",1.24220129394531,1.24220129394531,182.527496337891,182124.913582195,182187.387573052,0,62.4739908576012,3097050.14064687,0.355747047606078,0.0588059299369803
"32066013",0,0,1.77699995040894,0,0,0,0,3126197.99680458,0.29417251600216,0
"32070001",11.1105859375,2.48440258789062,145.778564453125,1628974.71897483,364374.775146104,-8.62618334960938,-1264599.94382872,4310318.10654362,0.59128263534578,0.377924477662527
"32070002",0,0,1.77699995040894,0,0,0,0,2817446.20857465,0.32640961429612,0
"32070003",1.24220129394531,1.24220129394531,150.589477539062,182124.913582195,182187.387573052,0,62.4739908576012,2909564.56819261,0.378670559803907,0.0625952472659263
"32070004",0,0,1.77699995040894,0,0,0,0,2838139.12352092,0.324029756899314,0
"32070005",1.24220129394531,1.24220129394531,152.437576293945,182124.913582195,182187.387573052,0,62.4739908576012,2754233.85301911,0.400026469290321,0.0661254357114791
"32070006",1.24220129394531,0,145.107879638672,182124.913582195,0,-1.24220129394531,-182124.913582195,2928600.68792942,0.3762091733312,0.0621883735576668
"32070007",1.24220129394531,1.24220129394531,148.42219543457,182124.913582195,182187.387573052,0,62.4739908576012,2896581.96908834,0.380367776773076,0.0628758017296904
"32070008",48.5095078125,21.15392578125,160.837097167969,7112204.72988439,3102539.41433251,-27.35558203125,-4009665.31555188,11299369.1354901,0.710822539189214,0.629433789143654
"32070009",17.390818359375,14.958083984375,153.079315185547,2549748.82594532,2193826.60241503,-2.432734375,-355922.223530293,5280392.56177946,0.657032657249459,0.482871073715411
"32070010",29.83869921875,11.248611328125,90.6880645751953,4374790.5779103,1649776.98999721,-18.590087890625,-2725013.5879131,6696154.36879345,0.790667570751539,0.653328811877224
"32070011",8.957640625,8.957640625,146.190643310547,1313321.38573694,1313771.89207697,0,450.506340026855,4074577.61147625,0.548023164336988,0.322320866348921
"32070012",5.27021337890625,5.27021337890625,218.662475585938,772690.513905779,772955.56858255,0,265.054676771164,3575941.15377423,0.473255003752094,0.216080321425379
"32074001",3.928185546875,3.928185546875,147.962036132812,575929.566928089,576127.127041042,0,197.560112953186,3161974.91769746,0.472986388601107,0.182142357836121
"32074002",3.72660375976562,3.72660375976562,149.862060546875,546374.722849287,546562.144815721,0,187.421966433525,3101772.34725674,0.47263824967257,0.17614920170802
"32074003",12.668017578125,9.0433623046875,150.057006835938,1857317.02093631,1326344.25772879,-3.6246552734375,-530972.763207525,4437136.34862501,0.625844764053229,0.418584617421518
"32074004",1.24220129394531,1.24220129394531,184.989013671875,182124.913582195,182187.387573052,0,62.4739908576012,2570481.77742721,0.428622545974968,0.0708524429861873
"32074005",6.21100634765625,6.21100634765625,143.035369873047,910624.550013676,910936.919961825,0,312.369948148727,3208849.85322364,0.570380717070913,0.283785341061956
"32078001",15.56473828125,15.56473828125,103.420776367188,2282018.72612679,2282801.52302277,0,782.796895980835,10044426.9459382,0.318749917103275,0.227192525607406
"32078002",43.38822265625,34.35758984375,111.892456054688,6361349.27589476,5039054.11099565,-9.0306328125,-1322295.16489911,11589102.9591286,0.62826181041049,0.548907823006614
"32078003",28.326548828125,28.326548828125,104.525016784668,4153087.17077476,4154511.79700977,0,1424.62623500824,10787301.9448675,0.470249996425587,0.384997767931281
"32078004",37.2660390625,37.2660390625,104.238723754883,5463747.44326043,5465621.66299844,0,1874.21973800659,9957272.68048305,0.641078052026559,0.54871927470358
"32082001",1.24220129394531,0,158.604019165039,182124.913582195,0,-1.24220129394531,-182124.913582195,2293338.29187106,0.480420375715357,0.0794147615411789
"32082002",0,0,1.87399995326996,0,0,0,0,2198794.76947652,0.418248007047906,0
"32082003",7.85637109375,7.85637109375,158.400268554688,1151859.13385618,1152254.25408208,0,395.120225906372,3429148.03329687,0.60408610068242,0.335902423188407
"32082004",1.24220129394531,1.24220129394531,177.143157958984,182124.913582195,182187.387573052,0,62.4739908576012,2365164.46070674,0.465830796178077,0.0770030653715191
"32082005",6.68945849609375,6.68945849609375,185.693466186523,980772.646471247,981109.079198346,0,336.432727098465,3846764.32594946,0.494029271274138,0.254960419554471
"32082006",4.96880517578125,4.96880517578125,159.645614624023,728499.654328778,728749.550292209,0,249.895963430405,2874892.75410443,0.573287884292963,0.253400636698087
"32082007",6.3340087890625,6.3340087890625,172.520553588867,928658.510468155,928977.066574246,0,318.556106090546,3173188.55339835,0.582474066575596,0.292657840793482
"32082008",1.24220129394531,1.24220129394531,155.274932861328,182124.913582195,182187.387573052,0,62.4739908576012,2342610.35440391,0.470315706473286,0.0777444329313303
"32082009",7.45320751953125,7.45320751953125,165.093902587891,1092749.44569857,1093124.28963144,0,374.84393286705,3355456.35367703,0.599736895321031,0.325663436063205
"32082010",6.21100634765625,6.21100634765625,158.137847900391,910624.550013676,910936.919961825,0,312.369948148727,3122492.87948002,0.586155405599958,0.291633827573474
"32082011",14.958083984375,3.72660375976562,180.053131103516,2193074.31596464,546562.144815721,-11.2314802246094,-1646512.17114892,4858601.79804208,0.640660827042858,0.451379719335799
"32082012",11.1798115234375,11.1798115234375,167.196411132812,1639124.20434245,1639686.47025403,0,562.265911579132,3873167.38988167,0.66063907830783,0.423199939311823
"32082013",0,0,1.87399995326996,0,0,0,0,2262313.37387369,0.406504925825657,0
"32082014",29.83869921875,29.83869921875,190.125717163086,4374790.5779103,4376291.25467765,0,1500.67676734924,7929189.55503293,0.667714155577307,0.551732374102908
"32082015",13.6642138671875,13.6642138671875,163.122528076172,2003373.99571225,2004061.20959327,0,687.213881015778,4196628.91067379,0.696515128730756,0.477376970505262
"32082016",2.777646484375,2.777646484375,171.981475830078,407243.679743707,407383.375831544,0,139.696087837219,2624198.29015311,0.505634507485028,0.155187845854417
"32082017",26.115787109375,1.75673791503906,184.174926757812,3828957.10510772,257651.874097619,-24.3590491943359,-3571305.23101011,6903664.3078575,0.687837418448049,0.554626779976793
"32082018",30.4529375,21.226744140625,193.242935180664,4464846.91132164,3113219.31518799,-9.226193359375,-1351627.59613365,7988768.3184109,0.674007334666781,0.558890523966249
"32082019",17.2572109375,3.928185546875,179.609786987305,2530160.019943,576127.127041042,-13.329025390625,-1954032.89290196,5197241.06668103,0.663775550512797,0.486827527813476
"32086001",1.24220129394531,1.24220129394531,184.340377807617,182124.913582195,182187.387573052,0,62.4739908576012,2635916.1048701,0.417982363622079,0.0690935926396526
"32086002",6.21100634765625,0,178.087661743164,910624.550013676,0,-6.21100634765625,-910624.550013676,3565880.13500591,0.513271902296166,0.255371609683164
"32086003",1.24220129394531,8.957640625,182.918045043945,182124.913582195,1313771.89207697,7.71543933105469,1131646.97849477,2884144.61877991,0.382008043788454,0.0631469422151375
"32086004",7.02695166015625,6.68945849609375,179.223754882812,1030254.09013022,981109.079198346,-0.3374931640625,-49145.0109318793,3806784.82477218,0.512215875108683,0.270636281679483
"32086005",5.12172705078125,0,182.422729492188,750920.242203668,0,-5.12172705078125,-750920.242203668,3247390.88579482,0.514431995160233,0.231238021110562
"32086006",7.556015625,6.21100634765625,176.019973754883,1107822.62056589,910936.919961825,-1.34500927734375,-196885.700604066,3717341.14271776,0.545407072681126,0.298014784770589
"32086007",15.7127421875,18.63301953125,191.771530151367,2303718.26771235,2732810.83149922,2.92027734375,429092.563786864,5314040.17124217,0.606574224898982,0.433515403248044
"32086008",21.371638671875,18.63301953125,179.742218017578,3133395.42085236,2732810.83149922,-2.738619140625,-400584.589353144,6731374.72635278,0.602111324337059,0.46549115867601
"32086009",8.332939453125,8.332939453125,188.562271118164,1221731.03923112,1222150.12749463,0,419.088263511658,3877863.08961231,0.552204273329857,0.315052649100427
"32086010",9.4603232421875,9.4603232421875,193.162002563477,1387022.02399966,1387497.81174085,0,475.787741184235,4750421.39479689,0.485570302619269,0.291978733827458
"32086011",13.888232421875,13.888232421875,170.647155761719,2036218.39871854,2036916.87915772,0,698.480439186096,4806246.38643272,0.615003828622557,0.42366084361935
"32086012",13.888232421875,2.777646484375,172.530700683594,2036218.39871854,407383.375831544,-11.1105859375,-1628835.02288699,4566665.95139507,0.647268698963293,0.445887310434102
"32086013",8.783689453125,8.783689453125,178.711166381836,1287817.59476548,1288259.35258466,0,441.75781917572,3728269.30451005,0.592086822251832,0.345419681246638
"32086014",33.44729296875,6.21100634765625,192.643508911133,4903863.30394542,910936.919961825,-27.2362866210937,-3992926.3839836,8629349.54813625,0.674848643191663,0.568277281687419
"32086015",12.234263671875,12.234263671875,184.060134887695,1793722.34181565,1794337.63925618,0,615.29744052887,4481689.66016614,0.605433235632826,0.400233500717039
"32090001",20.674349609375,9.9376103515625,202.843612670898,3031162.6258387,1457499.10058442,-10.7367392578125,-1573663.52525428,6633335.66201142,0.595598407405425,0.456959029406264
"32090002",1.75673791503906,2.777646484375,177.313217163086,257563.522532556,407383.375831544,1.02090856933594,149819.853298988,2846694.30188738,0.413534060187979,0.0904781108255248
"32090003",4.96880517578125,6.68945849609375,170.439636230469,728499.654328778,981109.079198346,1.7206533203125,252609.424869567,3428825.3430942,0.480672247680717,0.212463331151004
"32090004",0,0,1.77699995040894,0,0,0,0,2704080.85376914,0.340093946879974,0
"32090005",4.4788203125,2.48440258789062,168.06591796875,656660.692868471,364374.775146104,-1.99441772460938,-292285.917722367,3405514.33908026,0.462867592428081,0.19282276551677
"32094001",118.5244921875,3.51347583007813,102.493118286133,17377427.4767196,515303.748195238,-115.011016357422,-16862123.7285244,25906595.4127398,0.7062706895852,0.670772334220887
"32094002",245.09484375,27.1300859375,94.234375,35934495.8461905,3979032.62995887,-217.9647578125,-31955463.2162316,39663029.796498,0.92918109296041,0.90599472684165
