"outcome","outcome_lab","spec","spec_lab","ols_est","ols_se","ols_p","iv_lp_est","iv_lp_se","iv_lp_p","iv_h_est","iv_h_se","iv_h_p","iv_b_est","iv_b_se","iv_b_p","iv_lp_F","iv_h_F","iv_b_F","n_obs","population_flagged"
"chg_log_nestab_85_54","Mfg. establishments","C0","both baselines linear (main)",0.0338050231220638,0.0203617931623438,0.0979153509994505,0.065032254533602,0.0810860944224107,0.423179180239726,0.102723884527155,0.13696438724083,0.453839862969506,0.0745460110502745,0.0671198186056082,0.267612352243181,23.69477356453,4.11554666188616,15.6657700688213,310,FALSE
"chg_log_nestab_85_54","Mfg. establishments","C1","quintiles of baseline log MA",0.00276466874479418,0.0213992830249298,0.897291229644432,0.040531643784059,0.0756892983526109,0.59270468717828,-0.0140379819494069,0.116976846651832,0.904559137157346,0.0241341668622497,0.0630179077914875,0.70201362194205,18.5778886418757,7.54087299267847,15.2228480860066,310,FALSE
"chg_log_nestab_85_54","Mfg. establishments","C2","quintiles of baseline log pop",0.0318276710369383,0.0200295020263828,0.113115379933265,0.0588159294512112,0.0772201836013257,0.446864209196104,0.095539355198149,0.137565298860256,0.487910450062135,0.0682723824311415,0.0628121076763455,0.277948948912869,24.4578494417883,3.98357989095972,16.276581154447,310,FALSE
"chg_log_nestab_85_54","Mfg. establishments","C3","quintiles of both (additive)",0.00352417657071607,0.0206876107405097,0.864850460982334,0.0370923535674449,0.0701582527896235,0.597415578977973,-0.0098892631578506,0.116088822124017,0.932170674358954,0.0231748903384072,0.0582294150773061,0.69092430409487,20.10873324382,7.42721897559837,16.331892769192,310,FALSE
"chg_log_valprod_85_54","Mfg. production value","C0","both baselines linear (main)",0.0991638777007668,0.0454012078190601,0.0297239673452541,0.303093958956737,0.151430391025784,0.0462345415411491,0.52320096361482,0.343049885338677,0.128276326070244,0.358651239188327,0.134947963797003,0.00828922356352054,23.69477356453,4.11554666188616,15.6657700688213,310,FALSE
"chg_log_valprod_85_54","Mfg. production value","C1","quintiles of baseline log MA",0.0964804441894989,0.0458151535940478,0.0360554043087967,0.304593579954501,0.155181684270691,0.0506003431206185,0.476065995141405,0.258173892171539,0.0661828393510984,0.356118854921261,0.133256790974149,0.00794648966976009,18.5778886418757,7.54087299267847,15.2228480860066,310,FALSE
"chg_log_valprod_85_54","Mfg. production value","C2","quintiles of baseline log pop",0.105339972196543,0.0454006759845176,0.0210060124715267,0.292791576801171,0.149741916373824,0.0514843062097863,0.481519506292698,0.329696793032066,0.145211948875875,0.341389896673087,0.133178833526355,0.0108577991965325,24.4578494417883,3.98357989095972,16.276581154447,310,FALSE
"chg_log_valprod_85_54","Mfg. production value","C3","quintiles of both (additive)",0.105064649098599,0.045873017024911,0.0227097428484118,0.292151794843031,0.148097180363293,0.0494660769891368,0.459380125969602,0.256199094808491,0.0739912641654227,0.341690195424534,0.128912158302128,0.00847096472911433,20.10873324382,7.42721897559837,16.331892769192,310,FALSE
"chg_log_massal_85_54","Mfg. wage mass","C0","both baselines linear (main)",0.13381955502322,0.0424371179478986,0.00177805798557384,0.319244306334512,0.156943838093599,0.0428208122642404,0.760693989005857,0.401494691705475,0.0591027879058094,0.427170463307202,0.13857774089854,0.00224381504298856,24.6063423246958,4.12884496869646,15.9691545601122,309,FALSE
"chg_log_massal_85_54","Mfg. wage mass","C1","quintiles of baseline log MA",0.120224779525703,0.0426620501188449,0.00515662900718048,0.316001181283422,0.16438079236737,0.0555184259038086,0.60764718247141,0.268659639305236,0.0244367078972315,0.400365479619162,0.137725941240496,0.00392524057578042,19.2950898055477,7.54044899864881,15.5627749434252,309,FALSE
"chg_log_massal_85_54","Mfg. wage mass","C2","quintiles of baseline log pop",0.137178667825491,0.0424472966287325,0.00136918797703737,0.294913026869379,0.149520621048127,0.0494956171291818,0.702702459964065,0.385236978527422,0.0691483636525023,0.396379727068487,0.131841732339604,0.0028694448930661,26.0679593141049,3.98999823216968,17.0750226371146,309,FALSE
"chg_log_massal_85_54","Mfg. wage mass","C3","quintiles of both (additive)",0.126931925816409,0.0426136901269611,0.00313721453614473,0.289641096592512,0.149742786066104,0.0540441708896122,0.583763345205334,0.26904126009791,0.0308261807606279,0.372787758889124,0.12735948420591,0.00369000713232198,21.8265011268502,7.41669690077964,17.288321859717,309,FALSE
"chg_log_nexp_88_60","Ag. farms","C0","both baselines linear (main)",-0.0102411235406031,0.0139350312542651,0.462988716052275,0.116881804169019,0.111479492924256,0.29530877487517,0.0804748456108151,0.118612121143303,0.498020000367664,0.109557515073981,0.0879343069123139,0.213816522222492,24.3000790128588,2.74056520043348,15.0248009462799,297,FALSE
"chg_log_nexp_88_60","Ag. farms","C1","quintiles of baseline log MA",-0.0170987296510959,0.0141990438719139,0.229508382331163,0.111742192585896,0.110787087996331,0.314014954292123,0.0640037137852468,0.105904365839295,0.546090885988065,0.101261145817321,0.0860605351316958,0.240329685665998,17.8441258385267,4.12101260488731,12.5866574158131,297,FALSE
"chg_log_nexp_88_60","Ag. farms","C2","quintiles of baseline log pop",-0.00850532449655184,0.0142014910494484,0.549714559783227,0.126099977537968,0.111257233994021,0.257998312679433,0.0643114694451602,0.11480350656846,0.575793274756761,0.113531219213587,0.0869075179479356,0.192492162072262,23.632154145933,2.55342167276939,14.5280663930771,297,FALSE
"chg_log_nexp_88_60","Ag. farms","C3","quintiles of both (additive)",-0.0149269292371235,0.0142391143039594,0.295399090048982,0.119885439474184,0.107776640318563,0.266938041745513,0.0502842279606869,0.103703821436253,0.628137057076237,0.10482223268687,0.0829168038948954,0.20721101940471,17.9386378127883,3.93080546980096,12.6148830871919,297,FALSE
"chg_log_areatot_ha_88_60","Ag. farmed area","C0","both baselines linear (main)",-0.000676279424941734,0.0202095792520635,0.973328383981104,0.104385506149401,0.104915058997042,0.320597448374563,0.15709400911114,0.15998325621219,0.326956283273004,0.114989311815819,0.086275176536165,0.183647874278078,24.3000790128588,2.74056520043348,15.0248009462799,297,FALSE
"chg_log_areatot_ha_88_60","Ag. farmed area","C1","quintiles of baseline log MA",0.00204667724242463,0.0201495528389497,0.91916623449558,0.111724969672554,0.104419784323805,0.285545916917225,0.189508111967364,0.158025977599983,0.231441508458834,0.128802362431662,0.0860850507768877,0.135706204199724,17.8441258385267,4.12101260488731,12.5866574158131,297,FALSE
"chg_log_areatot_ha_88_60","Ag. farmed area","C2","quintiles of baseline log pop",0.00555544436769987,0.0198347852924091,0.779615474286218,0.10639698947023,0.106233647406886,0.317419550509576,0.125753412447724,0.157160440355428,0.424287219233881,0.110334391584968,0.08689782002768,0.205229967281566,23.632154145933,2.55342167276939,14.5280663930771,297,FALSE
"chg_log_areatot_ha_88_60","Ag. farmed area","C3","quintiles of both (additive)",0.0086613712641193,0.0195966613279422,0.658842200469803,0.113632511679256,0.102414686067844,0.268148782797951,0.165856820696077,0.153392779536377,0.280510441773961,0.124934981118217,0.0838151259887227,0.137187698013221,17.9386378127883,3.93080546980096,12.6148830871919,297,FALSE
"chg_log_pop_91_60","Total population","C0","both baselines linear (main)",0.0282488681329364,0.0138968734287272,0.0429552307854986,0.0516394488182799,0.044327256698552,0.244957886745932,0.0802503332901783,0.0777546680238996,0.302855394443489,0.0588062653874148,0.034722066905231,0.0913704977110715,23.2752865738175,4.00465929640858,15.3179191645211,311,TRUE
"chg_log_pop_91_60","Total population","C1","quintiles of baseline log MA",0.0127355430912803,0.0140312009609235,0.364791911908848,0.0401093128129806,0.0427660834560833,0.349067276867324,0.0190299782954447,0.0657686498904681,0.772516853076784,0.0338143644045987,0.0332783298724743,0.310402397212124,18.2939474221981,7.38821147374346,14.9439664718153,311,TRUE
"chg_log_pop_91_60","Total population","C2","quintiles of baseline log pop",0.0271754284124883,0.0132873642477601,0.0417123700223897,0.0214065483590435,0.0406172096185398,0.598563829169751,0.0407139360939716,0.0807738460986614,0.61459973735432,0.0263495163427136,0.0341052868239617,0.440375426894548,24.03503812473,3.89242908874223,15.9255593914493,311,TRUE
"chg_log_pop_91_60","Total population","C3","quintiles of both (additive)",0.0174345110197395,0.0133235346197231,0.191705375261479,0.0157175674571082,0.037022193321445,0.671478236080149,0.0135822676936556,0.0692287689072607,0.844593422175211,0.0150888990970949,0.031874013832337,0.636283741524521,19.8595631964243,7.29921079452558,16.0752180658668,311,TRUE
