page,n_orden,localidad,provincia,depto_1960,poblacion,tipo_resolucion,propuesta,lat,lon,fuente,fuente_url,verificado_geo,depto_del_punto,nota
v4_p14,23,Reinaldo Cullen,Santa Fe,La Capital,11881,sin_coordenada,,,,wikipedia,https://es.wikipedia.org/wiki/Departamento_La_Capital_(Santa_Fe),sin_coord,,"No figura ninguna localidad, comuna ni estacion 'Reinaldo Cullen' en el depto La Capital actual ni en OSM/Georef; pob 1960=11881 sugiere distrito o nombre antiguo absorbido por el aglomerado Santa Fe. Sin coordenada confiable; verificar en fuentes historicas."
v4_p13,30,Posta de San Martín,Santa Fe,Rosario,10152,sin_coordenada,,,,,,sin_coord,,"Sin match confiable en Rosario; pob 10152 sugiere distrito/barrio de la ciudad de Rosario, no localizable como localidad puntual. No confundir con Posta del Rosario de los Arroyos (plazoleta)."
v4_p08,34,Jobson,Santa Fe,Vera,9754,rename,Vera,-29.4667,-60.2167,Wikipedia,https://es.wikipedia.org/wiki/Vera_(Santa_Fe),verde,Vera,Jobson fue uno de los nombres previos de la actual ciudad de Vera (La Curva/Jobson/Jobson Vera/Gobernador Vera/Vera). Pob 9754 coincide con la ciudad cabecera.
v3_p18,76,Quequén,Buenos Aires,Lobería,7589,manual_coord,Quequén,-38.5553,-58.7162,Wikipedia,https://es.wikipedia.org/wiki/Quequ%C3%A9n,rojo,Necochea,"Localidad portuaria; perteneció al partido de Lobería hasta 1979, hoy en Necochea, partido limítrofe de Lobería"
v8_p05,21,Villa Krause,San Juan,Rawson,7311,manual_coord,Villa Krause (cabecera del depto Rawson),-31.5811,-68.5428,Wikipedia,https://es.wikipedia.org/wiki/Departamento_Rawson_(San_Juan),verde,Rawson,"Villa Krause es la ciudad cabecera del depto Rawson, hoy conurbada al Gran San Juan; conserva su nombre"
v7_p11,20,Villa Alberdi,Tucumán,Río Chico,7266,rename,Juan Bautista Alberdi,-27.5861,-65.6197,Wikipedia,https://es.wikipedia.org/wiki/Juan_Bautista_Alberdi_(Tucum%C3%A1n),verde,Juan Bautista Alberdi,"Ciudad denominada originalmente Villa Alberdi; hoy Juan Bautista Alberdi, cabecera del depto homonimo (depto 1960 Rio Chico)"
v4_p19,48,Villa Diego,Santa Fe,Rosario,6852,barrio_de,Villa Diego (barrio/localidad de Villa Gobernador Gálvez),-33.0231,-60.6252,Wikipedia (Estación Villa Diego),https://es.wikipedia.org/wiki/Estaci%C3%B3n_Villa_Diego,verde,Rosario,"Villa Diego es hoy parte de Villa Gobernador Gálvez, depto Rosario; coordenada de la estación homónima."
v4_p14,56,Pueblo Nuevo,Santa Fe,Rosario,6321,barrio_de,Pueblo Nuevo (barrio de Villa Gobernador Gálvez),-33.0236,-60.6353,Wikipedia (Villa Gobernador Gálvez),https://es.wikipedia.org/wiki/Villa_Gobernador_G%C3%A1lvez,verde,Rosario,"Barrio industrial surgido junto al Frigorífico Swift; hoy parte de Villa Gobernador Gálvez, depto Rosario. Coordenada = centro urbano de VGG."
v4_p08,92,Humberto 1º,Santa Fe,Castellanos,4453,rename,Humberto Primo,-30.8683,-61.3481,wikipedia,https://en.wikipedia.org/wiki/Humberto_Primo,verde,Castellanos,"Humberto 1º = Humberto Primo, comuna del depto Castellanos, Santa Fe. Coincide depto."
v8_p01,30,Bermejito,San Juan,Santa Lucía,4403,manual_coord,Bermejito,-31.5122,-68.5031,osm,"https://nominatim.openstreetmap.org/search?q=Bermejito,+Santa+Lucia,+San+Juan,+Argentina",verde,Santa Lucía,Barrio/aldea Bermejito en depto Santa Lucía (San Juan). NO es el homónimo Bermejo/Caucete de la pista.
v3_p11,113,José M. Blanco,Buenos Aires,Pellegrini,4251,manual_coord,Tres Lomas (ex Colonia/estación José M. Blanco),-36.4582,-62.8756,OSM Nominatim; treslomas.gob.ar,https://www.treslomas.gob.ar/?q=historia,verde,Tres Lomas,No existe localidad moderna 'José M. Blanco'. José María Blanco fue el terrateniente que fundó la Colonia Blanco y cedió tierras para la estación Tres Lomas (1906); en 1960 Tres Lomas pertenecía al depto Pellegrini. El nombre sobrevive como calle en Tres Lomas. Coordenada = casco de Tres Lomas (depto_moderno); anclaje aproximado.
v8_p01,37,Colonia Alvear Oeste,Mendoza,General Alvear,3665,manual_coord,Colonia Alvear Oeste,-35.0,-67.6667,dices.net,https://www.dices.net/mapas/argentina/mapa.php?nombre=&id=31783,verde,General Alvear,"Localidad/estación FC en el depto General Alvear, Mendoza"
v3_p18,126,Puerto Belgrano,Buenos Aires,Coronel de Marina Leonardo Rosales,3607,manual_coord,Base Naval Puerto Belgrano (Punta Alta),-38.8869,-62.0978,Wikipedia,https://en.wikipedia.org/wiki/Port_Belgrano_Naval_Base,verde,Coronel de Marina Leonardo Rosales,"Base naval junto a Punta Alta, partido Coronel de Marina L. Rosales"
v4_p03,124,Cañada Verde,Córdoba,General Roca,3558,rename,Villa Huidobro,-34.8403,-64.5867,Wikipedia,https://es.wikipedia.org/wiki/Villa_Huidobro,verde,General Roca,"Poblacion llamada Cañada Verde erigida en villa como Villa Huidobro en 1904; cabecera depto General Roca, Cordoba"
v4_p04,127,Colonia Ella,Santa Fe,General Obligado,3498,rename,Malabrigo,-29.3486,-59.9694,Wikipedia (Malabrigo),https://es.wikipedia.org/wiki/Malabrigo_(Argentina),verde,General Obligado,Colonia Ella fue renombrada Malabrigo por ley 5.700 en 1964; depto General Obligado.
v7_p08,43,Pocitos,Salta,Gral. J. de San Martín,3438,rename,Profesor Salvador Mazza,-22.05,-63.7,Wikipedia (Salvador Mazza),https://es.wikipedia.org/wiki/Salvador_Mazza_(Salta),verde,General José de San Martín,Pocitos renombrada Prof. Salvador Mazza en 1951; depto Gral José de San Martín. La pista Salar de Pocitos es un homónimo en depto Los Andes (descartado).
v7_p06,47,León Rouges,Tucumán,Monteros,3196,rename,León Rougés,-27.2158,-65.5333,gazetteer,https://www.mindat.org/feature-3846949.html,verde,Monteros,"Localidad de León Rougés, depto Monteros, Tucuman. Coincide depto."
v3_p11,147,Jáuregui,Buenos Aires,Luján,3113,rename,José María Jáuregui (Villa Flandria),-34.6000,-59.1670,wikipedia,https://es.wikipedia.org/wiki/Jos%C3%A9_Mar%C3%ADa_J%C3%A1uregui,verde,Luján,"Localidad de Luján, llamada Villa Flandria 1978-1990s; hoy José María Jáuregui."
v4_p06,146,Empalme V. Constitución,Santa Fe,Constitución,3095,manual_coord,Empalme Villa Constitución,-33.2611,-60.3806,Wikipedia,https://es.wikipedia.org/wiki/Empalme_Villa_Constituci%C3%B3n-Barrio_Mitre,verde,Constitución,"Comuna Empalme Villa Constitución, depto Constitución, a 5 km de Villa Constitución."
v3_p11,158,Juan B. Alberdi,Buenos Aires,Leandro N. Alem,2873,manual_coord,Juan Bautista Alberdi,-34.4333,-61.8,Wikipedia,https://es.wikipedia.org/wiki/Juan_Bautista_Alberdi_(Buenos_Aires),verde,Leandro N. Alem,"Localidad del partido Leandro N. Alem, BA (km 340 RN7)"
v9_1_2_p03,32,Kilómetro 8 (Petroquímica),Chubut,Escalante,2783,barrio_de,Kilómetro 8 / Don Bosco (barrio de Comodoro Rivadavia),-45.8000,-67.5333,Wikipedia,https://es.wikipedia.org/wiki/Don_Bosco_(Chubut),verde,Escalante,"Barrio industrial (Petroquímica) a 8 km del centro de Comodoro Rivadavia, depto Escalante"
v4_p01,168,Alto Verde,Santa Fe,La Capital,2627,barrio_de,Barrio Alto Verde (Santa Fe capital),-31.6613,-60.6986,Wikimapia/dices.net,https://www.dices.net/mapas/argentina/mapa.php?nombre=Alto-Verde&id=24458,verde,La Capital,"Barrio de la ciudad de Santa Fe sobre Isla Sirgadero, depto La Capital"
v3_p04,173,Carlos Pellegrini,Buenos Aires,Pellegrini,2470,rename,Pellegrini (cabecera del partido de Pellegrini),-36.2682,-63.1646,Wikipedia / OSM Nominatim,https://es.wikipedia.org/wiki/Pellegrini_(Buenos_Aires),verde,Pellegrini,La localidad censal 'Carlos Pellegrini' es la ciudad cabecera Pellegrini; coordenada OSM confirmada dentro del partido de Pellegrini.
v7_p08,58,Pedro G. Méndes,Tucumán,Cruz Alta,2425,rename,La Florida (Estación Pedro G. Méndez),-26.8208,-65.0953,Wikipedia (La Florida Tucumán),https://es.wikipedia.org/wiki/La_Florida_(Tucum%C3%A1n),verde,Cruz Alta,"Estación Pedro G. Méndez del Ingenio La Florida, localidad La Florida, depto Cruz Alta."
v8_p05,46,Zonda,San Juan,Veinticinco de Mayo,2183,sin_coordenada,,,,osm,https://en.wikipedia.org/wiki/Zonda_Department,sin_coord,,"ADVERTENCIA depto: la unica 'Zonda' de San Juan es Villa Basilio Nievas en el depto Zonda (approx -31.54,-68.74), NO en 25 de Mayo ni depto lindante. Probable artefacto de mapeo de depto 1960. No se uso la coordenada por regla de depto; verificar/reasignar."
v7_p05,67,La Madrid,Tucumán,Graneros,2116,manual_coord,La Madrid (Lamadrid),-27.6833,-65.2000,wikipedia,https://es.wikipedia.org/wiki/La_Madrid_(Tucum%C3%A1n),verde,Graneros,"Depto Graneros, Tucumán; también escrito Lamadrid. Coord 27°41'S 65°12'W."
v5_p04,65,Juan B. Arruabarrena,Entre Ríos,Federación,1997,manual_coord,Juan B. Arruabarrena,-30.3394,-58.3019,OSM Nominatim,https://nominatim.openstreetmap.org/,verde,Federación,"Paraje en depto Federación (San Jaime de la Frontera / Distrito Tatutí), Entre Ríos."
v8_p02,57,La Bebida,San Juan,Rivadavia,1992,manual_coord,La Bebida,-31.5333,-68.6167,dices.net,https://www.dices.net/mapas/argentina/mapa.php?nombre=La-Bebida&id=44348,verde,Rivadavia,"Localidad del depto Rivadavia, Gran San Juan"
v3_p11,193,José A. Guisasola,Buenos Aires,Coronel Dorrego,1967,manual_coord,Estación José A. Guisasola,-37.1306,-62.0253,Wikipedia,https://es.wikipedia.org/wiki/Estaci%C3%B3n_Jos%C3%A9_A._Guisasola,rojo,Coronel Suárez,"Estación de FC en partido Coronel Dorrego, cercana a El Perdido"
v4_p07,192,Froilán Palacios,Santa Fe,Iriondo,1948,manual_coord,Froilán Palacios,-32.6667,-61.1000,SIPAR Archivo Historico / Mapcarta,https://mapcarta.com/20056348,verde,Iriondo,Localidad del depto Iriondo (Municipio Salto Grande); traza aprobada 1891 en km 373 del FC Cordoba-Rosario
v6_p05,43,Misión San Fco. de Laishí,Formosa,Laishí,1944,manual_coord,San Francisco de Laishí,-26.2465,-58.6312,Wikipedia (San Francisco de Laishí),https://es.wikipedia.org/wiki/San_Francisco_de_Laish%C3%AD,verde,Laishi,"Mismo lugar; municipio Misión San Francisco de Laishí, cabecera del depto Laishí."
v4_p11,198,Los Saladillos,Santa Fe,9 de Julio,1920,rename,Gregoria Pérez de Denis (Los Saladillos),-28.2333,-61.5333,Wikipedia (Gregoria Pérez de Denis),https://es.wikipedia.org/wiki/Gregoria_P%C3%A9rez_de_Denis_(Santa_Fe),verde,9 de Julio,Comuna del depto 9 de Julio también conocida como Los Saladillos.
v7_p08,74,Poso del Alto,Tucumán,Cruz Alta,1875,rename,Pozo del Alto,-26.9025,-65.1456,gazetteer,https://mapcarta.com/20026742,verde,Cruz Alta,"Poso del Alto = Pozo del Alto, localidad depto Cruz Alta, Tucuman (cerca de Colombres/Banda del Rio Sali). Coincide depto."
v4_p08,207,Jesús María,Santa Fe,San Lorenzo,1855,manual_coord,"Jesús María (paraje, Timbúes)",-32.6718,-60.7835,osm,"https://nominatim.openstreetmap.org/search?q=Jesus+Maria,+San+Lorenzo,+Santa+Fe,+Argentina",verde,San Lorenzo,Paraje/colonia Jesús María en depto San Lorenzo cerca de Timbúes. Confianza media (OSM solo registra vías con ese nombre en el sitio).
v4_p19,217,Villa General Mitre,Córdoba,Totoral,1797,rename,Villa del Totoral,-30.7000,-64.0667,Wikipedia; Mapcarta,https://mapcarta.com/20011142,verde,Totoral,"Villa General Mitre fue el nombre original (1862) de la actual Villa del Totoral, depto Totoral."
v3_p22,215,Villa Numancia,Buenos Aires,San Vicente,1735,manual_coord,Estación Villa Numancia (Guernica),-34.9219,-58.4012,Wikipedia,https://es.wikipedia.org/wiki/Estaci%C3%B3n_Villa_Numancia,verde,Presidente Perón,"Estación/barrio de Guernica, hoy partido Presidente Perón"
v5_p05,78,Manuel F. Mantilla,Corrientes,San Roque,1697,rename,Mantilla (ex nombre oficial Pedro R. Fernández),-28.7508,-58.6558,Wikipedia,https://es.wikipedia.org/wiki/Mantilla_(Argentina),verde,San Roque,Localidad de San Roque nombrada por la estación Manuel F. Mantilla; nombre oficial Mantilla desde 2023
v5_p05,80,Miguel Lanús,Misiones,Capital,1681,barrio_de,Barrio Miguel Lanús (Posadas),-27.4292,-55.8797,Wikimapia,http://wikimapia.org/9166957/es/Barrio-Miguel-Lan%C3%BAs,verde,Capital,"Antigua Villa Lanus, hoy barrio del sur de Posadas, depto Capital, Misiones"
v3_p12,222,La Dulce,Buenos Aires,Necochea,1662,rename,Nicanor Olivera (La Dulce),-38.3008,-59.3808,Wikipedia (La Dulce),https://es.wikipedia.org/wiki/La_Dulce,rojo,San Cayetano,"Nombre oficial Nicanor Olivera, conocida como La Dulce; depto Necochea. Coord 38°18'03''S 59°22'51''O."
v6_p04,65,La Isla,Santiago del Estero,Banda,1562,sin_coordenada,,,,dices.net,https://www.dices.net/mapas/argentina/mapa.php?nombre=La-Isla&id=47020,sin_coord,,La única 'La Isla' documentada está en depto Jiménez (homónimo; coincide con la pista Isca Yacu pero lejos del depto objetivo Banda). Posible barrio La Isla en La Banda sin fuente sólida; sin coordenada confiable dentro de Banda.
v8_p02,81,La Legua,San Juan,Santa Lucía,1551,rename,La Legua,-31.5559,-68.4658,osm,https://nominatim.openstreetmap.org/search?q=La%20Legua%2C%20Santa%20Lucia%2C%20San%20Juan,verde,Santa Lucía,"La Legua, distrito/localidad del depto Santa Lucia, San Juan. Coincide depto."
v4_p16,275,S. Martín de las Escobas,Santa Fe,San Martín,1521,manual_coord,San Martín de las Escobas,-31.8578,-61.5760,wikipedia,https://es.wikipedia.org/wiki/San_Mart%C3%ADn_de_las_Escobas,verde,San Martín,"Comuna en depto San Martín (Santa Fe), km 152 RN34."
v8_p03,82,Pampa del Chañar,San Juan,Jáchal,1521,manual_coord,Pampa del Chañar,-30.1812,-68.6795,OSM Nominatim,https://nominatim.openstreetmap.org/,verde,Jáchal,"Aldea en el valle Jáchal-Niquivil, depto Jáchal, San Juan."
v8_p03,83,Marquesado,San Juan,Rivadavia,1514,manual_coord,Marquesado,-31.5167,-68.6167,dices.net,https://www.dices.net/mapas/argentina/mapa.php?nombre=Marquesado&id=3859,verde,Rivadavia,"Localidad del depto Rivadavia, Gran San Juan"
v4_p05,285,Chateaubriand,Santa Fe,General López,1490,manual_coord,Chateaubriand (paraje/estación),-33.6333,-61.8667,OpenStreetMap Nominatim (reverse) / Globefeed,https://nominatim.openstreetmap.org/reverse?lat=-33.6333&lon=-61.8667&format=json,verde,General López,"Reverse-geocoding confirma que cae en Departamento General López, al NE de Venado Tuerto"
v7_p09,98,San Antonio de la Paz,Catamarca,La Paz,1489,manual_coord,San Antonio de La Paz,-28.9330,-65.1000,Wikipedia (EN),https://en.wikipedia.org/wiki/San_Antonio_de_La_Paz,verde,La Paz,"Pueblo del depto La Paz, Catamarca"
v3_p19,241,Sánchez,Buenos Aires,Ramallo,1480,rename,Villa General Savio,-33.4350,-60.1460,Wikipedia (Villa General Savio),https://en.wikipedia.org/wiki/Villa_General_Savio,verde,Ramallo,Estación/localidad Sánchez renombrada Villa General Savio en 1967; partido de Ramallo.
v4_p17,297,Saturnino M. Laspiur,Córdoba,San Justo,1445,rename,Saturnino María Laspiur,-31.7039,-62.4825,Wikipedia (Saturnino María Laspiur),https://es.wikipedia.org/wiki/Saturnino_Mar%C3%ADa_Laspiur_(C%C3%B3rdoba),verde,San Justo,Localidad del depto San Justo sobre RN 158.
v6_p04,80,Laguna Naineck,Formosa,Pilcomayo,1445,rename,Laguna Naick Neck,-25.2190,-58.1219,wikipedia,https://es.wikipedia.org/wiki/Laguna_Naick_Neck,verde,Pilcomayo,"Laguna Naineck = Laguna Naick Neck, depto Pilcomayo, Formosa. Coincide depto."
v5_p03,89,Gobernador J.E. Martínez,Corrientes,Lavalle,1434,rename,Gobernador Juan E. Martínez,-28.9125,-58.9361,wikipedia,https://es.wikipedia.org/wiki/Gobernador_Juan_E._Mart%C3%ADnez,verde,Lavalle,Localidad de depto Lavalle (Corrientes); ex Yatay/Pueblo Arroyo Juárez.
v4_p16,304,San Julián,Santa Fe,San Jerónimo,1405,sin_coordenada,,,,,,sin_coord,,"No se halló localidad 'San Julián' vigente en depto San Jerónimo (Santa Fe); no figura en el listado de localidades del depto. Único homónimo = Estancia San Julián en depto Rosario (Funes), lejano y de otro departamento (descartado)."
v3_p15,266,Mariano M. Alfonso,Buenos Aires,Pergamino,1353,rename,Mariano H. Alfonzo,-33.883,-60.833,Wikipedia,https://en.wikipedia.org/wiki/Mariano_H._Alfonzo,verde,Pergamino,Estación/localidad del partido Pergamino; estación renombrada Mariano H. Alfonzo en 1945
v9_1_2_p01,51,Alejandro Stefanelli,Río Negro,General Roca,1346,rename,Padre Alejandro Stefenelli,-39.0345,-67.5388,OpenStreetMap Nominatim,https://nominatim.openstreetmap.org/search?q=Padre+Alejandro+Stefenelli+General+Roca+Rio+Negro&format=json,verde,General Roca,"Localidad/estación al este de la ciudad de General Roca, depto General Roca"
v4_p12,317,Médanos de las Cañas,Córdoba,Unión,1337,sin_coordenada,,,,,,sin_coord,,No localizado con confianza en depto Union (Cordoba); sin registro en Georef ni OSM/Nominatim; no se arriesga coordenada
v7_p11,113,Villa Bustos,La Rioja,Sanagasta,1314,rename,Villa Sanagasta,-29.267,-67.017,Wikipedia (Villa Sanagasta),https://es.wikipedia.org/wiki/Villa_Sanagasta,verde,Sanagasta,"Villa Sanagasta, anteriormente conocida como Villa Bustos; cabecera del depto Sanagasta."
v3_p04,272,Carlos N. Naón,Buenos Aires,9 de Julio,1310,rename,Carlos María Naón,-35.24,-60.8253,Wikipedia (Estación Carlos María Naón),https://es.wikipedia.org/wiki/Estaci%C3%B3n_Carlos_Mar%C3%ADa_Na%C3%B3n,verde,9 de Julio,Localidad/estación en partido 9 de Julio.
v9_1_2_p04,54,Playa Bonita,Río Negro,Bariloche,1249,manual_coord,Playa Bonita (Bariloche),-41.1235,-71.4008,osm,https://nominatim.openstreetmap.org/search?q=Playa%20Bonita%2C%20Bariloche,verde,Bariloche,"Barrio/paraje sobre Av. Bustillo (km 8), costa del lago Nahuel Huapi, depto/municipio San Carlos de Bariloche. Coincide depto."
v8_p04,97,Rodolfo Iselin (La Llave),Mendoza,San Rafael,1228,manual_coord,La Llave (Rodolfo Iselín),-34.6399,-67.9780,gazetteer,https://provinciademendoza.ar/MENU=Municipios&NMUN=San%20Rafael&INFO=Localidad&NLOC=Rodolfo%20Isel%C3%ADn,verde,San Rafael,"Distrito La Llave, depto San Rafael; nombre oficial Rodolfo Iselín (1953). Coord del sitio oficial de la Provincia de Mendoza."
v3_p05,288,Coronel Mom,Buenos Aires,Alberti,1201,rename,Villa Ortiz (Estación Coronel Mom),-34.8414,-60.3061,Wikipedia,https://es.wikipedia.org/wiki/Estaci%C3%B3n_Coronel_Mom,verde,Alberti,"Localidad Villa Ortiz, conocida por su estación Coronel Mom (FC Sarmiento), partido de Alberti."
v3_p16,290,Otamendi,Buenos Aires,Campana,1190,rename,Ingeniero Otamendi,-34.2342,-58.8642,dices.net,https://www.dices.net/mapas/argentina/mapa.php?nombre=Otamendi&id=42326,verde,Campana,"En partido Campana; NO es Comandante Nicanor Otamendi (Gral Alvarado), homónimo lejano de la pista"
v4_p08,358,J. B. Molina,Santa Fe,Constitución,1189,rename,Juan Bernabé Molina,-33.4936,-60.5092,Wikipedia,https://es.wikipedia.org/wiki/Juan_Bernab%C3%A9_Molina,verde,Constitución,Localidad del depto Constitución surgida en torno a la estación J. B. Molina (FC Belgrano)
v7_p07,125,Monte Rico,Jujuy,El Carmen,1177,rename,Monterrico,-24.4428,-65.1661,Wikipedia,https://en.wikipedia.org/wiki/Monterrico,verde,El Carmen,"Monte Rico = Monterrico, municipio del depto El Carmen, Jujuy"
v4_p06,365,Dalmacio Vélez Sarsfield,Córdoba,Tercero Arriba,1175,manual_coord,Dalmacio Vélez (Sársfield),-32.6100,-63.5769,Wikipedia (Dalmacio Vélez Sarsfield),https://es.wikipedia.org/wiki/Dalmacio_V%C3%A9lez_Sarsfield_(C%C3%B3rdoba),verde,Tercero Arriba,Mismo lugar; depto Tercero Arriba. Coord 32°36'36''S 63°34'37''O.
v5_p06,115,Puerto Gisela,Misiones,San Ignacio,1161,manual_coord,Colonia Gisela (Municipio General Urquiza),-27.1079,-55.3767,Wikipedia (General Urquiza),https://es.wikipedia.org/wiki/General_Urquiza_(Misiones),verde,San Ignacio,"Antiguo puerto/colonia sobre el río Paraná dentro del municipio de General Urquiza (depto San Ignacio). Coordenada = centro de Gral. Urquiza (aprox.; el puerto está unos km al E, sobre el río)."
v9_1_2_p02,58,Coronel Gómez,Río Negro,General Roca,1161,rename,Coronel Juan José Gómez,-39.0194,-67.6364,wikipedia,https://es.wikipedia.org/wiki/Coronel_Juan_Jos%C3%A9_G%C3%B3mez_(R%C3%ADo_Negro),verde,General Roca,"Coronel Gomez = Coronel Juan Jose Gomez, hoy barrio oeste de General Roca, depto General Roca, Rio Negro. Fue localidad gran parte del s.XX. Coincide depto."
v7_p11,138,Villa Nva. de Monte Rico,Tucumán,Chicligasta,1092,manual_coord,Monte Rico,-27.3835,-65.6272,osm,"https://nominatim.openstreetmap.org/search?q=Monte+Rico,+Chicligasta,+Tucuman,+Argentina",verde,Chicligasta,"Aldea Monte Rico en depto Chicligasta, cerca de Concepción."
v4_p14,382,Pueblo Britos,Santa Fe,Rosario,1085,sin_coordenada,,,,,,sin_coord,,"No se localizó 'Pueblo Britos' en depto Rosario (Santa Fe) en Wikipedia, Nominatim ni gacetero. Sin coordenada confiable."
v5_p03,122,Gobernador Gral. López,Misiones,Leandro N. Alem,1080,rename,Gobernador López,-27.6663,-55.2135,Wikipedia,https://es.wikipedia.org/wiki/Gobernador_L%C3%B3pez_(Misiones),verde,Leandro N. Alem,"Municipio del depto Leandro N. Alem, Misiones"
v5_p03,124,Fábrica Colón,Entre Ríos,Colón,1067,rename,Pueblo Liebig (ex Fábrica Colón),-32.1531,-58.1911,Wikipedia,https://es.wikipedia.org/wiki/Pueblo_Liebig,verde,Colón,"Pueblo nacido alrededor del frigorífico Fábrica Colón (Liebig's), depto Colón"
v7_p09,140,San José de Fray Mamerto Esquiú,Catamarca,Fray Mamerto Esquiú,1053,rename,San José de Piedra Blanca,-28.3667,-65.7000,Wikipedia,https://es.wikipedia.org/wiki/San_Jos%C3%A9_de_Piedra_Blanca,verde,Fray Mamerto Esquiú,"San Jose (de Piedra Blanca), cabecera del depto Fray Mamerto Esquiu, Catamarca"
v4_p17,402,Sebastián el Cano,Córdoba,Río Seco,1010,rename,Sebastián Elcano,-30.1611,-63.5897,Wikipedia (Sebastián Elcano),https://es.wikipedia.org/wiki/Sebasti%C3%A1n_Elcano_(C%C3%B3rdoba),verde,Río Seco,Grafía moderna Sebastián Elcano; depto Río Seco. Coord 30°09'40''S 63°35'23''O.
v7_p10,143,Santa Rosa,Catamarca,Tinogasta,1006,manual_coord,Santa Rosa (Tinogasta),-28.033,-67.617,Wikipedia (Santa Rosa Tinogasta),https://es.wikipedia.org/wiki/Santa_Rosa_(Tinogasta),verde,Tinogasta,"Comuna a 5 km al norte de Tinogasta, depto Tinogasta."
v5_p01,136,Aranguren,Entre Ríos,Victoria,932,rename,Villa Aranguren,-32.2500,-60.1667,wikipedia,https://es.wikipedia.org/wiki/Villa_Aranguren,rojo,Nogoyá,"Aranguren = Villa Aranguren. Wikipedia la ubica en depto Nogoya (limitrofe con Victoria, depto_1960); coincide con pista. Depto lindante a Victoria."
v7_p02,151,Cevil Pozo,Tucumán,Cruz Alta,930,manual_coord,Cevil Pozo,-26.8553,-65.1256,wikipedia,https://es.wikipedia.org/wiki/Estaci%C3%B3n_Cevil_Pozo,verde,Cruz Alta,"Estación/localidad en Banda del Río Salí, depto Cruz Alta (Tucumán). Coord 26°51'19\\""S 65°07'32\""\""W."""
v7_p05,152,Huaco,Catamarca,Andalgalá,929,manual_coord,Huaco,-27.6088,-66.3330,Wikipedia,https://es.wikipedia.org/wiki/Huaco_(Catamarca),verde,Andalgalá,"Localidad ~5 km al sur de Andalgalá; sede de la ex Estación Huaco (FC Belgrano), depto Andalgalá."
v5_p05,139,Nueve de Julio,Misiones,Eldorado,920,rename,9 de Julio,-26.4301,-54.466,Wikipedia,https://es.wikipedia.org/wiki/9_de_Julio_(Misiones),verde,Eldorado,"Localidad del depto Eldorado, Misiones"
v7_p03,153,Cnel. Juan Solá Morillo,Salta,Rivadavia,920,rename,Coronel Juan Solá (Estación Morillo),-23.4667,-62.8833,Wikipedia,https://es.wikipedia.org/wiki/Coronel_Juan_Sol%C3%A1,verde,Rivadavia,"Cabecera de Rivadavia Banda Norte; conocida como Morillo por su estación, depto Rivadavia"
v7_p07,155,Manantial,Tucumán,Tafí,911,manual_coord,El Manantial,-26.8442,-65.2900,Wikipedia,https://es.wikipedia.org/wiki/El_Manantial_(Tucum%C3%A1n),rojo,Lules,"El Manantial, hoy en depto Lules (surgido del antiguo depto Tafi), conurbado y lindante con Yerba Buena (depto moderno listado)"
v4_p12,447,Mariano Saavedra,Santa Fe,Las Colonias,871,rename,San Mariano (Estación Mariano Saavedra),-31.6684,-61.3475,Wikipedia (San Mariano),https://es.wikipedia.org/wiki/San_Mariano_(Santa_Fe),verde,Las Colonias,La estación Mariano Saavedra está en la localidad de San Mariano; depto Las Colonias.
v4_p02,450,Ascochingas,Santa Fe,La Capital,864,rename,Ascochinga (paraje distrito Monte Vera),-31.4833,-60.6333,dices.net,https://www.dices.net/mapas/argentina/mapa.php?nombre=Desvio-Ascochinga&id=25412,verde,La Capital,"Paraje/desvío Ascochinga en el distrito Monte Vera, depto La Capital."
v8_p02,118,La Cañada,San Juan,Albardón,858,rename,La Cañada,-31.4446,-68.4759,osm,https://nominatim.openstreetmap.org/search?q=La%20Ca%C3%B1ada%2C%20Albard%C3%B3n%2C%20San%20Juan,verde,Albardón,"La Cañada, localidad del depto Albardon, San Juan. Coincide depto."
v7_p07,169,Ntra.Sra. de Talavera,Salta,Anta,827,manual_coord,Nuestra Señora de Talavera,-25.4567,-63.7789,wikipedia,https://es.wikipedia.org/wiki/Nuestra_Se%C3%B1ora_de_Talavera_(actual),verde,Anta,"Pueblo en depto Anta (Salta), municipio El Quebrachal, sobre RN16."
v5_p04,155,Lib. Gral. San Martín,Entre Ríos,Diamante,809,rename,Libertador San Martín (Puiggari),-32.0730,-60.4644,Wikipedia,https://es.wikipedia.org/wiki/Libertador_San_Mart%C3%ADn,verde,Diamante,"Ex Aldea Camarero / Puiggari; municipio Libertador San Martín, depto Diamante, Entre Ríos."
v8_p04,122,Piedra Blanca,San Luis,Junín,790,barrio_de,Villa de Merlo (barrio Piedra Blanca),-32.32,-65.014,Mapcarta,https://mapcarta.com/N2579934389,verde,Junín,"Barrio histórico de Villa de Merlo, depto Junín; coordenada aproximada (~2,5 km al N del centro de Merlo)"
v6_p07,122,Villa Escobar Navegación Río Bermejo,Formosa,Laishí,775,rename,Villa Escolar,-26.6219,-58.6697,Wikipedia,https://es.wikipedia.org/wiki/Villa_Escolar,verde,Laishi,Localidad del depto Laishí sobre el río Bermejo; el nombre del censo (Villa Escobar) corresponde a Villa Escolar
v4_p07,475,Gobernador Candioti,Santa Fe,La Capital,767,manual_coord,Gobernador Candioti,-31.4008,-60.7485,Wikipedia,https://es.wikipedia.org/wiki/Gobernador_Candioti,verde,La Capital,"Comuna del depto La Capital, Santa Fe, km 495 RN11"
v3_p18,390,Río Colorado,La Pampa,Caleu-Caleu,764,rename,La Adela,-38.9854,-64.0907,OSM Nominatim,"https://nominatim.openstreetmap.org/search?q=La+Adela,+Caleu+Caleu,+La+Pampa,+Argentina",verde,Caleu Caleu,"El poblado del lado La Pampa (ex 'Río Colorado-La Pampa') es la actual La Adela, cabecera de Caleu Caleu; Río Colorado ciudad está enfrente, en Río Negro (homónimo)."
v4_p03,480,Cap. de la Sgrda. Familia,Córdoba,Río Primero,749,rename,Sagrada Familia,-31.2833,-63.4167,Wikipedia (Sagrada Familia Córdoba),https://es.wikipedia.org/wiki/Sagrada_Familia_(C%C3%B3rdoba),verde,Río Primero,"Comuna Sagrada Familia (ex Capilla de la Sagrada Familia), depto Río Primero."
v6_p05,130,Pozo Grande,Santiago del Estero,Avellaneda,745,sin_coordenada,,,,osm,https://nominatim.openstreetmap.org/search?q=Pozo%20Grande%2C%20Santiago%20del%20Estero,sin_coord,,"5 homonimos 'Pozo Grande' en Sgo del Estero (deptos Ojo de Agua, Rio Hondo, Figueroa, Alberdi) pero NINGUNO en depto Avellaneda. No se confirmo; posible homonimo. Sin coordenada."
v7_p04,182,Gobernador Garmendia,Tucumán,Burruyacú,740,manual_coord,Gobernador Garmendia,-26.5689,-64.5561,wikipedia,https://en.wikipedia.org/wiki/Gobernador_Garmendia,verde,Burruyacú,"Localidad de depto Burruyacú (Tucumán), sobre RP336."
v4_p09,492,La Buena Parada,Córdoba,Río Primero,730,sin_coordenada,,,,,,sin_coord,,"No se halló 'La Buena Parada' en depto Río Primero (Córdoba). El homónimo 'Pueblo Buena Parada' está en depto Pichi Mahuida, Río Negro (lejano, otra provincia; descartado)."
v5_p06,167,Puerto Naranjito,Misiones,San Ignacio,726,manual_coord,Puerto Naranjito,-26.95,-55.3,dices.net,https://www.dices.net/mapas/argentina/mapa.php?nombre=Puerto-Naranjito&id=10749,sin_depto,,"Lugar poblado del depto San Ignacio, Misiones"
v7_p09,185,San Rafael,Tucumán,Famaillá,722,manual_coord,San Rafael,-26.9667,-65.3833,dices.net,https://www.dices.net/mapas/argentina/mapa.php?nombre=San-Rafael&id=16024,verde,Famaillá,"Lugar poblado en el área Famaillá/Lules, provincia de Tucumán"
v6_p03,132,Km. 100 Nav. Río Bermejo,Formosa,Laishí,717,sin_coordenada,,,,,,sin_coord,,Marcador de km 100 de la navegacion del Rio Bermejo en depto Laishi (Formosa); punto fluvial de campamento no identificable con confianza; sin coordenada
v3_p12,418,Juan J. Almeyra,Buenos Aires,Navarro,696,rename,José Juan Almeyra,-34.917,-59.567,Wikipedia / citypopulation,https://en.wikipedia.org/wiki/Jos%C3%A9_Juan_Almeyra,rojo,Suipacha,Grafía moderna José Juan Almeyra (J.J. Almeyra); partido de Navarro.
v5_p08,173,Yabebiry,Misiones,Oberá,689,manual_coord,Colonia Yabebiry,-27.45,-55.3,dices.net,https://www.dices.net/mapas/argentina/mapa.php?nombre=Cerro-Negro&id=32008,verde,Oberá,"Colonia Yabebiry, depto Oberá. Coordenada aproximada."
v3_p07,431,Durcudoy,Buenos Aires,Puán,670,rename,Villa Durcudoy (Estación 17 de Agosto),-37.9128,-62.9381,wikipedia,https://es.wikipedia.org/wiki/Estaci%C3%B3n_17_de_Agosto,verde,Puán,"Durcudoy = Villa Durcudoy / Estacion 17 de Agosto, en localidad Diecisiete de Agosto, partido Puan, Buenos Aires. Coincide depto."
v5_p04,188,Ifrán,Corrientes,Goya,622,manual_coord,Ifrán,-29.0959,-58.9693,osm,"https://nominatim.openstreetmap.org/search?q=Ifran,+Goya,+Corrientes,+Argentina",verde,Goya,"Paraje Ifrán en depto Goya (Corrientes), sobre RP84."
v3_p01,459,Aldea Romana,Buenos Aires,Bahía Blanca,616,barrio_de,Aldea Romana (Bahía Blanca),-38.6825,-62.2135,OSM Nominatim,https://nominatim.openstreetmap.org/,verde,Bahía Blanca,"Actualmente barrio de la ciudad de Bahía Blanca (Cuartel II), partido de Bahía Blanca."
v4_p04,541,Colonia O'Higgins,Córdoba,Marcos Juárez,613,rename,Capitán General Bernardo O'Higgins,-33.25,-62.2667,Wikipedia,https://es.wikipedia.org/wiki/Capit%C3%A1n_General_Bernardo_O'Higgins,verde,Marcos Juárez,"Depto Marcos Juárez, Córdoba; fundada 1893 como Colonia Progreso"
v5_p01,192,Altamirano Sud,Entre Ríos,Tala,607,rename,Altamirano Sur,-32.0883,-59.1751,Wikipedia,https://es.wikipedia.org/wiki/Altamirano_Sur,verde,Tala,"Centro rural del distrito Raíces al Sud, depto Tala (Altamirano Sud = Altamirano Sur)"
v4_p17,556,Tala Norte,Córdoba,Río Primero,583,manual_coord,Estación Tala Norte,-31.1148,-63.6014,OpenStreetMap/Nominatim,https://nominatim.openstreetmap.org/,verde,Río Primero,"Estacion Tala Norte, paraje El Alcalde, Pedania Tala, depto Rio Primero, Cordoba"
v5_p08,196,Villa San Marcial (Gob. Urquiza),Entre Ríos,Uruguay,578,manual_coord,Villa San Marcial (Estación Gobernador Urquiza),-32.1667,-58.9333,Wikipedia (Villa San Marcial),https://es.wikipedia.org/wiki/Villa_San_Marcial,verde,Uruguay,"Mismo lugar; distrito Moscas, depto Uruguay. La estación se llama Gobernador Urquiza."
v8_p02,137,Ingeniero Balloffet,Mendoza,San Rafael,578,manual_coord,Ingeniero Balloffet,-34.763,-68.4122,Tripadvisor/GeoNames,https://www.tripadvisor.com/Tourism-g25219062-Ingeniero_Balloffet_San_Rafael_Province_of_Mendoza_Cuyo-Vacations.html,verde,San Rafael,"Localidad del oasis de San Rafael, depto San Rafael. Coordenada aproximada."
v9_1_2_p03,96,Lago Futalaufquen,Chubut,Futaleufú,578,rename,Villa Futalaufquen,-42.8605,-71.6269,gazetteer,http://www.hosteriafutalaufquen.com/ubicacion/,verde,Futaleufú,"Aldea Villa Futalaufquen sobre costa sur del lago Futalaufquen, PN Los Alerces, depto Futaleufu, Chubut. Coincide depto."
v6_p05,152,Misión Fco. Tacaaglé,Formosa,Pilagás,570,manual_coord,Misión Tacaaglé,-24.9780,-58.8221,wikipedia,https://en.wikipedia.org/wiki/Misi%C3%B3n_Tacaagl%C3%A9,verde,Pilagás,Localidad de depto Pilagás (Formosa); ex San Francisco Solano de Tacaaglé.
v5_p04,199,Ingenio 1er. Correntino,Corrientes,San Cosme,567,manual_coord,Ingenio Primer Correntino,-27.4319,-58.6244,Wikipedia,https://es.wikipedia.org/wiki/Ingenio_Primer_Correntino,verde,San Cosme,"Localidad del depto San Cosme (dependiente de Santa Ana de los Guácaras), Corrientes."
v3_p22,489,Villa Nueva,Buenos Aires,General Paz,564,rename,Villanueva (Estación Villanueva),-35.6789,-58.4353,Wikipedia,https://es.wikipedia.org/wiki/Estaci%C3%B3n_Villanueva,verde,General Paz,"Localidad/estación del partido General Paz, BA"
v4_p19,566,Villa Independencia,Córdoba,Punilla,556,manual_coord,Villa Independencia (área Villa Carlos Paz / San Antonio de Arredondo),-31.4583,-64.5078,OpenStreetMap Nominatim,https://nominatim.openstreetmap.org/search?q=Villa+Independencia+Punilla+Cordoba&format=json,verde,Punilla,"Barrio/localidad del depto Punilla, en el conurbano de Villa Carlos Paz"
v3_p22,496,Villa Harding Green,Buenos Aires,Bahía Blanca,553,barrio_de,Villa Harding Green (Bahía Blanca),-38.7211,-62.1958,Wikipedia,https://es.wikipedia.org/wiki/Villa_Harding_Green,verde,Bahía Blanca,"Localidad separada hasta censo 1991, hoy barrio del NE de Bahia Blanca"
v4_p08,567,Kilómetro 711,Córdoba,Colón,547,rename,Malvinas Argentinas (Córdoba),-31.3792,-64.0539,Wikipedia (Malvinas Argentinas,Córdoba),verde,Colón,https://es.wikipedia.org/wiki/Malvinas_Argentinas_(C%C3%B3rdoba)
v5_p06,202,Pueblo San Martín (Pto. Curtiembre),Entre Ríos,Paraná,544,rename,Puerto Curtiembre (Pueblo General San Martín),-31.4611,-60.1661,Wikipedia (Puerto Curtiembre),https://es.wikipedia.org/wiki/Puerto_Curtiembre,verde,Paraná,Comuna del depto Paraná sobre el río Paraná; 'Pueblo San Martín' fue el nombre oficial que nunca reemplazó al popular Puerto Curtiembre.
v3_p04,504,Colonia Hogar Ricardo Gutiérrez,Buenos Aires,Marcos Paz,541,barrio_de,Marcos Paz (Colonia Hogar Ricardo Gutiérrez),-34.8478,-58.8354,osm,https://nominatim.openstreetmap.org/search?q=Colonia%20Hogar%20Ricardo%20Guti%C3%A9rrez%2C%20Marcos%20Paz,verde,Marcos Paz,"Colonia/barrio ~7 km al sur de la ciudad de Marcos Paz, partido Marcos Paz. Coincide depto."
v6_p01,160,Clodomiro Díaz,Chaco,Mayor Luis J. Fontana,540,manual_coord,Pueblo Clodomiro Díaz,-27.6380,-60.7937,osm,"https://nominatim.openstreetmap.org/search?q=Pueblo+Clodomiro+Diaz,+Chaco,+Argentina",verde,Mayor Luis J. Fontana,"Aldea/estación en depto Mayor Luis J. Fontana (Chaco), cerca de Villa Ángela."
v5_p04,205,Leguizamón,Entre Ríos,La Paz,531,sin_coordenada,,,,,,sin_coord,,"No se identificó localidad/estación 'Leguizamón' en depto La Paz o Federal (Entre Ríos). Solo aparece la calle Martiniano Leguizamón en la ciudad de La Paz (homónimo, no es la localidad). Sin coordenada confiable."
v6_p02,162,El Malacara,Santiago del Estero,General Taboada,527,manual_coord,El Malacara,-28.4333,-62.5167,dices.net,https://www.dices.net/mapas/argentina/mapa.php?nombre=El-Malacara&id=36291,verde,General Taboada,"Localidad del depto General Taboada, Santiago del Estero"
v3_p21,513,Spurr,Buenos Aires,Bahía Blanca,524,barrio_de,Spurr (barrio y estación de Bahía Blanca),-38.7544,-62.2544,Wikipedia,https://es.wikipedia.org/wiki/Estaci%C3%B3n_Spurr,verde,Bahía Blanca,Barrio y estación de FC a ~4 km al sur del centro de Bahía Blanca
v5_p04,209,La Capilla,Entre Ríos,Villaguay,521,sin_coordenada,,,,,,sin_coord,,Registro de localidad en depto Villaguay (obraspublicas) pero sin coordenada accesible; homonimos La Capilla en depto Gualeguaychu (lejos) descartados; sin coordenada
v6_p02,167,Esteros,Santiago del Estero,Figueroa,508,sin_coordenada,,,,OSM Nominatim,"https://nominatim.openstreetmap.org/search?q=Esteros,+Santiago+del+Estero,+Argentina",sin_coord,,"No se ubica un 'Esteros' en depto Figueroa. Homónimos: pista apunta a depto Capital [86049110] y OSM sólo halla 'Esteros' en depto Alberdi (-26.63,-63.66); ambos lejos. Sin coordenada confiable."
v3_p13,526,Libres del Sud,Buenos Aires,Chascomús,505,manual_coord,Libres del Sud,-35.7319,-57.72,Wikipedia (Estación Libres del Sud),https://es.wikipedia.org/wiki/Estaci%C3%B3n_Libres_del_Sud,verde,Chascomús,Paraje/estación en partido Chascomús (linda con Lezama).
v3_p15,527,Máximo Fernández,Buenos Aires,Bragado,505,rename,Máximo Fernández,-35.0614,-60.7047,wikipedia,https://es.wikipedia.org/wiki/Estaci%C3%B3n_M%C3%A1ximo_Fern%C3%A1ndez,verde,Bragado,"Localidad/estacion Maximo Fernandez, ~21 km al oeste de Bragado, partido Bragado. Coincide depto."
v3_p12,532,Kilómetro 158,Buenos Aires,San Pedro,495,rename,Pueblo Doyle,-33.9033,-59.8210,wikipedia,https://es.wikipedia.org/wiki/Estaci%C3%B3n_Doyle,verde,San Pedro,El pueblo se llamó Kilómetro 158 (luego Ing. Urcelay) antes de renombrarse Pueblo Doyle; depto San Pedro (Buenos Aires).
v3_p07,533,Elordi,Buenos Aires,General Villegas,494,rename,Massey (Estación Elordi),-35.0462,-63.1218,OSM Nominatim,https://nominatim.openstreetmap.org/,verde,General Villegas,"Localidad Massey, cuya estación ferroviaria es Elordi; partido de General Villegas, Buenos Aires."
v8_p02,143,Hipólito Irigoyen,San Luis,Belgrano,481,manual_coord,Hipólito Yrigoyen,-32.9167,-66.3333,getamap,https://www.getamap.net/maps/argentina/san_luis/_hipolitoirigoyen/,verde,Belgrano,"Localidad del depto Belgrano, San Luis"
v3_p15,551,M. Colman,Buenos Aires,Rauch,464,rename,Estación Martín Colman,-36.4097,-59.1433,Wikipedia,https://es.wikipedia.org/wiki/Estaci%C3%B3n_Mart%C3%ADn_Colman,verde,Rauch,Estación y pequeño poblado en partido de Rauch (M. Colman = Martín Colman)
v3_p08,558,Enrique Lavalle,Buenos Aires,Hipólito Yrigoyen,457,manual_coord,Enrique Lavalle,-36.4094,-61.9339,Wikipedia,https://es.wikipedia.org/wiki/Enrique_Lavalle,rojo,Daireaux,"Paraje con Estacion Enrique Lavalle (FC Midland); hoy en partido Daireaux, sobre el limite con el partido Hipolito Yrigoyen (depto 1960)"
v7_p10,277,Senador Péres,Jujuy,Humahuaca,450,manual_coord,Estación Senador Pérez (Uquía),-23.3046,-65.3574,Wikipedia (Estación Senador Pérez / Uquía),https://es.wikipedia.org/wiki/Estaci%C3%B3n_Senador_P%C3%A9rez,verde,Humahuaca,"La estación Senador Pérez está en la localidad de Uquía, depto Humahuaca; coordenada de Uquía."
v6_p07,180,Vicentini,Chaco,San Fernando,447,barrio_de,Puerto Vicentini (barrio de Fontana),-27.4014,-59.0392,Wikimapia/dices.net,http://wikimapia.org/33649922/es/BARRIO-PUERTO-VICENTINI,verde,San Fernando,"Antigua localidad Puerto Vicentini, hoy barrio de Fontana, depto San Fernando."
v8_p02,151,Dixonville,San Luis,Gobernador Dupuy,441,rename,Fortín El Patria (ex Dixonville),-34.7726,-65.5232,osm,https://nominatim.openstreetmap.org/search?q=Fort%C3%ADn%20El%20Patria%2C%20San%20Luis,verde,Gobernador Dupuy,"Estacion Dixonville, hoy paraje/municipio Fortin El Patria, depto Gobernador Dupuy, San Luis. Coincide depto (la coord de Wikipedia estaba errada en Bs As)."
v4_p12,621,Monte Cristo,Córdoba,Río Primero,439,manual_coord,Monte Cristo,-31.3431,-63.9444,wikipedia,https://es.wikipedia.org/wiki/Monte_Cristo,rojo,Colón,"Localidad de depto Río Primero (Córdoba), a 25 km de la capital, sobre RN19."
v8_p04,152,Rincón del Este,San Luis,Junín,435,manual_coord,Rincón del Este (Villa de Merlo),-32.3506,-64.9827,OSM Nominatim,https://nominatim.openstreetmap.org/,verde,Junín,"Paraje/barrio al este de Villa de Merlo, depto Junín, San Luis (hoy reserva florofaunística)."
v6_p02,184,Desvío Bruchard,Formosa,Patiño,432,manual_coord,Apeadero Bruchard (Ramal C25),-25.14,-59.96,Wikipedia,https://es.wikipedia.org/wiki/Ramal_C25_del_Ferrocarril_Belgrano,verde,Patiño,"Apeadero km 1797 (cruza RP24) entre Estanislao del Campo e Ibarreta, depto Patiño; coordenada aproximada por interpolación entre esas estaciones"
v8_p02,155,Embalse La Florida,San Luis,Coronel Pringles,417,rename,La Florida,-33.1182,-66.0008,Wikipedia,https://es.wikipedia.org/wiki/La_Florida_(San_Luis),verde,Coronel Pringles,"Localidad junto al Embalse La Florida, depto Coronel Pringles"
v4_p19,633,V. Rosario del Saladillo,Córdoba,Tulumba,416,manual_coord,Villa Rosario del Saladillo,-30.4311,-63.4731,Wikipedia,https://es.wikipedia.org/wiki/Rosario_del_Saladillo,verde,Tulumba,"Rosario del Saladillo (Villa), depto Tulumba, Cordoba"
v7_p03,293,Dr. Facundo Zuviría,Salta,Chicoana,402,manual_coord,Facundo Zuviría (El Carril),-25.0709,-65.4935,OSM Nominatim,"https://nominatim.openstreetmap.org/search?q=Facundo+Zuviria,+Salta,+Argentina",verde,Chicoana,"Paraje/estación Facundo de Zuviría en El Carril, depto Chicoana (se descarta el homónimo Facundo Zuviría en Gral. San Martín)."
v6_p04,197,Mal Paso,Santiago del Estero,Capital,401,manual_coord,Mal Paso,-27.7667,-64.3097,Wikipedia (Aeropuerto Mal Paso / Vicecomodoro Aragonés),https://en.wikipedia.org/wiki/Vicecomodoro_%C3%81ngel_de_la_Paz_Aragon%C3%A9s_Airport,verde,Capital,Paraje al NO de la ciudad de Santiago del Estero (depto Capital); coordenada del aeródromo homónimo 'Mal Paso'.
v3_p14,598,Lia Calel,Buenos Aires,Tres Arroyos,392,rename,Lin Calel,-38.7000,-60.2333,gazetteer,https://www.dices.net/mapas/argentina/mapa.php?nombre=Lin-Calel&id=877,verde,Tres Arroyos,"Transcripcion 'Lia Calel' = Lin Calel, pueblo/estacion del partido Tres Arroyos, Buenos Aires. Coincide depto."
v7_p04,298,El Recreo,Catamarca,Santa María,391,manual_coord,"El Recreo (paraje, 25 de Mayo)",-26.7221,-66.0573,osm,"https://nominatim.openstreetmap.org/search?q=El+Recreo,+Santa+Maria,+Catamarca,+Argentina",verde,Santa María,Paraje El Recreo (distrito 25 de Mayo) en depto Santa María (Catamarca). NO es el homónimo Recreo/La Paz de la pista.
v4_p02,642,Cabana,Córdoba,Colón,379,manual_coord,Cabana,-31.2175,-64.3502,Wikipedia,https://es.wikipedia.org/wiki/Cabana_(Argentina),verde,Colón,"Localidad en la ladera este de las Sierras Chicas, depto Colón, cerca de Unquillo, Córdoba."
v4_p03,643,Candelaria Norte,Córdoba,Río Seco,379,rename,Villa Candelaria Norte,-29.8119,-63.3539,Wikipedia,https://es.wikipedia.org/wiki/Villa_Candelaria_Norte,verde,Río Seco,"Localidad del depto Río Seco, Córdoba"
v6_p02,206,El Chorro,Formosa,Ramón Lista,377,manual_coord,El Chorro,-23.2167,-62.3000,Wikipedia,https://es.wikipedia.org/wiki/El_Chorro_(Formosa),verde,Ramón Lista,Localidad del depto Ramón Lista; se llamó General Mosconi 1977-2015 y recuperó el nombre El Chorro
v9_1_2_p01,116,Centro Río Mayo,Chubut,Río Senguer,376,manual_coord,Río Mayo,-45.6869,-70.2600,Wikipedia,https://es.wikipedia.org/wiki/R%C3%ADo_Mayo_(ciudad),verde,Río Senguer,"Centro de la ciudad de Rio Mayo, depto Rio Senguer, Chubut"
v6_p05,209,Pampa Florida,Chaco,Maipú,371,manual_coord,Pampa Florida,-26.5630,-60.3912,OSM Nominatim,"https://nominatim.openstreetmap.org/search?q=Pampa+Florida,+Chaco,+Argentina",verde,Maipú,"Paraje en Municipio de Tres Isletas, depto Maipú, Chaco."
v3_p11,642,José M. Micheo,Buenos Aires,General Alvear,352,rename,Estación José María Micheo,-35.8816,-59.9466,Wikipedia (Estación José María Micheo),https://es.wikipedia.org/wiki/Estaci%C3%B3n_Jos%C3%A9_Mar%C3%ADa_Micheo,verde,General Alvear,Paraje/estación en partido General Alvear.
v4_p12,657,Molinari,Córdoba,Punilla,345,rename,Molinari,-31.1999,-64.4830,wikipedia,https://es.wikipedia.org/wiki/Molinari_(C%C3%B3rdoba),verde,Punilla,"Molinari, localidad del depto Punilla (hoy dependiente de Cosquin), Cordoba. Coincide depto."
v7_p05,321,Iturbe,Jujuy,Humahuaca,326,manual_coord,Iturbe,-22.9789,-65.3536,wikipedia,https://es.wikipedia.org/wiki/Iturbe_(Argentina),verde,Humahuaca,"Localidad/estación ferroviaria en depto Humahuaca (Jujuy). Coord 22°58'44\\""S 65°21'13\""\""W."""
v3_p14,673,Loma Negra,Buenos Aires,Olavarría,322,manual_coord,Loma Negra (Villa Fortabat),-36.9667,-60.2500,Wikipedia,https://es.wikipedia.org/wiki/Loma_Negra,verde,Olavarría,"Pueblo cementero (Villa Alfredo Fortabat), a ~14 km de Olavarría, partido de Olavarría."
v4_p06,667,Desvío Km. 691,Córdoba,Río Primero,317,manual_coord,Paraje Km 691 (Campo Enríquez),-31.36,-63.853,Mapcarta,https://mapcarta.com/es/20051876,verde,Río Primero,"Paraje/desvío sobre RN19, ~9 km al E de Monte Cristo, depto Río Primero; coordenada aproximada"
v3_p04,683,Cerro de los Leones,Buenos Aires,Tandil,309,manual_coord,Cerro Leones (paraje),-37.3161,-59.2003,Welcome Argentina / OSM,https://www.welcomeargentina.com/tandil/cabanas-cerro-leones_i.html,verde,Tandil,"Paraje serrano al pie del Cerro Leones, partido de Tandil"
v7_p10,330,Tala Pampa,Salta,La Viña,304,rename,Talapampa,-25.5450,-65.5570,Georef (INDEC/datos.gob.ar),https://apis.datos.gob.ar/georef/api/localidades-censales?nombre=Talapampa,verde,La Viña,"Tala Pampa = Talapampa, localidad del depto La Viña, Salta"
v3_p08,696,Fuerte Argentino,Buenos Aires,Tornquist,301,manual_coord,Fuerte Argentino,-38.2117,-62.4206,OSM Nominatim,"https://nominatim.openstreetmap.org/search?q=Fuerte+Argentino,+Tornquist,+Buenos+Aires,+Argentina",verde,Tornquist,"Paraje sobre el río Sauce Chico, partido de Tornquist (Cuartel III)."
v3_p07,698,El Arbolito,Buenos Aires,Colón,298,manual_coord,El Arbolito,-33.9138,-60.9434,Wikipedia (Estación El Arbolito),https://es.wikipedia.org/wiki/Estaci%C3%B3n_El_Arbolito,verde,Colón,Localidad/estación en partido Colón (parte se extiende a Rojas como Villa Manuel Pomar).
v4_p06,682,El Cano,Córdoba,Calamuchita,298,manual_coord,El Cano,-32.6101,-64.5961,osm,https://nominatim.openstreetmap.org/search?q=El%20Cano%2C%20Calamuchita%2C%20C%C3%B3rdoba,verde,Calamuchita,"Paraje rural El Cano (Pedania Rio de los Sauces), depto Calamuchita, Cordoba; capilla San Antonio de El Cano. Coincide depto; coordenada aproximada."
v5_p07,271,Veinte de Setiembre,Entre Ríos,Nogoyá,289,manual_coord,Veinte de Setiembre,-32.3860,-59.6645,osm,"https://nominatim.openstreetmap.org/search?q=Veinte+de+Setiembre,+Nogoya,+Entre+Rios,+Argentina",verde,Nogoyá,"Paraje/junta de gobierno en distrito Sauce, depto Nogoyá (Entre Ríos), sobre RN12."
v3_p23,709,Vuelta de Obligado,Buenos Aires,San Pedro,283,rename,Obligado,-33.5833,-59.8167,Wikipedia,https://es.wikipedia.org/wiki/Obligado_(Buenos_Aires),rojo,Ramallo,"Localidad de Obligado (Vuelta de Obligado) a orillas del Paraná, partido de San Pedro."
v9_1_2_p04,132,San Pedro,Río Negro,Bariloche,274,barrio_de,Península San Pedro (San Carlos de Bariloche),-41.0677,-71.4473,dices.net,https://www.dices.net/mapas/argentina/mapa.php?nombre=Peninsula-San-Pedro&id=15977,verde,Bariloche,"Paraje hoy barrio/península de San Carlos de Bariloche, depto Bariloche"
v5_p05,275,Piloto Avila,Entre Ríos,La Paz,266,manual_coord,Piloto Ávila,-30.7333,-59.5667,OpenStreetMap Nominatim,https://nominatim.openstreetmap.org/search?q=Piloto+Avila+La+Paz+Entre+Rios&format=json,verde,La Paz,"Paraje próximo a la ciudad de La Paz (acceso Ruta 1), depto La Paz"
v7_p07,344,Osma,Salta,La Viña,263,manual_coord,Osma,-25.2009,-65.4888,OpenStreetMap/Nominatim,https://nominatim.openstreetmap.org/,verde,La Viña,"Aldea Osma (antiguo Embarcadero Osma del FC Belgrano C-13), depto La Viña, Salta"
v3_p01,737,Agote,Buenos Aires,Mercedes,260,manual_coord,Agote,-34.6441,-59.3551,Wikipedia (Agote),https://es.wikipedia.org/wiki/Agote_(Buenos_Aires),verde,Mercedes,Localidad surgida en torno a la estación Agote (FC San Martín); partido de Mercedes.
v9_1_2_p04,134,Puerto Coyle,Santa Cruz,Güer Aike,251,rename,Puerto Coig (Puerto Coyle),-50.9567,-69.2267,Wikipedia (Puerto Coig),https://es.wikipedia.org/wiki/Puerto_Coig,verde,Güer Aike,"Ex localidad del depto Güer Aike, también llamada Puerto Coyle."
v5_p06,281,Primero de Mayo,Entre Ríos,Uruguay,246,rename,Primero de Mayo,-32.2552,-58.4228,wikipedia,https://es.wikipedia.org/wiki/Primero_de_Mayo_(Entre_R%C3%ADos),verde,Uruguay,"Primero de Mayo, municipio del depto Uruguay, Entre Rios. Coincide depto."
v6_p02,242,El Cajón,Santiago del Estero,Ojo de Agua,246,manual_coord,El Cajón,-29.3211,-63.8839,osm,"https://nominatim.openstreetmap.org/search?q=El+Cajon,+Ojo+de+Agua,+Santiago+del+Estero,+Argentina",verde,Ojo de Agua,Paraje El Cajón en depto Ojo de Agua (Santiago del Estero).
v6_p03,245,La Brea,Santiago del Estero,Figueroa,237,manual_coord,La Brea,-27.5719,-63.6296,OSM Nominatim,https://nominatim.openstreetmap.org/,verde,Figueroa,Paraje en depto Figueroa (Santiago del Estero). La pista Brea Pozo está en depto San Martín (homónimo distinto); se usó La Brea de Figueroa.
v3_p03,761,Barrow,Buenos Aires,Tres Arroyos,236,manual_coord,Estación Barrow / Chacra Experimental Barrow,-38.3211,-60.2578,Gobierno de la Prov. de Buenos Aires (CEI Barrow),https://www.gba.gob.ar/innovacion_productiva/chacra_experimental_integrada_barrow,verde,Tres Arroyos,"Estación/chacra experimental, km 487,5 RN3, partido Tres Arroyos"
v3_p21,766,Tomás Jofré,Buenos Aires,Mercedes,235,manual_coord,Tomás Jofré (nombre oficial Jorge Born),-34.6995,-59.3189,Municipalidad de Mercedes,https://nw.mercedes.gob.ar/ciudad/turismo/tomas-jofre,verde,Mercedes,"Localidad del partido de Mercedes; nombre oficial Jorge Born, popularmente Tomás Jofré por su estación"
v6_p06,246,Puna,Santiago del Estero,Moreno,235,manual_coord,Puna,-27.7981,-62.5224,OpenStreetMap/Nominatim,https://nominatim.openstreetmap.org/,verde,Moreno,"Puna (antigua estacion FC Belgrano ramal C4), depto Moreno, Santiago del Estero; NO confundir con La Punta del depto Choya (homonimo lejano de la pista)"
v4_p05,716,Chuchiras,Córdoba,San Javier,234,manual_coord,Chuchiras,-31.9762,-65.0932,derutasymapas / mapas,https://www.derutasymapas.com.ar/Cordoba/Chuchiras/,verde,San Javier,"Paraje próximo a Villa Las Rosas, depto San Javier. Coord 31°59'S 65°06'O."
v4_p05,718,Cruz Chica,Córdoba,Punilla,233,manual_coord,Cruz Chica,-30.9667,-64.4833,dices.net,https://www.dices.net/mapas/argentina/mapa.php?nombre=Cruz-Chica&id=33184,verde,Punilla,"Localidad del Valle de Punilla entre La Cumbre y Los Cocos, depto Punilla."
v7_p11,361,Veintitrés de Agosto,Jujuy,Ledesma,228,rename,23 de Agosto,-23.7808,-64.6708,osm,https://nominatim.openstreetmap.org/search?q=23%20de%20Agosto%2C%20Ledesma%2C%20Jujuy,verde,Ledesma,"'23 de Agosto', poblado del depto Ledesma (municipio Calilegua), Jujuy. Coincide depto; existe tambien barrio homonimo en Libertador Gral San Martin (mismo depto)."
v3_p12,781,La Japonesa,La Pampa,Cura-Có,225,rename,Gobernador Duval,-38.7430,-66.4354,osm,"https://nominatim.openstreetmap.org/search?q=Gobernador+Duval,+La+Pampa,+Argentina",verde,Curacó,"Gobernador Duval, sobre el Río Colorado en depto Curacó (La Pampa); histórica y popularmente conocido como La Japonesa."
v7_p01,370,Bajo Grande,Salta,Metán,210,manual_coord,Bajo Grande,-25.3500,-64.5000,OSM Nominatim,https://nominatim.openstreetmap.org/,verde,Metán,"Localidad del municipio El Galpón, depto Metán, Salta. Coordenada de baja precisión (punto OSM redondeado); aproximada."
v7_p02,372,Capitán J. Page,Salta,Rivadavia,207,rename,Capitán Juan Pagé,-23.6833,-62.3833,dices.net,https://www.dices.net/mapas/argentina/mapa.php?nombre=Capitan-Juan-Page&id=29081,verde,Rivadavia,"Localidad ferroviaria del depto Rivadavia, Salta"
v5_p05,291,Miñones,Entre Ríos,Federación,204,manual_coord,Estación Miñones,-30.6983,-58.5825,Wikipedia,https://es.wikipedia.org/wiki/Estaci%C3%B3n_Mi%C3%B1ones,rojo,Federal,"Paraje/estación del distrito Francisco Ramírez; en 1960 depto Federación, hoy depto Federal (contiguo)"
v3_p12,820,Kilómetro 125,Buenos Aires,San Andrés de Giles,192,rename,Estación La Valerosa,-34.5525,-59.5328,Wikipedia,https://es.wikipedia.org/wiki/Estaci%C3%B3n_La_Valerosa,verde,San Andrés de Giles,"Estacion cuyo nombre original era Kilometro 125, renombrada La Valerosa, partido San Andres de Giles, Buenos Aires"
v3_p03,827,Bonifacio,Buenos Aires,Guaminí,187,rename,Laguna Alsina (Bonifacio),-36.8075,-62.2479,Wikipedia (Estación Bonifacio) / OSM,https://es.wikipedia.org/wiki/Estaci%C3%B3n_Bonifacio,verde,Guaminí,"La estación Bonifacio está en la localidad de Laguna Alsina, partido de Guaminí; comúnmente aún llamada Bonifacio."
v4_p15,741,Rumiyaco,Córdoba,Minas,187,sin_coordenada,,,,,,sin_coord,,"Paraje en depto Minas (Córdoba) sin coordenada moderna verificable; el 'Rumiyaco' que aparece en buscadores son cabañas en Villa Rumipal (depto Calamuchita), homónimo lejano."
v7_p04,386,El Tobar,Tucumán,Chicligasta,184,rename,El Tobar,-27.5333,-65.0667,osm,https://nominatim.openstreetmap.org/search?q=El%20Tobar%2C%20Tucum%C3%A1n,verde,Simoca,"El Tobar; OSM lo ubica en depto Simoca (uno de los deptos_modernos), lindante con Chicligasta. Coincide depto."
v7_p08,389,Rosario del Dorado,Salta,Anta,177,manual_coord,Rosario del Dorado,-24.5275,-64.1558,osm,"https://nominatim.openstreetmap.org/search?q=Rosario+del+Dorado,+Anta,+Salta,+Argentina",verde,Anta,"Paraje en municipio Apolinario Saravia, depto Anta (Salta)."
v7_p04,398,General Alvarado,Salta,Capital,159,manual_coord,General Alvarado,-24.8496,-65.4577,OSM Nominatim,https://nominatim.openstreetmap.org/,verde,Capital,"Paraje/barrio en el SO de la ciudad de Salta, depto Capital."
v7_p05,402,Huasa Pampa Sud,Tucumán,Graneros,149,manual_coord,Huasa Pampa Sur,-27.8811,-65.5825,Mindat,https://www.mindat.org/feature-3854069.html,verde,La Cocha,"Localidad del depto La Cocha, Tucumán (limítrofe con Graneros)"
v7_p06,406,Luisiana,Tucumán,Cruz Alta,146,manual_coord,Luisiana (La Florida y Luisiana),-26.8000,-65.0833,dices.net / db-city,https://www.dices.net/mapas/argentina/mapa.php?nombre=Luisiana&id=2928,verde,Cruz Alta,"Comunidad rural del depto Cruz Alta, al este de Alderetes (Gran Tucumán)"
v9_1_2_p05,147,Yacimiento Petrolífero Solano,Chubut,Escalante,127,manual_coord,Bahía Solano (yacimiento petrolífero),-45.6697,-67.3336,Wikipedia,https://es.wikipedia.org/wiki/Bah%C3%ADa_Solano_(Chubut),sin_depto,,"Campamento/yacimiento petrolifero de Bahia Solano (YPF), depto Escalante, ~25 km al N de Comodoro Rivadavia, Chubut"
v5_p05,304,Machadiño,Misiones,Concepción,112,sin_coordenada,,,,OSM Nominatim,"https://nominatim.openstreetmap.org/search?q=Machadi%C3%B1o,+Misiones,+Argentina",sin_coord,,"El único registro OSM es 'Arroyo Machadiño' en depto San Ignacio (-27.20,-55.28), lejos del depto Concepción; no hay coordenada confiable para un poblado en Concepción (CP 3374)."
v4_p03,772,Casaffousth,Córdoba,Punilla,108,manual_coord,Casaffousth,-31.3667,-64.45,dices.net,https://www.dices.net/mapas/argentina/mapa.php?nombre=Casaffousth&id=29646,verde,Punilla,"Estación/paraje Casaffousth cerca de Santa María de Punilla, depto Punilla."
v3_p04,905,Colonia La Merced,Buenos Aires,Villarino,105,manual_coord,Colonia La Merced,-38.6740,-62.4743,osm,https://nominatim.openstreetmap.org/search?q=Colonia%20La%20Merced%2C%20Villarino,verde,Villarino,"Colonia La Merced, paraje del partido Villarino (limite con Bahia Blanca sobre el arroyo Sauce Chico). Coincide depto."
v4_p08,775,Jean Maire,Córdoba,San Justo,103,manual_coord,Jeanmaire,-31.4008,-62.4683,osm,"https://nominatim.openstreetmap.org/search?q=Jeanmaire,+San+Justo,+Cordoba,+Argentina",verde,San Justo,Localidad Jeanmaire en depto San Justo (Córdoba).
v9_1_2_p04,154,Planta Compresora Conesa,Río Negro,General Conesa,101,manual_coord,Planta Compresora (General Conesa),-40.4248,-63.9047,OSM Nominatim,https://nominatim.openstreetmap.org/,verde,Conesa,"Planta compresora de gas sobre RN250 (km 49), depto Conesa, Río Negro; caserío ligado a la planta al norte del casco de General Conesa."
v9_1_2_p01,157,Barrio Laprida y Manantial Rosales,Chubut,Escalante,81,barrio_de,Manantial Rosales (Comodoro Rivadavia),-45.8233,-67.5269,Wikipedia,https://es.wikipedia.org/wiki/Manantial_Rosales,verde,Escalante,Depto Escalante; barrio de Comodoro Rivadavia (incorporado al aglomerado en censo 2022)
