provincia_canon,departamento_canon,tipo,depto_moderno,id_indec,fuente,fuente_url,nota
Buenos Aires,25 de Mayo,identidad,25 de Mayo,06854,georef,https://apis.datos.gob.ar/georef/api/departamentos,
Buenos Aires,3 de Febrero,identidad,Tres de Febrero,06840,georef,https://apis.datos.gob.ar/georef/api/departamentos,grafia numero->palabra
Buenos Aires,9 de Julio,identidad,9 de Julio,06588,georef,https://apis.datos.gob.ar/georef/api/departamentos,
Buenos Aires,Adolfo Alsina,identidad,Adolfo Alsina,06007,georef,https://apis.datos.gob.ar/georef/api/departamentos,
Buenos Aires,Alberti,identidad,Alberti,06021,georef,https://apis.datos.gob.ar/georef/api/departamentos,
Buenos Aires,Almirante Brown,identidad,Almirante Brown,06028,georef,https://apis.datos.gob.ar/georef/api/departamentos,
Buenos Aires,Avellaneda,identidad,Avellaneda,06035,georef,https://apis.datos.gob.ar/georef/api/departamentos,
Buenos Aires,Ayacucho,identidad,Ayacucho,06042,georef,https://apis.datos.gob.ar/georef/api/departamentos,
Buenos Aires,Azul,identidad,Azul,06049,georef,https://apis.datos.gob.ar/georef/api/departamentos,
Buenos Aires,Bahía Blanca,identidad,Bahía Blanca,06056,georef,https://apis.datos.gob.ar/georef/api/departamentos,
Buenos Aires,Balcarce,identidad,Balcarce,06063,georef,https://apis.datos.gob.ar/georef/api/departamentos,
Buenos Aires,Baradero,identidad,Baradero,06070,georef,https://apis.datos.gob.ar/georef/api/departamentos,
Buenos Aires,Bartolomé Mitre,rename,Arrecifes,06077,web,https://es.wikipedia.org/wiki/Partido_de_Arrecifes,nombre 'Bartolomé Mitre' 1901-1997
Buenos Aires,Bartolomé Mitre,split,Capitán Sarmiento,06140,web,https://es.wikipedia.org/wiki/Partido_de_Capitán_Sarmiento,Ley 6485 (1961); padre = Arrecifes/Bartolomé Mitre
Buenos Aires,Berisso,identidad,Berisso,06098,georef,https://apis.datos.gob.ar/georef/api/departamentos,
Buenos Aires,Bolívar,identidad,Bolívar,06105,georef,https://apis.datos.gob.ar/georef/api/departamentos,
Buenos Aires,Bragado,identidad,Bragado,06112,georef,https://apis.datos.gob.ar/georef/api/departamentos,
Buenos Aires,Brandsen,identidad,Brandsen,06119,georef,https://apis.datos.gob.ar/georef/api/departamentos,
Buenos Aires,Campana,identidad,Campana,06126,georef,https://apis.datos.gob.ar/georef/api/departamentos,
Buenos Aires,Carlos Casares,identidad,Carlos Casares,06147,georef,https://apis.datos.gob.ar/georef/api/departamentos,
Buenos Aires,Carlos Tejedor,identidad,Carlos Tejedor,06154,georef,https://apis.datos.gob.ar/georef/api/departamentos,
Buenos Aires,Carmen de Areco,identidad,Carmen de Areco,06161,georef,https://apis.datos.gob.ar/georef/api/departamentos,
Buenos Aires,Caseros,rename,Daireaux,06231,web,https://es.wikipedia.org/wiki/Partido_de_Daireaux,Ley prov. 7613/1970
Buenos Aires,Castelli,identidad,Castelli,06168,georef,https://apis.datos.gob.ar/georef/api/departamentos,
Buenos Aires,Cañuelas,identidad,Cañuelas,06134,georef,https://apis.datos.gob.ar/georef/api/departamentos,
Buenos Aires,Chacabuco,identidad,Chacabuco,06210,georef,https://apis.datos.gob.ar/georef/api/departamentos,
Buenos Aires,Chascomús,identidad,Chascomús,06218,georef,https://apis.datos.gob.ar/georef/api/departamentos,
Buenos Aires,Chascomús,split,Lezama,06466,web,https://es.wikipedia.org/wiki/Partido_de_Lezama,Ley 14087 (2009)
Buenos Aires,Chivilcoy,identidad,Chivilcoy,06224,georef,https://apis.datos.gob.ar/georef/api/departamentos,
Buenos Aires,Colón,identidad,Colón,06175,georef,https://apis.datos.gob.ar/georef/api/departamentos,
Buenos Aires,Coronel Dorrego,identidad,Coronel Dorrego,06189,georef,https://apis.datos.gob.ar/georef/api/departamentos,
Buenos Aires,Coronel Dorrego,split,Monte Hermoso,06553,web,https://es.wikipedia.org/wiki/Partido_de_Monte_Hermoso,Dec-ley 9245/79
Buenos Aires,Coronel Pringles,identidad,Coronel Pringles,06196,georef,https://apis.datos.gob.ar/georef/api/departamentos,
Buenos Aires,Coronel Suárez,identidad,Coronel Suárez,06203,georef,https://apis.datos.gob.ar/georef/api/departamentos,
Buenos Aires,Coronel de Marina Leonardo Rosales,identidad,Coronel de Marina Leonardo Rosales,06182,georef,https://apis.datos.gob.ar/georef/api/departamentos,
Buenos Aires,Coronel de Marina Leonardo Rosales,split,Monte Hermoso,06553,web,https://es.wikipedia.org/wiki/Partido_de_Monte_Hermoso,Dec-ley 9245/79 (2do padre)
Buenos Aires,Dolores,identidad,Dolores,06238,georef,https://apis.datos.gob.ar/georef/api/departamentos,
Buenos Aires,Ensenada,identidad,Ensenada,06245,georef,https://apis.datos.gob.ar/georef/api/departamentos,
Buenos Aires,Escobar,identidad,Escobar,06252,georef,https://apis.datos.gob.ar/georef/api/departamentos,
Buenos Aires,Esteban Echeverría,identidad,Esteban Echeverría,06260,georef,https://apis.datos.gob.ar/georef/api/departamentos,
Buenos Aires,Esteban Echeverría,split,Presidente Perón,06648,web,https://normas.gba.gob.ar/,Ley 11480 (1993)
Buenos Aires,Esteban Echeverría,split,Ezeiza,06270,web,https://normas.gba.gob.ar/,Ley 11550 (1994): SOLO de Esteban Echeverría
Buenos Aires,Exaltación de la Cruz,identidad,Exaltación de la Cruz,06266,georef,https://apis.datos.gob.ar/georef/api/departamentos,
Buenos Aires,Florencio Varela,identidad,Florencio Varela,06274,georef,https://apis.datos.gob.ar/georef/api/departamentos,
Buenos Aires,Florencio Varela,split,Presidente Perón,06648,web,https://normas.gba.gob.ar/,Ley 11480 (1993)
Buenos Aires,General Alvarado,identidad,General Alvarado,06280,georef,https://apis.datos.gob.ar/georef/api/departamentos,
Buenos Aires,General Alvear,identidad,General Alvear,06287,georef,https://apis.datos.gob.ar/georef/api/departamentos,
Buenos Aires,General Arenales,identidad,General Arenales,06294,georef,https://apis.datos.gob.ar/georef/api/departamentos,
Buenos Aires,General Belgrano,identidad,General Belgrano,06301,georef,https://apis.datos.gob.ar/georef/api/departamentos,
Buenos Aires,General Guido,identidad,General Guido,06308,georef,https://apis.datos.gob.ar/georef/api/departamentos,
Buenos Aires,General Juan Madariaga,identidad,General Juan Madariaga,06315,georef,https://apis.datos.gob.ar/georef/api/departamentos,
Buenos Aires,General Juan Madariaga,split,Pinamar,06644,web,https://normas.gba.gob.ar/,Dec-ley 9024/78
Buenos Aires,General Juan Madariaga,split,Villa Gesell,06868,web,https://normas.gba.gob.ar/,Dec-ley 9024/78
Buenos Aires,General Lamadrid,identidad,General La Madrid,06322,georef,https://apis.datos.gob.ar/georef/api/departamentos,grafia espaciado
Buenos Aires,General Las Heras,identidad,General Las Heras,06329,georef,https://apis.datos.gob.ar/georef/api/departamentos,
Buenos Aires,General Lavalle,identidad,General Lavalle,06336,georef,https://apis.datos.gob.ar/georef/api/departamentos,
Buenos Aires,General Lavalle,split,La Costa,06420,web,https://normas.gba.gob.ar/,Dec-ley 9024/78
Buenos Aires,General Paz,identidad,General Paz,06343,georef,https://apis.datos.gob.ar/georef/api/departamentos,
Buenos Aires,General Pinto,identidad,General Pinto,06351,georef,https://apis.datos.gob.ar/georef/api/departamentos,
Buenos Aires,General Pinto,split,Florentino Ameghino,06277,web,https://normas.gba.gob.ar/,Ley 11071 (1991): SOLO de General Pinto
Buenos Aires,General Pueyrredón,identidad,General Pueyrredón,06357,georef,https://apis.datos.gob.ar/georef/api/departamentos,
Buenos Aires,General Rodríguez,identidad,General Rodríguez,06364,georef,https://apis.datos.gob.ar/georef/api/departamentos,
Buenos Aires,General San Martín,identidad,General San Martín,06371,georef,https://apis.datos.gob.ar/georef/api/departamentos,
Buenos Aires,General Sarmiento,split_disuelto,José C. Paz,06412,web,https://normas.gba.gob.ar/,PADRE DISUELTO (no sobrevive ningun depto con ese nombre). Ley 11551 (1994): Gral Sarmiento DISUELTO
Buenos Aires,General Sarmiento,split_disuelto,Malvinas Argentinas,06515,web,https://normas.gba.gob.ar/,Ley 11551 (1994)
Buenos Aires,General Sarmiento,split_disuelto,San Miguel,06760,web,https://normas.gba.gob.ar/,Ley 11551 (1994)
Buenos Aires,General Viamonte,identidad,General Viamonte,06385,georef,https://apis.datos.gob.ar/georef/api/departamentos,
Buenos Aires,General Villegas,identidad,General Villegas,06392,georef,https://apis.datos.gob.ar/georef/api/departamentos,
Buenos Aires,González Chaves,rename,Adolfo Gonzales Chaves,06014,georef,https://apis.datos.gob.ar/georef/api/departamentos,nombre expandido
Buenos Aires,Guaminí,identidad,Guaminí,06399,georef,https://apis.datos.gob.ar/georef/api/departamentos,
Buenos Aires,Hipólito Yrigoyen,identidad,Hipólito Yrigoyen,06406,georef,https://apis.datos.gob.ar/georef/api/departamentos,
Buenos Aires,Isla Martín García,especial,La Plata,06441,web,https://en.wikipedia.org/wiki/Mart%C3%ADn_Garc%C3%ADa_Island,"unidad censal 1960 propia (cod 119, confirmado en fuente primaria); exclave asignado a La Plata"
Buenos Aires,Junín,identidad,Junín,06413,georef,https://apis.datos.gob.ar/georef/api/departamentos,
Buenos Aires,Juárez,rename,Benito Juárez,06084,georef,https://apis.datos.gob.ar/georef/api/departamentos,nombre expandido
Buenos Aires,La Matanza,identidad,La Matanza,06427,georef,https://apis.datos.gob.ar/georef/api/departamentos,
Buenos Aires,La Plata,identidad,La Plata,06441,georef,https://apis.datos.gob.ar/georef/api/departamentos,
Buenos Aires,Lanús,identidad,Lanús,06434,georef,https://apis.datos.gob.ar/georef/api/departamentos,
Buenos Aires,Laprida,identidad,Laprida,06448,georef,https://apis.datos.gob.ar/georef/api/departamentos,
Buenos Aires,Las Flores,identidad,Las Flores,06455,georef,https://apis.datos.gob.ar/georef/api/departamentos,
Buenos Aires,Leandro N. Alem,identidad,Leandro N. Alem,06462,georef,https://apis.datos.gob.ar/georef/api/departamentos,
Buenos Aires,Lincoln,identidad,Lincoln,06469,georef,https://apis.datos.gob.ar/georef/api/departamentos,
Buenos Aires,Lobería,identidad,Lobería,06476,georef,https://apis.datos.gob.ar/georef/api/departamentos,
Buenos Aires,Lobos,identidad,Lobos,06483,georef,https://apis.datos.gob.ar/georef/api/departamentos,
Buenos Aires,Lomas de Zamora,identidad,Lomas de Zamora,06490,georef,https://apis.datos.gob.ar/georef/api/departamentos,
Buenos Aires,Luján,identidad,Luján,06497,georef,https://apis.datos.gob.ar/georef/api/departamentos,
Buenos Aires,Magdalena,identidad,Magdalena,06505,georef,https://apis.datos.gob.ar/georef/api/departamentos,
Buenos Aires,Magdalena,split,Punta Indio,06655,web,https://normas.gba.gob.ar/,Ley 11584 (1994)
Buenos Aires,Maipú,identidad,Maipú,06511,georef,https://apis.datos.gob.ar/georef/api/departamentos,
Buenos Aires,Mar Chiquita,identidad,Mar Chiquita,06518,georef,https://apis.datos.gob.ar/georef/api/departamentos,
Buenos Aires,Marcos Paz,identidad,Marcos Paz,06525,georef,https://apis.datos.gob.ar/georef/api/departamentos,
Buenos Aires,Mercedes,identidad,Mercedes,06532,georef,https://apis.datos.gob.ar/georef/api/departamentos,
Buenos Aires,Merlo,identidad,Merlo,06539,georef,https://apis.datos.gob.ar/georef/api/departamentos,
Buenos Aires,Monte,identidad,Monte,06547,georef,https://apis.datos.gob.ar/georef/api/departamentos,
Buenos Aires,Moreno,identidad,Moreno,06560,georef,https://apis.datos.gob.ar/georef/api/departamentos,
Buenos Aires,Morón,identidad,Morón,06568,georef,https://apis.datos.gob.ar/georef/api/departamentos,
Buenos Aires,Morón,split,Hurlingham,06408,web,https://normas.gba.gob.ar/,Ley 11610 (1994/95)
Buenos Aires,Morón,split,Ituzaingó,06410,web,https://normas.gba.gob.ar/,Ley 11610 (1994/95)
Buenos Aires,Navarro,identidad,Navarro,06574,georef,https://apis.datos.gob.ar/georef/api/departamentos,
Buenos Aires,Necochea,identidad,Necochea,06581,georef,https://apis.datos.gob.ar/georef/api/departamentos,
Buenos Aires,Olavarría,identidad,Olavarría,06595,georef,https://apis.datos.gob.ar/georef/api/departamentos,
Buenos Aires,Patagones,identidad,Patagones,06602,georef,https://apis.datos.gob.ar/georef/api/departamentos,
Buenos Aires,Pehuajó,identidad,Pehuajó,06609,georef,https://apis.datos.gob.ar/georef/api/departamentos,
Buenos Aires,Pellegrini,identidad,Pellegrini,06616,georef,https://apis.datos.gob.ar/georef/api/departamentos,
Buenos Aires,Pellegrini,split,Salliqueló,06721,web,https://normas.gba.gob.ar/,Ley 6625 (1961)
Buenos Aires,Pellegrini,split,Tres Lomas,06847,web,https://normas.gba.gob.ar/,Ley 10469 (1986)
Buenos Aires,Pergamino,identidad,Pergamino,06623,georef,https://apis.datos.gob.ar/georef/api/departamentos,
Buenos Aires,Pila,identidad,Pila,06630,georef,https://apis.datos.gob.ar/georef/api/departamentos,
Buenos Aires,Pilar,identidad,Pilar,06638,georef,https://apis.datos.gob.ar/georef/api/departamentos,
Buenos Aires,Pilar,split,Malvinas Argentinas,06515,web,https://normas.gba.gob.ar/,Ley 11551 (1994): Tortuguitas pasa a Malvinas Arg.
Buenos Aires,Puerto de la Plata,especial,Ensenada,06245,web,https://observatorioconurbano.ungs.edu.ar/,= 'Zona Nacional Puerto La Plata' (cod 57-120 en fuente primaria 1960); reparto Ensenada/Berisso
Buenos Aires,Puán,identidad,Puán,06651,georef,https://apis.datos.gob.ar/georef/api/departamentos,
Buenos Aires,Quilmes,identidad,Quilmes,06658,georef,https://apis.datos.gob.ar/georef/api/departamentos,
Buenos Aires,Quilmes,split,Berazategui,06091,web,https://es.wikipedia.org/wiki/Partido_de_Berazategui,Ley 6317 (4-nov-1960): creado 5 semanas DESPUES del censo -> en 1960 estaba dentro de Quilmes
Buenos Aires,Ramallo,identidad,Ramallo,06665,georef,https://apis.datos.gob.ar/georef/api/departamentos,
Buenos Aires,Rauch,identidad,Rauch,06672,georef,https://apis.datos.gob.ar/georef/api/departamentos,
Buenos Aires,Rivadavia,identidad,Rivadavia,06679,georef,https://apis.datos.gob.ar/georef/api/departamentos,
Buenos Aires,Rojas,identidad,Rojas,06686,georef,https://apis.datos.gob.ar/georef/api/departamentos,
Buenos Aires,Roque Pérez,identidad,Roque Pérez,06693,georef,https://apis.datos.gob.ar/georef/api/departamentos,
Buenos Aires,Saavedra,identidad,Saavedra,06700,georef,https://apis.datos.gob.ar/georef/api/departamentos,
Buenos Aires,Saladillo,identidad,Saladillo,06707,georef,https://apis.datos.gob.ar/georef/api/departamentos,
Buenos Aires,Salto,identidad,Salto,06714,georef,https://apis.datos.gob.ar/georef/api/departamentos,
Buenos Aires,San Andrés de Giles,identidad,San Andrés de Giles,06728,georef,https://apis.datos.gob.ar/georef/api/departamentos,
Buenos Aires,San Antonio de Areco,identidad,San Antonio de Areco,06735,georef,https://apis.datos.gob.ar/georef/api/departamentos,
Buenos Aires,San Cayetano,identidad,San Cayetano,06742,georef,https://apis.datos.gob.ar/georef/api/departamentos,
Buenos Aires,San Fernando,identidad,San Fernando,06749,georef,https://apis.datos.gob.ar/georef/api/departamentos,
Buenos Aires,San Isidro,identidad,San Isidro,06756,georef,https://apis.datos.gob.ar/georef/api/departamentos,
Buenos Aires,San Nicolás,identidad,San Nicolás,06763,georef,https://apis.datos.gob.ar/georef/api/departamentos,
Buenos Aires,San Pedro,identidad,San Pedro,06770,georef,https://apis.datos.gob.ar/georef/api/departamentos,
Buenos Aires,San Vicente,identidad,San Vicente,06778,georef,https://apis.datos.gob.ar/georef/api/departamentos,
Buenos Aires,San Vicente,split,Presidente Perón,06648,web,https://normas.gba.gob.ar/,Ley 11480 (1993)
Buenos Aires,Suipacha,identidad,Suipacha,06784,georef,https://apis.datos.gob.ar/georef/api/departamentos,
Buenos Aires,Tandil,identidad,Tandil,06791,georef,https://apis.datos.gob.ar/georef/api/departamentos,
Buenos Aires,Tapalqué,identidad,Tapalqué,06798,georef,https://apis.datos.gob.ar/georef/api/departamentos,
Buenos Aires,Tigre,identidad,Tigre,06805,georef,https://apis.datos.gob.ar/georef/api/departamentos,
Buenos Aires,Tordillo,identidad,Tordillo,06812,georef,https://apis.datos.gob.ar/georef/api/departamentos,
Buenos Aires,Tornquist,identidad,Tornquist,06819,georef,https://apis.datos.gob.ar/georef/api/departamentos,
Buenos Aires,Trenque Lauquen,identidad,Trenque Lauquen,06826,georef,https://apis.datos.gob.ar/georef/api/departamentos,
Buenos Aires,Tres Arroyos,identidad,Tres Arroyos,06833,georef,https://apis.datos.gob.ar/georef/api/departamentos,
Buenos Aires,Vicente López,identidad,Vicente López,06861,georef,https://apis.datos.gob.ar/georef/api/departamentos,
Buenos Aires,Villarino,identidad,Villarino,06875,georef,https://apis.datos.gob.ar/georef/api/departamentos,
Buenos Aires,Zárate,identidad,Zárate,06882,georef,https://apis.datos.gob.ar/georef/api/departamentos,
Catamarca,Ambato,identidad,Ambato,10007,georef,https://apis.datos.gob.ar/georef/api/departamentos,
Catamarca,Ancasti,identidad,Ancasti,10014,georef,https://apis.datos.gob.ar/georef/api/departamentos,
Catamarca,Andalgalá,identidad,Andalgalá,10021,georef,https://apis.datos.gob.ar/georef/api/departamentos,
Catamarca,Antofagasta de la Sierra,identidad,Antofagasta de la Sierra,10028,georef,https://apis.datos.gob.ar/georef/api/departamentos,
Catamarca,Belén,identidad,Belén,10035,georef,https://apis.datos.gob.ar/georef/api/departamentos,
Catamarca,Capayán,identidad,Capayán,10042,georef,https://apis.datos.gob.ar/georef/api/departamentos,
Catamarca,Capital,identidad,Capital,10049,georef,https://apis.datos.gob.ar/georef/api/departamentos,
Catamarca,El Alto,identidad,El Alto,10056,georef,https://apis.datos.gob.ar/georef/api/departamentos,
Catamarca,Fray Mamerto Esquiú,identidad,Fray Mamerto Esquiú,10063,georef,https://apis.datos.gob.ar/georef/api/departamentos,
Catamarca,La Paz,identidad,La Paz,10070,georef,https://apis.datos.gob.ar/georef/api/departamentos,
Catamarca,Paclín,identidad,Paclín,10077,georef,https://apis.datos.gob.ar/georef/api/departamentos,
Catamarca,Pomán,identidad,Pomán,10084,georef,https://apis.datos.gob.ar/georef/api/departamentos,
Catamarca,Santa María,identidad,Santa María,10091,georef,https://apis.datos.gob.ar/georef/api/departamentos,
Catamarca,Santa Rosa,identidad,Santa Rosa,10098,georef,https://apis.datos.gob.ar/georef/api/departamentos,
Catamarca,Tinogasta,identidad,Tinogasta,10105,georef,https://apis.datos.gob.ar/georef/api/departamentos,
Catamarca,Valle Viejo,identidad,Valle Viejo,10112,georef,https://apis.datos.gob.ar/georef/api/departamentos,
Chaco,Almirante Brown,identidad,Almirante Brown,22007,georef,https://apis.datos.gob.ar/georef/api/departamentos,
Chaco,Bermejo,identidad,Bermejo,22014,georef,https://apis.datos.gob.ar/georef/api/departamentos,
Chaco,Cap. Gral. O'Higgins,identidad,O'Higgins,22112,georef,https://apis.datos.gob.ar/georef/api/departamentos,abreviatura
Chaco,Chacabuco,identidad,Chacabuco,22028,georef,https://apis.datos.gob.ar/georef/api/departamentos,
Chaco,Comandante Fernández,identidad,Comandante Fernández,22021,georef,https://apis.datos.gob.ar/georef/api/departamentos,
Chaco,Doce de Octubre,identidad,12 de Octubre,22036,georef,https://apis.datos.gob.ar/georef/api/departamentos,numero->palabra (fuente 1960 usa '12 de Octubre')
Chaco,Doce de Octubre,split,2 de Abril,22039,web,https://es.wikipedia.org/wiki/Anexo:Departamentos_de_la_provincia_del_Chaco,ley 3814 (1992)
Chaco,Fray J. Sta. María de Oro,identidad,Fray Justo Santa María de Oro,22043,georef,https://apis.datos.gob.ar/georef/api/departamentos,abreviatura
Chaco,Fray J. Sta. María de Oro,split,2 de Abril,22039,web,https://es.wikipedia.org/wiki/Anexo:Departamentos_de_la_provincia_del_Chaco,ley 3814 (1992) (2do padre)
Chaco,General Belgrano,identidad,General Belgrano,22049,georef,https://apis.datos.gob.ar/georef/api/departamentos,
Chaco,General Donovan,identidad,General Donovan,22056,georef,https://apis.datos.gob.ar/georef/api/departamentos,
Chaco,General Güemes,identidad,General Güemes,22063,georef,https://apis.datos.gob.ar/georef/api/departamentos,
Chaco,Independencia,identidad,Independencia,22070,georef,https://apis.datos.gob.ar/georef/api/departamentos,
Chaco,Lib. Gral. San Martín,identidad,Libertador General San Martín,22084,georef,https://apis.datos.gob.ar/georef/api/departamentos,abreviatura
Chaco,Libertad,identidad,Libertad,22077,georef,https://apis.datos.gob.ar/georef/api/departamentos,
Chaco,Maipú,identidad,Maipú,22091,georef,https://apis.datos.gob.ar/georef/api/departamentos,
Chaco,Mayor Luis J. Fontana,identidad,Mayor Luis J. Fontana,22098,georef,https://apis.datos.gob.ar/georef/api/departamentos,
Chaco,Nueve de Julio,identidad,9 de Julio,22105,georef,https://apis.datos.gob.ar/georef/api/departamentos,numero->palabra
Chaco,Presidencia de la Plaza,identidad,Presidencia de la Plaza,22119,georef,https://apis.datos.gob.ar/georef/api/departamentos,
Chaco,Primero de Mayo,identidad,1° de Mayo,22126,georef,https://apis.datos.gob.ar/georef/api/departamentos,numero->palabra
Chaco,Quitilipi,identidad,Quitilipi,22133,georef,https://apis.datos.gob.ar/georef/api/departamentos,
Chaco,San Fernando,identidad,San Fernando,22140,georef,https://apis.datos.gob.ar/georef/api/departamentos,
Chaco,San Lorenzo,identidad,San Lorenzo,22147,georef,https://apis.datos.gob.ar/georef/api/departamentos,
Chaco,Sargento Cabral,identidad,Sargento Cabral,22154,georef,https://apis.datos.gob.ar/georef/api/departamentos,
Chaco,Tapenagá,identidad,Tapenagá,22161,georef,https://apis.datos.gob.ar/georef/api/departamentos,
Chaco,Veinticinco de Mayo,identidad,25 de Mayo,22168,georef,https://apis.datos.gob.ar/georef/api/departamentos,numero->palabra
Chubut,Biedma,identidad,Biedma,26007,georef,https://apis.datos.gob.ar/georef/api/departamentos,
Chubut,Chubut,sin_equivalente,,,web,https://es.wikipedia.org/wiki/Anexo:Departamentos_de_la_Provincia_del_Chubut,"ARTEFACTO confirmado vs fuente primaria: Chubut 1960 tiene 15 deptos, ninguno 'Chubut' -> REVISAR IMAGEN"
Chubut,Cushamen,identidad,Cushamen,26014,georef,https://apis.datos.gob.ar/georef/api/departamentos,
Chubut,Escalante,identidad,Escalante,26021,georef,https://apis.datos.gob.ar/georef/api/departamentos,
Chubut,Florentino Ameghino,identidad,Florentino Ameghino,26028,georef,https://apis.datos.gob.ar/georef/api/departamentos,
Chubut,Futaleufú,identidad,Futaleufú,26035,georef,https://apis.datos.gob.ar/georef/api/departamentos,
Chubut,Gaiman,identidad,Gaiman,26042,georef,https://apis.datos.gob.ar/georef/api/departamentos,
Chubut,Gastre,identidad,Gastre,26049,georef,https://apis.datos.gob.ar/georef/api/departamentos,
Chubut,Languiñeo,identidad,Languiñeo,26056,georef,https://apis.datos.gob.ar/georef/api/departamentos,
Chubut,Mártires,identidad,Mártires,26063,georef,https://apis.datos.gob.ar/georef/api/departamentos,
Chubut,Paso de Indios,identidad,Paso de Indios,26070,georef,https://apis.datos.gob.ar/georef/api/departamentos,
Chubut,Rawson,identidad,Rawson,26077,georef,https://apis.datos.gob.ar/georef/api/departamentos,
Chubut,Río Senguer,identidad,Río Senguer,26084,georef,https://apis.datos.gob.ar/georef/api/departamentos,
Chubut,Sarmiento,identidad,Sarmiento,26091,georef,https://apis.datos.gob.ar/georef/api/departamentos,
Chubut,Tehuelches,identidad,Tehuelches,26098,georef,https://apis.datos.gob.ar/georef/api/departamentos,
Chubut,Telsen,identidad,Telsen,26105,georef,https://apis.datos.gob.ar/georef/api/departamentos,
Corrientes,Bella Vista,identidad,Bella Vista,18007,georef,https://apis.datos.gob.ar/georef/api/departamentos,
Corrientes,Berón de Astrada,identidad,Berón de Astrada,18014,georef,https://apis.datos.gob.ar/georef/api/departamentos,
Corrientes,Capital,identidad,Capital,18021,georef,https://apis.datos.gob.ar/georef/api/departamentos,
Corrientes,Concepción,identidad,Concepción,18028,georef,https://apis.datos.gob.ar/georef/api/departamentos,
Corrientes,Curuzú Cuatiá,identidad,Curuzú Cuatiá,18035,georef,https://apis.datos.gob.ar/georef/api/departamentos,
Corrientes,Empedrado,identidad,Empedrado,18042,georef,https://apis.datos.gob.ar/georef/api/departamentos,
Corrientes,Esquina,identidad,Esquina,18049,georef,https://apis.datos.gob.ar/georef/api/departamentos,
Corrientes,General Alvear,identidad,General Alvear,18056,georef,https://apis.datos.gob.ar/georef/api/departamentos,
Corrientes,General Paz,identidad,General Paz,18063,georef,https://apis.datos.gob.ar/georef/api/departamentos,
Corrientes,Goya,identidad,Goya,18070,georef,https://apis.datos.gob.ar/georef/api/departamentos,
Corrientes,Itatí,identidad,Itatí,18077,georef,https://apis.datos.gob.ar/georef/api/departamentos,
Corrientes,Ituzaingó,identidad,Ituzaingó,18084,georef,https://apis.datos.gob.ar/georef/api/departamentos,
Corrientes,Lavalle,identidad,Lavalle,18091,georef,https://apis.datos.gob.ar/georef/api/departamentos,
Corrientes,Mburucuyá,identidad,Mburucuyá,18098,georef,https://apis.datos.gob.ar/georef/api/departamentos,
Corrientes,Mercedes,identidad,Mercedes,18105,georef,https://apis.datos.gob.ar/georef/api/departamentos,
Corrientes,Monte Caseros,identidad,Monte Caseros,18112,georef,https://apis.datos.gob.ar/georef/api/departamentos,
Corrientes,Paso de los Libres,identidad,Paso de los Libres,18119,georef,https://apis.datos.gob.ar/georef/api/departamentos,
Corrientes,Saladas,identidad,Saladas,18126,georef,https://apis.datos.gob.ar/georef/api/departamentos,
Corrientes,San Cosme,identidad,San Cosme,18133,georef,https://apis.datos.gob.ar/georef/api/departamentos,
Corrientes,San Luis del Palmar,identidad,San Luis del Palmar,18140,georef,https://apis.datos.gob.ar/georef/api/departamentos,
Corrientes,San Martín,identidad,San Martín,18147,georef,https://apis.datos.gob.ar/georef/api/departamentos,
Corrientes,San Miguel,identidad,San Miguel,18154,georef,https://apis.datos.gob.ar/georef/api/departamentos,
Corrientes,San Roque,identidad,San Roque,18161,georef,https://apis.datos.gob.ar/georef/api/departamentos,
Corrientes,Santo Tomé,identidad,Santo Tomé,18168,georef,https://apis.datos.gob.ar/georef/api/departamentos,
Corrientes,Sauce,identidad,Sauce,18175,georef,https://apis.datos.gob.ar/georef/api/departamentos,
Córdoba,Calamuchita,identidad,Calamuchita,14007,georef,https://apis.datos.gob.ar/georef/api/departamentos,
Córdoba,Capital,identidad,Capital,14014,georef,https://apis.datos.gob.ar/georef/api/departamentos,
Córdoba,Colón,identidad,Colón,14021,georef,https://apis.datos.gob.ar/georef/api/departamentos,
Córdoba,Cruz del Eje,identidad,Cruz del Eje,14028,georef,https://apis.datos.gob.ar/georef/api/departamentos,
Córdoba,General Roca,identidad,General Roca,14035,georef,https://apis.datos.gob.ar/georef/api/departamentos,
Córdoba,General San Martín,identidad,General San Martín,14042,georef,https://apis.datos.gob.ar/georef/api/departamentos,
Córdoba,Ischilín,identidad,Ischilín,14049,georef,https://apis.datos.gob.ar/georef/api/departamentos,
Córdoba,Juárez Celman,identidad,Juárez Celman,14056,georef,https://apis.datos.gob.ar/georef/api/departamentos,
Córdoba,Marcos Juárez,identidad,Marcos Juárez,14063,georef,https://apis.datos.gob.ar/georef/api/departamentos,
Córdoba,Minas,identidad,Minas,14070,georef,https://apis.datos.gob.ar/georef/api/departamentos,
Córdoba,Pocho,identidad,Pocho,14077,georef,https://apis.datos.gob.ar/georef/api/departamentos,
Córdoba,Pte. Roque Sáenz Peña,identidad,Presidente Roque Sáenz Peña,14084,georef,https://apis.datos.gob.ar/georef/api/departamentos,abreviatura
Córdoba,Punilla,identidad,Punilla,14091,georef,https://apis.datos.gob.ar/georef/api/departamentos,
Córdoba,Río Cuarto,identidad,Río Cuarto,14098,georef,https://apis.datos.gob.ar/georef/api/departamentos,
Córdoba,Río Primero,identidad,Río Primero,14105,georef,https://apis.datos.gob.ar/georef/api/departamentos,
Córdoba,Río Seco,identidad,Río Seco,14112,georef,https://apis.datos.gob.ar/georef/api/departamentos,
Córdoba,Río Segundo,identidad,Río Segundo,14119,georef,https://apis.datos.gob.ar/georef/api/departamentos,
Córdoba,San Alberto,identidad,San Alberto,14126,georef,https://apis.datos.gob.ar/georef/api/departamentos,
Córdoba,San Javier,identidad,San Javier,14133,georef,https://apis.datos.gob.ar/georef/api/departamentos,
Córdoba,San Justo,identidad,San Justo,14140,georef,https://apis.datos.gob.ar/georef/api/departamentos,
Córdoba,Santa María,identidad,Santa María,14147,georef,https://apis.datos.gob.ar/georef/api/departamentos,
Córdoba,Sobremonte,identidad,Sobremonte,14154,georef,https://apis.datos.gob.ar/georef/api/departamentos,
Córdoba,Tercero Arriba,identidad,Tercero Arriba,14161,georef,https://apis.datos.gob.ar/georef/api/departamentos,
Córdoba,Totoral,identidad,Totoral,14168,georef,https://apis.datos.gob.ar/georef/api/departamentos,
Córdoba,Tulumba,identidad,Tulumba,14175,georef,https://apis.datos.gob.ar/georef/api/departamentos,
Córdoba,Unión,identidad,Unión,14182,georef,https://apis.datos.gob.ar/georef/api/departamentos,
Entre Ríos,Colón,identidad,Colón,30008,georef,https://apis.datos.gob.ar/georef/api/departamentos,
Entre Ríos,Colón,split,San Salvador,30088,web,https://es.wikipedia.org/wiki/Departamento_San_Salvador,Ley 8981 (1995)
Entre Ríos,Concordia,identidad,Concordia,30015,georef,https://apis.datos.gob.ar/georef/api/departamentos,
Entre Ríos,Concordia,split,Federal,30035,web,https://es.wikipedia.org/wiki/Departamento_Federal,Ley 5169 (1972)
Entre Ríos,Concordia,split,San Salvador,30088,web,https://es.wikipedia.org/wiki/Departamento_San_Salvador,Ley 8981 (1995)
Entre Ríos,Diamante,identidad,Diamante,30021,georef,https://apis.datos.gob.ar/georef/api/departamentos,
Entre Ríos,Federación,identidad,Federación,30028,georef,https://apis.datos.gob.ar/georef/api/departamentos,
Entre Ríos,Feliciano,identidad,Feliciano,30042,georef,https://apis.datos.gob.ar/georef/api/departamentos,
Entre Ríos,Gualeguay,identidad,Gualeguay,30049,georef,https://apis.datos.gob.ar/georef/api/departamentos,
Entre Ríos,Gualeguaychú,identidad,Gualeguaychú,30056,georef,https://apis.datos.gob.ar/georef/api/departamentos,
Entre Ríos,Gualeguaychú,split,Islas del Ibicuy,30063,web,https://es.wikipedia.org/wiki/Departamento_Islas_del_Ibicuy,Ley 7297 (1984)
Entre Ríos,La Paz,identidad,La Paz,30070,georef,https://apis.datos.gob.ar/georef/api/departamentos,
Entre Ríos,La Paz,split,Federal,30035,web,https://es.wikipedia.org/wiki/Departamento_Federal,Ley 5169 (1972)
Entre Ríos,Nogoyá,identidad,Nogoyá,30077,georef,https://apis.datos.gob.ar/georef/api/departamentos,
Entre Ríos,Paraná,identidad,Paraná,30084,georef,https://apis.datos.gob.ar/georef/api/departamentos,
Entre Ríos,Tala,identidad,Tala,30091,georef,https://apis.datos.gob.ar/georef/api/departamentos,
Entre Ríos,Uruguay,identidad,Uruguay,30098,georef,https://apis.datos.gob.ar/georef/api/departamentos,
Entre Ríos,Victoria,identidad,Victoria,30105,georef,https://apis.datos.gob.ar/georef/api/departamentos,
Entre Ríos,Villaguay,identidad,Villaguay,30113,georef,https://apis.datos.gob.ar/georef/api/departamentos,
Entre Ríos,Villaguay,split,Federal,30035,web,https://es.wikipedia.org/wiki/Departamento_Federal,Ley 5169 (1972)
Entre Ríos,Villaguay,split,San Salvador,30088,web,https://es.wikipedia.org/wiki/Departamento_San_Salvador,Ley 8981 (1995)
Formosa,Bermejo,identidad,Bermejo,34007,georef,https://apis.datos.gob.ar/georef/api/departamentos,
Formosa,Formosa,identidad,Formosa,34014,georef,https://apis.datos.gob.ar/georef/api/departamentos,
Formosa,Laishí,identidad,Laishi,34021,georef,https://apis.datos.gob.ar/georef/api/departamentos,
Formosa,Matacos,identidad,Matacos,34028,georef,https://apis.datos.gob.ar/georef/api/departamentos,
Formosa,Patiño,identidad,Patiño,34035,georef,https://apis.datos.gob.ar/georef/api/departamentos,
Formosa,Pilagás,identidad,Pilagás,34042,georef,https://apis.datos.gob.ar/georef/api/departamentos,
Formosa,Pilcomayo,identidad,Pilcomayo,34049,georef,https://apis.datos.gob.ar/georef/api/departamentos,
Formosa,Pirané,identidad,Pirané,34056,georef,https://apis.datos.gob.ar/georef/api/departamentos,
Formosa,Ramón Lista,identidad,Ramón Lista,34063,georef,https://apis.datos.gob.ar/georef/api/departamentos,
Jujuy,Capital,rename,Dr. Manuel Belgrano,38021,web,https://en.wikipedia.org/wiki/Doctor_Manuel_Belgrano_Department,fuente 1960 lista 'Capital'; nombre moderno Georef = 'Dr. Manuel Belgrano'
Jujuy,Capital,split,Palpalá,38042,web,https://eltribunodejujuy.com/,ley 4252 (1986)
Jujuy,Cochinoca,identidad,Cochinoca,38007,georef,https://apis.datos.gob.ar/georef/api/departamentos,
Jujuy,El Carmen,identidad,El Carmen,38014,georef,https://apis.datos.gob.ar/georef/api/departamentos,
Jujuy,Humahuaca,identidad,Humahuaca,38028,georef,https://apis.datos.gob.ar/georef/api/departamentos,
Jujuy,Ledesma,identidad,Ledesma,38035,georef,https://apis.datos.gob.ar/georef/api/departamentos,
Jujuy,Rinconada,identidad,Rinconada,38049,georef,https://apis.datos.gob.ar/georef/api/departamentos,
Jujuy,San Antonio,identidad,San Antonio,38056,georef,https://apis.datos.gob.ar/georef/api/departamentos,
Jujuy,San Pedro,identidad,San Pedro,38063,georef,https://apis.datos.gob.ar/georef/api/departamentos,
Jujuy,Santa Bárbara,identidad,Santa Bárbara,38070,georef,https://apis.datos.gob.ar/georef/api/departamentos,
Jujuy,Santa Catalina,identidad,Santa Catalina,38077,georef,https://apis.datos.gob.ar/georef/api/departamentos,
Jujuy,Susques,identidad,Susques,38084,georef,https://apis.datos.gob.ar/georef/api/departamentos,
Jujuy,Tilcara,identidad,Tilcara,38094,georef,https://apis.datos.gob.ar/georef/api/departamentos,
Jujuy,Tumbaya,identidad,Tumbaya,38098,georef,https://apis.datos.gob.ar/georef/api/departamentos,
Jujuy,Valle Grande,identidad,Valle Grande,38105,georef,https://apis.datos.gob.ar/georef/api/departamentos,
Jujuy,Yaví,identidad,Yavi,38112,georef,https://apis.datos.gob.ar/georef/api/departamentos,
La Pampa,Atreucó,identidad,Atreucó,42007,georef,https://apis.datos.gob.ar/georef/api/departamentos,
La Pampa,Caleu-Caleu,identidad,Caleu Caleu,42014,georef,https://apis.datos.gob.ar/georef/api/departamentos,
La Pampa,Capital,identidad,Capital,42021,georef,https://apis.datos.gob.ar/georef/api/departamentos,
La Pampa,Caseros,sin_equivalente,,,web,https://es.wikipedia.org/wiki/Partido_de_Daireaux,ANOMALIA confirmada vs fuente primaria: La Pampa 1960 NO tiene depto 'Caseros' (22 deptos). Localidad (La Larga) seria de BA Daireaux -> 3.3
La Pampa,Catriló,identidad,Catriló,42028,georef,https://apis.datos.gob.ar/georef/api/departamentos,
La Pampa,Chalileo,identidad,Chalileo,42049,georef,https://apis.datos.gob.ar/georef/api/departamentos,
La Pampa,Chapaleufú,identidad,Chapaleufú,42056,georef,https://apis.datos.gob.ar/georef/api/departamentos,
La Pampa,Chical-Có,identidad,Chical Co,42063,georef,https://apis.datos.gob.ar/georef/api/departamentos,
La Pampa,Conhello,identidad,Conhelo,42035,georef,https://apis.datos.gob.ar/georef/api/departamentos,grafia
La Pampa,Cura-Có,identidad,Curacó,42042,georef,https://apis.datos.gob.ar/georef/api/departamentos,grafia
La Pampa,Guatraché,identidad,Guatraché,42070,georef,https://apis.datos.gob.ar/georef/api/departamentos,
La Pampa,Hucal,identidad,Hucal,42077,georef,https://apis.datos.gob.ar/georef/api/departamentos,
La Pampa,Lihuel-Calel,identidad,Lihuel Calel,42084,georef,https://apis.datos.gob.ar/georef/api/departamentos,
La Pampa,Limay-Mahuída,identidad,Limay Mahuida,42091,georef,https://apis.datos.gob.ar/georef/api/departamentos,
La Pampa,Loventué,identidad,Loventué,42098,georef,https://apis.datos.gob.ar/georef/api/departamentos,
La Pampa,Maracó,identidad,Maracó,42105,georef,https://apis.datos.gob.ar/georef/api/departamentos,
La Pampa,Puelén,identidad,Puelén,42112,georef,https://apis.datos.gob.ar/georef/api/departamentos,
La Pampa,Quemú-Quemú,identidad,Quemú Quemú,42119,georef,https://apis.datos.gob.ar/georef/api/departamentos,
La Pampa,Rancul,identidad,Rancul,42126,georef,https://apis.datos.gob.ar/georef/api/departamentos,
La Pampa,Realicó,identidad,Realicó,42133,georef,https://apis.datos.gob.ar/georef/api/departamentos,
La Pampa,Toay,identidad,Toay,42140,georef,https://apis.datos.gob.ar/georef/api/departamentos,
La Pampa,Trenel,identidad,Trenel,42147,georef,https://apis.datos.gob.ar/georef/api/departamentos,
La Pampa,Utracán,identidad,Utracán,42154,georef,https://apis.datos.gob.ar/georef/api/departamentos,
La Rioja,Arauco,identidad,Arauco,46007,georef,https://apis.datos.gob.ar/georef/api/departamentos,
La Rioja,Capital,identidad,Capital,46014,georef,https://apis.datos.gob.ar/georef/api/departamentos,
La Rioja,Castro Barros,identidad,Castro Barros,46021,georef,https://apis.datos.gob.ar/georef/api/departamentos,
La Rioja,Chilecito,identidad,Chilecito,46042,georef,https://apis.datos.gob.ar/georef/api/departamentos,
La Rioja,Famatina,identidad,Famatina,46049,georef,https://apis.datos.gob.ar/georef/api/departamentos,
La Rioja,General Belgrano,identidad,General Belgrano,46063,georef,https://apis.datos.gob.ar/georef/api/departamentos,
La Rioja,General Lamadrid,identidad,General Lamadrid,46077,georef,https://apis.datos.gob.ar/georef/api/departamentos,
La Rioja,General Lavalle,rename,General Felipe Varela,46028,web,https://es.wikipedia.org/wiki/Departamento_General_Felipe_Varela,cabecera Villa Unión
La Rioja,General Ocampo,rename,General Ortiz de Ocampo,46084,web,https://es.wikipedia.org/wiki/Departamento_General_Ortiz_de_Ocampo,forma completa
La Rioja,General Roca,rename,Rosario Vera Peñaloza,46112,web,https://es.wikipedia.org/wiki/Departamento_Rosario_Vera_Pe%C3%B1aloza,Ley 2890/1964
La Rioja,General San Martín,identidad,General San Martín,46091,georef,https://apis.datos.gob.ar/georef/api/departamentos,
La Rioja,General Sarmiento,rename,Vinchina,46098,web,https://es.wikipedia.org/wiki/Departamento_Vinchina,revertido a Vinchina 1989
La Rioja,Gobernador Gordillo,rename,Chamical,46035,web,https://en.wikipedia.org/wiki/Chamical_Department,renombrado 1987
La Rioja,Independencia,identidad,Independencia,46105,georef,https://apis.datos.gob.ar/georef/api/departamentos,
La Rioja,Rivadavia,rename,General Juan Facundo Quiroga,46070,web,https://es.wikipedia.org/wiki/Departamento_General_Juan_Facundo_Quiroga,renombrado 1948; la fuente 1960 aun imprime 'Rivadavia'
La Rioja,San Blas de los Sauces,identidad,San Blas de Los Sauces,46119,georef,https://apis.datos.gob.ar/georef/api/departamentos,
La Rioja,Sanagasta,identidad,Sanagasta,46126,georef,https://apis.datos.gob.ar/georef/api/departamentos,
La Rioja,Vélez Sarsfield,rename,Ángel Vicente Peñaloza,46056,web,https://es.wikipedia.org/wiki/Departamento_General_%C3%81ngel_V._Pe%C3%B1aloza,"Ley 2890/1964. P3 CORREGIDO: Georef lo llama 'Ángel Vicente Peñaloza' [46056], sin 'General'"
Mendoza,Capital,identidad,Capital,50007,georef,https://apis.datos.gob.ar/georef/api/departamentos,
Mendoza,General Alvear,identidad,General Alvear,50014,georef,https://apis.datos.gob.ar/georef/api/departamentos,
Mendoza,Godoy Cruz,identidad,Godoy Cruz,50021,georef,https://apis.datos.gob.ar/georef/api/departamentos,
Mendoza,Guaymallén,identidad,Guaymallén,50028,georef,https://apis.datos.gob.ar/georef/api/departamentos,
Mendoza,Junín,identidad,Junín,50035,georef,https://apis.datos.gob.ar/georef/api/departamentos,
Mendoza,La Paz,identidad,La Paz,50042,georef,https://apis.datos.gob.ar/georef/api/departamentos,
Mendoza,Las Heras,identidad,Las Heras,50049,georef,https://apis.datos.gob.ar/georef/api/departamentos,
Mendoza,Lavalle,identidad,Lavalle,50056,georef,https://apis.datos.gob.ar/georef/api/departamentos,
Mendoza,Luján,rename,Luján de Cuyo,50063,web,https://es.wikipedia.org/wiki/Departamento_de_Luj%C3%A1n_de_Cuyo,renombrado 1964
Mendoza,Maipú,identidad,Maipú,50070,georef,https://apis.datos.gob.ar/georef/api/departamentos,
Mendoza,Malargüe,identidad,Malargüe,50077,georef,https://apis.datos.gob.ar/georef/api/departamentos,
Mendoza,Rivadavia,identidad,Rivadavia,50084,georef,https://apis.datos.gob.ar/georef/api/departamentos,
Mendoza,San Carlos,identidad,San Carlos,50091,georef,https://apis.datos.gob.ar/georef/api/departamentos,
Mendoza,San Martín,identidad,San Martín,50098,georef,https://apis.datos.gob.ar/georef/api/departamentos,
Mendoza,San Rafael,identidad,San Rafael,50105,georef,https://apis.datos.gob.ar/georef/api/departamentos,
Mendoza,Santa Rosa,identidad,Santa Rosa,50112,georef,https://apis.datos.gob.ar/georef/api/departamentos,
Mendoza,Tunuyán,identidad,Tunuyán,50119,georef,https://apis.datos.gob.ar/georef/api/departamentos,
Mendoza,Tupungato,identidad,Tupungato,50126,georef,https://apis.datos.gob.ar/georef/api/departamentos,
Misiones,25 de Mayo,identidad,25 de Mayo,54119,georef,https://apis.datos.gob.ar/georef/api/departamentos,
Misiones,Apóstoles,identidad,Apóstoles,54007,georef,https://apis.datos.gob.ar/georef/api/departamentos,
Misiones,Cainguás,identidad,Cainguás,54014,georef,https://apis.datos.gob.ar/georef/api/departamentos,
Misiones,Candelaria,identidad,Candelaria,54021,georef,https://apis.datos.gob.ar/georef/api/departamentos,
Misiones,Capital,identidad,Capital,54028,georef,https://apis.datos.gob.ar/georef/api/departamentos,
Misiones,Concepción,identidad,Concepción,54035,georef,https://apis.datos.gob.ar/georef/api/departamentos,
Misiones,Eldorado,identidad,Eldorado,54042,georef,https://apis.datos.gob.ar/georef/api/departamentos,
Misiones,General Belgrano,rename,General Manuel Belgrano,54049,georef,https://apis.datos.gob.ar/georef/api/departamentos,nombre expandido
Misiones,Guaraní,identidad,Guaraní,54056,georef,https://apis.datos.gob.ar/georef/api/departamentos,
Misiones,Iguazú,identidad,Iguazú,54063,georef,https://apis.datos.gob.ar/georef/api/departamentos,
Misiones,Leandro N. Alem,identidad,Leandro N. Alem,54070,georef,https://apis.datos.gob.ar/georef/api/departamentos,
Misiones,Lib. Gral. San Martín,identidad,Libertador General San Martín,54077,georef,https://apis.datos.gob.ar/georef/api/departamentos,abreviatura
Misiones,Montecarlo,identidad,Montecarlo,54084,georef,https://apis.datos.gob.ar/georef/api/departamentos,
Misiones,Oberá,identidad,Oberá,54091,georef,https://apis.datos.gob.ar/georef/api/departamentos,
Misiones,San Ignacio,identidad,San Ignacio,54098,georef,https://apis.datos.gob.ar/georef/api/departamentos,
Misiones,San Javier,identidad,San Javier,54105,georef,https://apis.datos.gob.ar/georef/api/departamentos,
Misiones,San Pedro,identidad,San Pedro,54112,georef,https://apis.datos.gob.ar/georef/api/departamentos,
Neuquén,Aluminé,identidad,Aluminé,58007,georef,https://apis.datos.gob.ar/georef/api/departamentos,
Neuquén,Añelo,identidad,Añelo,58014,georef,https://apis.datos.gob.ar/georef/api/departamentos,
Neuquén,Catán-Lil,identidad,Catán Lil,58021,georef,https://apis.datos.gob.ar/georef/api/departamentos,
Neuquén,Chos-Malal,identidad,Chos Malal,58042,georef,https://apis.datos.gob.ar/georef/api/departamentos,
Neuquén,Collón-Curá,identidad,Collón Curá,58028,georef,https://apis.datos.gob.ar/georef/api/departamentos,
Neuquén,Confluencia,identidad,Confluencia,58035,georef,https://apis.datos.gob.ar/georef/api/departamentos,
Neuquén,Huiliches,identidad,Huiliches,58049,georef,https://apis.datos.gob.ar/georef/api/departamentos,
Neuquén,Loncopué,identidad,Loncopué,58063,georef,https://apis.datos.gob.ar/georef/api/departamentos,
Neuquén,Los Lagos,identidad,Los Lagos,58070,georef,https://apis.datos.gob.ar/georef/api/departamentos,
Neuquén,Lácar,identidad,Lácar,58056,georef,https://apis.datos.gob.ar/georef/api/departamentos,
Neuquén,Minas,identidad,Minas,58077,georef,https://apis.datos.gob.ar/georef/api/departamentos,
Neuquén,Norquín,identidad,Ñorquín,58084,georef,https://apis.datos.gob.ar/georef/api/departamentos,
Neuquén,Pehuenches,identidad,Pehuenches,58091,georef,https://apis.datos.gob.ar/georef/api/departamentos,
Neuquén,Picunches,identidad,Picunches,58105,georef,https://apis.datos.gob.ar/georef/api/departamentos,
Neuquén,Picún-Leufú,identidad,Picún Leufú,58098,georef,https://apis.datos.gob.ar/georef/api/departamentos,
Neuquén,Zapala,identidad,Zapala,58112,georef,https://apis.datos.gob.ar/georef/api/departamentos,
Río Negro,25 de Mayo,identidad,25 de Mayo,62091,georef,https://apis.datos.gob.ar/georef/api/departamentos,
Río Negro,9 de Julio,identidad,9 de Julio,62049,georef,https://apis.datos.gob.ar/georef/api/departamentos,
Río Negro,Adolfo Alsina,identidad,Adolfo Alsina,62007,georef,https://apis.datos.gob.ar/georef/api/departamentos,
Río Negro,Avellaneda,identidad,Avellaneda,62014,georef,https://apis.datos.gob.ar/georef/api/departamentos,
Río Negro,Bariloche,identidad,Bariloche,62021,georef,https://apis.datos.gob.ar/georef/api/departamentos,
Río Negro,El Cuy,identidad,El Cuy,62035,georef,https://apis.datos.gob.ar/georef/api/departamentos,
Río Negro,General Conesa,rename,Conesa,62028,georef,https://apis.datos.gob.ar/georef/api/departamentos,forma corta
Río Negro,General Roca,identidad,General Roca,62042,georef,https://apis.datos.gob.ar/georef/api/departamentos,
Río Negro,Norquincó,identidad,Ñorquinco,62056,georef,https://apis.datos.gob.ar/georef/api/departamentos,
Río Negro,Pichi-Mahuida,identidad,Pichi Mahuida,62063,georef,https://apis.datos.gob.ar/georef/api/departamentos,
Río Negro,Pilcaniyeu,identidad,Pilcaniyeu,62070,georef,https://apis.datos.gob.ar/georef/api/departamentos,
Río Negro,San Antonio,identidad,San Antonio,62077,georef,https://apis.datos.gob.ar/georef/api/departamentos,
Río Negro,Valcheta,identidad,Valcheta,62084,georef,https://apis.datos.gob.ar/georef/api/departamentos,
Salta,Anta,identidad,Anta,66007,georef,https://apis.datos.gob.ar/georef/api/departamentos,
Salta,Cachi,identidad,Cachi,66014,georef,https://apis.datos.gob.ar/georef/api/departamentos,
Salta,Cafayate,identidad,Cafayate,66021,georef,https://apis.datos.gob.ar/georef/api/departamentos,
Salta,Candelaria,identidad,La Candelaria,66084,georef,https://apis.datos.gob.ar/georef/api/departamentos,articulo
Salta,Capital,identidad,Capital,66028,georef,https://apis.datos.gob.ar/georef/api/departamentos,
Salta,Cerrillos,identidad,Cerrillos,66035,georef,https://apis.datos.gob.ar/georef/api/departamentos,
Salta,Chicoana,identidad,Chicoana,66042,georef,https://apis.datos.gob.ar/georef/api/departamentos,
Salta,General Martín Miguel de Güemes,identidad,General Güemes,66049,georef,https://apis.datos.gob.ar/georef/api/departamentos,forma corta
Salta,Gral. J. de San Martín,identidad,General José de San Martín,66056,georef,https://apis.datos.gob.ar/georef/api/departamentos,abreviatura
Salta,Guachipas,identidad,Guachipas,66063,georef,https://apis.datos.gob.ar/georef/api/departamentos,
Salta,Iruya,identidad,Iruya,66070,georef,https://apis.datos.gob.ar/georef/api/departamentos,
Salta,La Caldera,identidad,La Caldera,66077,georef,https://apis.datos.gob.ar/georef/api/departamentos,
Salta,La Poma,identidad,La Poma,66091,georef,https://apis.datos.gob.ar/georef/api/departamentos,
Salta,La Viña,identidad,La Viña,66098,georef,https://apis.datos.gob.ar/georef/api/departamentos,
Salta,Los Andes,identidad,Los Andes,66105,georef,https://apis.datos.gob.ar/georef/api/departamentos,
Salta,Metán,identidad,Metán,66112,georef,https://apis.datos.gob.ar/georef/api/departamentos,
Salta,Molinos,identidad,Molinos,66119,georef,https://apis.datos.gob.ar/georef/api/departamentos,
Salta,Orán,identidad,Orán,66126,georef,https://apis.datos.gob.ar/georef/api/departamentos,
Salta,Rivadavia,identidad,Rivadavia,66133,georef,https://apis.datos.gob.ar/georef/api/departamentos,
Salta,Rosario de Lerma,identidad,Rosario de Lerma,66147,georef,https://apis.datos.gob.ar/georef/api/departamentos,
Salta,Rosario de la Frontera,identidad,Rosario de la Frontera,66140,georef,https://apis.datos.gob.ar/georef/api/departamentos,
Salta,San Carlos,identidad,San Carlos,66154,georef,https://apis.datos.gob.ar/georef/api/departamentos,
Salta,Santa Victoria,identidad,Santa Victoria,66161,georef,https://apis.datos.gob.ar/georef/api/departamentos,
San Juan,Albardón,identidad,Albardón,70007,georef,https://apis.datos.gob.ar/georef/api/departamentos,
San Juan,Angaco,identidad,Angaco,70014,georef,https://apis.datos.gob.ar/georef/api/departamentos,
San Juan,Calingasta,identidad,Calingasta,70021,georef,https://apis.datos.gob.ar/georef/api/departamentos,
San Juan,Capital,identidad,Capital,70028,georef,https://apis.datos.gob.ar/georef/api/departamentos,
San Juan,Caucete,identidad,Caucete,70035,georef,https://apis.datos.gob.ar/georef/api/departamentos,
San Juan,Chimbas,identidad,Chimbas,70042,georef,https://apis.datos.gob.ar/georef/api/departamentos,
San Juan,Iglesia,identidad,Iglesia,70049,georef,https://apis.datos.gob.ar/georef/api/departamentos,
San Juan,Jáchal,identidad,Jáchal,70056,georef,https://apis.datos.gob.ar/georef/api/departamentos,
San Juan,Nueve de Julio,identidad,9 de Julio,70063,georef,https://apis.datos.gob.ar/georef/api/departamentos,numero->palabra
San Juan,Pocito,identidad,Pocito,70070,georef,https://apis.datos.gob.ar/georef/api/departamentos,
San Juan,Rawson,identidad,Rawson,70077,georef,https://apis.datos.gob.ar/georef/api/departamentos,
San Juan,Rivadavia,identidad,Rivadavia,70084,georef,https://apis.datos.gob.ar/georef/api/departamentos,
San Juan,San Martín,identidad,San Martín,70091,georef,https://apis.datos.gob.ar/georef/api/departamentos,
San Juan,Santa Lucía,identidad,Santa Lucía,70098,georef,https://apis.datos.gob.ar/georef/api/departamentos,
San Juan,Sarmiento,identidad,Sarmiento,70105,georef,https://apis.datos.gob.ar/georef/api/departamentos,
San Juan,Ullún,identidad,Ullum,70112,georef,https://apis.datos.gob.ar/georef/api/departamentos,grafia
San Juan,Valle Fértil,identidad,Valle Fértil,70119,georef,https://apis.datos.gob.ar/georef/api/departamentos,
San Juan,Veinticinco de Mayo,identidad,25 de Mayo,70126,georef,https://apis.datos.gob.ar/georef/api/departamentos,numero->palabra
San Luis,Ayacucho,identidad,Ayacucho,74007,georef,https://apis.datos.gob.ar/georef/api/departamentos,
San Luis,Belgrano,identidad,Belgrano,74014,georef,https://apis.datos.gob.ar/georef/api/departamentos,
San Luis,Chacabuco,identidad,Chacabuco,74028,georef,https://apis.datos.gob.ar/georef/api/departamentos,
San Luis,Coronel Pringles,identidad,Coronel Pringles,74021,georef,https://apis.datos.gob.ar/georef/api/departamentos,
San Luis,General Pedernera,identidad,General Pedernera,74035,georef,https://apis.datos.gob.ar/georef/api/departamentos,
San Luis,Gobernador Dupuy,identidad,Gobernador Dupuy,74042,georef,https://apis.datos.gob.ar/georef/api/departamentos,
San Luis,Junín,identidad,Junín,74049,georef,https://apis.datos.gob.ar/georef/api/departamentos,
San Luis,La Capital,rename,Juan Martín de Pueyrredón,74056,web,https://es.wikipedia.org/wiki/Departamento_La_Capital_(San_Luis),Ley V-0748/2010
San Luis,San Martín,rename,Libertador General San Martín,74063,web,https://es.wikipedia.org/wiki/Departamento_La_Capital_(San_Luis),Georef no tiene 'San Martín' a secas en San Luis
Santa Cruz,Corpen Aike,identidad,Corpen Aike,78007,georef,https://apis.datos.gob.ar/georef/api/departamentos,
Santa Cruz,Deseado,identidad,Deseado,78014,georef,https://apis.datos.gob.ar/georef/api/departamentos,
Santa Cruz,Güer Aike,identidad,Güer Aike,78021,georef,https://apis.datos.gob.ar/georef/api/departamentos,
Santa Cruz,Lago Argentino,identidad,Lago Argentino,78028,georef,https://apis.datos.gob.ar/georef/api/departamentos,
Santa Cruz,Lago Buenos Aires,identidad,Lago Buenos Aires,78035,georef,https://apis.datos.gob.ar/georef/api/departamentos,
Santa Cruz,Magallanes,identidad,Magallanes,78042,georef,https://apis.datos.gob.ar/georef/api/departamentos,
Santa Cruz,Río Chico,identidad,Río Chico,78049,georef,https://apis.datos.gob.ar/georef/api/departamentos,
Santa Fe,9 de Julio,identidad,9 de Julio,82077,georef,https://apis.datos.gob.ar/georef/api/departamentos,
Santa Fe,Belgrano,identidad,Belgrano,82007,georef,https://apis.datos.gob.ar/georef/api/departamentos,
Santa Fe,Caseros,identidad,Caseros,82014,georef,https://apis.datos.gob.ar/georef/api/departamentos,
Santa Fe,Castellanos,identidad,Castellanos,82021,georef,https://apis.datos.gob.ar/georef/api/departamentos,
Santa Fe,Constitución,identidad,Constitución,82028,georef,https://apis.datos.gob.ar/georef/api/departamentos,
Santa Fe,Garay,identidad,Garay,82035,georef,https://apis.datos.gob.ar/georef/api/departamentos,
Santa Fe,General López,identidad,General López,82042,georef,https://apis.datos.gob.ar/georef/api/departamentos,
Santa Fe,General Obligado,identidad,General Obligado,82049,georef,https://apis.datos.gob.ar/georef/api/departamentos,
Santa Fe,Iriondo,identidad,Iriondo,82056,georef,https://apis.datos.gob.ar/georef/api/departamentos,
Santa Fe,La Capital,identidad,La Capital,82063,georef,https://apis.datos.gob.ar/georef/api/departamentos,
Santa Fe,Las Colonias,identidad,Las Colonias,82070,georef,https://apis.datos.gob.ar/georef/api/departamentos,
Santa Fe,Nueve de Julio,identidad,9 de Julio,82077,georef,https://apis.datos.gob.ar/georef/api/departamentos,DOBLE-GRAFIA 1B: = '9 de Julio'; fuente 1960 lista 'Nueve de Julio' (19 deptos)
Santa Fe,Rosario,identidad,Rosario,82084,georef,https://apis.datos.gob.ar/georef/api/departamentos,
Santa Fe,San Cristóbal,identidad,San Cristóbal,82091,georef,https://apis.datos.gob.ar/georef/api/departamentos,
Santa Fe,San Javier,identidad,San Javier,82098,georef,https://apis.datos.gob.ar/georef/api/departamentos,
Santa Fe,San Jerónimo,identidad,San Jerónimo,82105,georef,https://apis.datos.gob.ar/georef/api/departamentos,
Santa Fe,San Justo,identidad,San Justo,82112,georef,https://apis.datos.gob.ar/georef/api/departamentos,
Santa Fe,San Lorenzo,identidad,San Lorenzo,82119,georef,https://apis.datos.gob.ar/georef/api/departamentos,
Santa Fe,San Martín,identidad,San Martín,82126,georef,https://apis.datos.gob.ar/georef/api/departamentos,
Santa Fe,Vera,identidad,Vera,82133,georef,https://apis.datos.gob.ar/georef/api/departamentos,
Santiago del Estero,Aguirre,identidad,Aguirre,86007,georef,https://apis.datos.gob.ar/georef/api/departamentos,
Santiago del Estero,Alberdi,identidad,Alberdi,86014,georef,https://apis.datos.gob.ar/georef/api/departamentos,
Santiago del Estero,Atamisqui,identidad,Atamisqui,86021,georef,https://apis.datos.gob.ar/georef/api/departamentos,
Santiago del Estero,Avellaneda,identidad,Avellaneda,86028,georef,https://apis.datos.gob.ar/georef/api/departamentos,
Santiago del Estero,Banda,identidad,Banda,86035,georef,https://apis.datos.gob.ar/georef/api/departamentos,
Santiago del Estero,Belgrano,identidad,Belgrano,86042,georef,https://apis.datos.gob.ar/georef/api/departamentos,
Santiago del Estero,Capital,identidad,Capital,86049,georef,https://apis.datos.gob.ar/georef/api/departamentos,
Santiago del Estero,Choya,identidad,Choya,86063,georef,https://apis.datos.gob.ar/georef/api/departamentos,
Santiago del Estero,Copo,identidad,Copo,86056,georef,https://apis.datos.gob.ar/georef/api/departamentos,
Santiago del Estero,Figueroa,identidad,Figueroa,86070,georef,https://apis.datos.gob.ar/georef/api/departamentos,
Santiago del Estero,General Taboada,identidad,General Taboada,86077,georef,https://apis.datos.gob.ar/georef/api/departamentos,
Santiago del Estero,Guasayán,identidad,Guasayán,86084,georef,https://apis.datos.gob.ar/georef/api/departamentos,
Santiago del Estero,Jiménez,identidad,Jiménez,86091,georef,https://apis.datos.gob.ar/georef/api/departamentos,
Santiago del Estero,Loreto,identidad,Loreto,86105,georef,https://apis.datos.gob.ar/georef/api/departamentos,
Santiago del Estero,Matará,rename,Juan Felipe Ibarra,86098,web,https://en.wikipedia.org/wiki/Juan_Felipe_Ibarra_Department,"Ley prov. 4091/1974 (RENAME, no split — confirmado 3.1b)"
Santiago del Estero,Mitre,identidad,Mitre,86112,georef,https://apis.datos.gob.ar/georef/api/departamentos,
Santiago del Estero,Moreno,identidad,Moreno,86119,georef,https://apis.datos.gob.ar/georef/api/departamentos,
Santiago del Estero,Ojo de Agua,identidad,Ojo de Agua,86126,georef,https://apis.datos.gob.ar/georef/api/departamentos,
Santiago del Estero,Pellegrini,identidad,Pellegrini,86133,georef,https://apis.datos.gob.ar/georef/api/departamentos,
Santiago del Estero,Quebrachos,identidad,Quebrachos,86140,georef,https://apis.datos.gob.ar/georef/api/departamentos,
Santiago del Estero,Rivadavia,identidad,Rivadavia,86154,georef,https://apis.datos.gob.ar/georef/api/departamentos,
Santiago del Estero,Robles,identidad,Robles,86161,georef,https://apis.datos.gob.ar/georef/api/departamentos,
Santiago del Estero,Río Hondo,identidad,Río Hondo,86147,georef,https://apis.datos.gob.ar/georef/api/departamentos,
Santiago del Estero,Salavina,identidad,Salavina,86168,georef,https://apis.datos.gob.ar/georef/api/departamentos,
Santiago del Estero,San Martín,identidad,San Martín,86175,georef,https://apis.datos.gob.ar/georef/api/departamentos,
Santiago del Estero,Sarmiento,identidad,Sarmiento,86182,georef,https://apis.datos.gob.ar/georef/api/departamentos,
Santiago del Estero,Silípica,identidad,Silípica,86189,georef,https://apis.datos.gob.ar/georef/api/departamentos,
Tierra del Fuego,San Sebastián,rename,Río Grande,94008,web,"https://es.wikipedia.org/wiki/Anexo:Departamentos_de_la_provincia_de_Tierra_del_Fuego,_Ant%C3%A1rtida_e_Islas_del_Atl%C3%A1ntico_Sur",Decreto 149/70 (RENAME)
Tierra del Fuego,San Sebastián,split,Tolhuin,94011,web,https://www.tierradelfuego.gob.ar/,"Ley prov. 1186 (2017), de Río Grande"
Tierra del Fuego,Ushuaia,identidad,Ushuaia,94015,georef,https://apis.datos.gob.ar/georef/api/departamentos,
Tucumán,Burruyacú,identidad,Burruyacú,90007,georef,https://apis.datos.gob.ar/georef/api/departamentos,
Tucumán,Capital,identidad,Capital,90084,georef,https://apis.datos.gob.ar/georef/api/departamentos,
Tucumán,Capital,split,Yerba Buena,90119,web,https://es.wikipedia.org/wiki/Anexo:Departamentos_de_la_provincia_de_Tucumán,ley 4518 (1976)
Tucumán,Chicligasta,identidad,Chicligasta,90021,georef,https://apis.datos.gob.ar/georef/api/departamentos,
Tucumán,Chicligasta,split,Simoca,90091,web,http://biblioteca.cfi.org.ar/,ley 4518 (1976)
Tucumán,Cruz Alta,identidad,Cruz Alta,90014,georef,https://apis.datos.gob.ar/georef/api/departamentos,
Tucumán,Famaillá,identidad,Famaillá,90028,georef,https://apis.datos.gob.ar/georef/api/departamentos,
Tucumán,Famaillá,split,Lules,90063,web,http://biblioteca.cfi.org.ar/,ley 4518 (1976)
Tucumán,Famaillá,split,Yerba Buena,90119,web,https://es.wikipedia.org/wiki/Anexo:Departamentos_de_la_provincia_de_Tucumán,ley 4518 (1976)
Tucumán,Graneros,identidad,Graneros,90035,georef,https://apis.datos.gob.ar/georef/api/departamentos,
Tucumán,Graneros,split,La Cocha,90049,web,http://biblioteca.cfi.org.ar/,ley 4518 (1976)
Tucumán,Leales,identidad,Leales,90056,georef,https://apis.datos.gob.ar/georef/api/departamentos,
Tucumán,Monteros,identidad,Monteros,90070,georef,https://apis.datos.gob.ar/georef/api/departamentos,
Tucumán,Monteros,split,Simoca,90091,web,http://biblioteca.cfi.org.ar/,ley 4518 (1976)
Tucumán,Río Chico,identidad,Río Chico,90077,georef,https://apis.datos.gob.ar/georef/api/departamentos,
Tucumán,Río Chico,split,Juan Bautista Alberdi,90042,web,http://biblioteca.cfi.org.ar/,ley 4518 (1976)
Tucumán,Río Chico,split,Simoca,90091,web,http://biblioteca.cfi.org.ar/,ley 4518 (1976)
Tucumán,Tafí,split_disuelto,Tafí del Valle,90098,web,http://biblioteca.cfi.org.ar/,PADRE DISUELTO (no sobrevive ningun depto con ese nombre). ley 4518 (1976): 'Tafí' 1960 se divide
Tucumán,Tafí,split_disuelto,Tafí Viejo,90105,web,https://es.wikipedia.org/wiki/Anexo:Departamentos_de_la_provincia_de_Tucumán,ley 4518 (1976)
Tucumán,Tafí,split_disuelto,Yerba Buena,90119,web,https://es.wikipedia.org/wiki/Anexo:Departamentos_de_la_provincia_de_Tucumán,ley 4518 (1976): 3er destino de Tafí
Tucumán,Trancas,identidad,Trancas,90112,georef,https://apis.datos.gob.ar/georef/api/departamentos,
