page,n_orden,localidad,provincia,departamento,tipo_match,motivo
v3_p01,459,Aldea Romana,Buenos Aires,Bahía Blanca,sin_match,sin articulo Wikipedia -> canonizacion en Paso 3 (Georef)
v3_p01,825,Alegre,Buenos Aires,General Paz,sin_match,sin articulo Wikipedia -> canonizacion en Paso 3 (Georef)
v3_p01,808,Alférez de San Martín,Buenos Aires,Bahía Blanca,sin_match,sin articulo Wikipedia -> canonizacion en Paso 3 (Georef)
v3_p01,818,Alta Vista,Buenos Aires,Saavedra,sin_match,sin articulo Wikipedia -> canonizacion en Paso 3 (Georef)
v3_p01,116,Ameghino,Buenos Aires,General Pinto,sin_match,sin articulo Wikipedia -> canonizacion en Paso 3 (Georef)
v3_p02,838,Atreucó,La Pampa,Atreucó,sin_match,sin articulo Wikipedia -> canonizacion en Paso 3 (Georef)
v3_p02,868,Atucha,Buenos Aires,Zárate,sin_match,sin articulo Wikipedia -> canonizacion en Paso 3 (Georef)
v3_p02,552,Azcuénaga,Buenos Aires,San Andrés de Giles,sin_match,sin articulo Wikipedia -> canonizacion en Paso 3 (Georef)
v3_p02,554,Balneario Claromecó,Buenos Aires,Tres Arroyos,sin_match,sin articulo Wikipedia -> canonizacion en Paso 3 (Georef)
v3_p02,828,Balneario Mar de Ajó Norte,Buenos Aires,General Lavalle,sin_match,sin articulo Wikipedia -> canonizacion en Paso 3 (Georef)
v3_p02,245,Bartolomé Bavio,Buenos Aires,Magdalena,sin_match,sin articulo Wikipedia -> canonizacion en Paso 3 (Georef)
v3_p03,263,Berutti,Buenos Aires,Trenque Lauquen,sin_match,sin articulo Wikipedia -> canonizacion en Paso 3 (Georef)
v3_p03,855,Boeuf,La Pampa,Conhello,sin_match,sin articulo Wikipedia -> canonizacion en Paso 3 (Georef)
v3_p03,49,Bolívar,Buenos Aires,Bolívar,sin_match,sin articulo Wikipedia -> canonizacion en Paso 3 (Georef)
v3_p04,272,Carlos N. Naón,Buenos Aires,9 de Julio,sin_match,sin articulo Wikipedia -> canonizacion en Paso 3 (Georef)
v3_p04,329,Cazón,Buenos Aires,Saladillo,sin_match,sin articulo Wikipedia -> canonizacion en Paso 3 (Georef)
v3_p04,751,Cereales,La Pampa,Atreucó,sin_match,sin articulo Wikipedia -> canonizacion en Paso 3 (Georef)
v3_p04,683,Cerro de los Leones,Buenos Aires,Tandil,sin_match,sin articulo Wikipedia -> canonizacion en Paso 3 (Georef)
v3_p04,504,Colonia Hogar Ricardo Gutiérrez,Buenos Aires,Marcos Paz,sin_match,sin articulo Wikipedia -> canonizacion en Paso 3 (Georef)
v3_p04,905,Colonia La Merced,Buenos Aires,Villarino,sin_match,sin articulo Wikipedia -> canonizacion en Paso 3 (Georef)
v3_p05,887,Colonia Philippson,Buenos Aires,Adolfo Alsina,sin_match,sin articulo Wikipedia -> canonizacion en Paso 3 (Georef)
v3_p05,704,Colonia San José,La Pampa,Quemú-Quemú,sin_match,sin articulo Wikipedia -> canonizacion en Paso 3 (Georef)
v3_p05,258,Colonia San Miguel Arcángel,Buenos Aires,Adolfo Alsina,sin_match,sin articulo Wikipedia -> canonizacion en Paso 3 (Georef)
v3_p05,712,Colonia Velaz,Buenos Aires,San Pedro,sin_match,sin articulo Wikipedia -> canonizacion en Paso 3 (Georef)
v3_p05,840,Condarco,Buenos Aires,Rivadavia,sin_match,sin articulo Wikipedia -> canonizacion en Paso 3 (Georef)
v3_p05,783,Corbett,Buenos Aires,9 de Julio,sin_match,sin articulo Wikipedia -> canonizacion en Paso 3 (Georef)
v3_p05,803,Coronel Falcón,Buenos Aires,Coronel Pringles,sin_match,sin articulo Wikipedia -> canonizacion en Paso 3 (Georef)
v3_p05,312,Coronel Granada,Buenos Aires,General Pinto,sin_match,sin articulo Wikipedia -> canonizacion en Paso 3 (Georef)
v3_p05,615,Coronel Isleño,Buenos Aires,Salto,sin_match,sin articulo Wikipedia -> canonizacion en Paso 3 (Georef)
v3_p05,288,Coronel Mom,Buenos Aires,Alberti,sin_match,sin articulo Wikipedia -> canonizacion en Paso 3 (Georef)
v3_p05,765,Coronel Rodolfo Bunge,Buenos Aires,Juárez,sin_match,sin articulo Wikipedia -> canonizacion en Paso 3 (Georef)
v3_p05,323,Cortines,Buenos Aires,Luján,sin_match,sin articulo Wikipedia -> canonizacion en Paso 3 (Georef)
v3_p05,839,Cotita,La Pampa,Hucal,sin_match,sin articulo Wikipedia -> canonizacion en Paso 3 (Georef)
v3_p05,679,Cuatro de Noviembre,Buenos Aires,Rojas,sin_match,sin articulo Wikipedia -> canonizacion en Paso 3 (Georef)
v3_p05,469,Cucha-Cucha,Buenos Aires,Chacabuco,sin_match,sin articulo Wikipedia -> canonizacion en Paso 3 (Georef)
v3_p05,646,Cuculú,Buenos Aires,San Andrés de Giles,sin_match,sin articulo Wikipedia -> canonizacion en Paso 3 (Georef)
v3_p06,776,Chamaicó,La Pampa,Rancul,sin_match,sin articulo Wikipedia -> canonizacion en Paso 3 (Georef)
v3_p06,849,Choique,Buenos Aires,Tornquist,sin_match,sin articulo Wikipedia -> canonizacion en Paso 3 (Georef)
v3_p06,353,Curumalán,Buenos Aires,Coronel Suárez,sin_match,sin articulo Wikipedia -> canonizacion en Paso 3 (Georef)
v3_p06,767,D'Orbigny,Buenos Aires,Coronel Suárez,sin_match,sin articulo Wikipedia -> canonizacion en Paso 3 (Georef)
v3_p06,465,Damián Maisonave,La Pampa,Realicó,sin_match,sin articulo Wikipedia -> canonizacion en Paso 3 (Georef)
v3_p06,402,Defferrari,Buenos Aires,San Cayetano,sin_match,sin articulo Wikipedia -> canonizacion en Paso 3 (Georef)
v3_p06,564,Denhny,Buenos Aires,9 de Julio,sin_match,sin articulo Wikipedia -> canonizacion en Paso 3 (Georef)
v3_p06,439,Doce de Octubre,Buenos Aires,9 de Julio,sin_match,sin articulo Wikipedia -> canonizacion en Paso 3 (Georef)
v3_p06,858,Dr. Domingo Harósteguy,Buenos Aires,Las Flores,sin_match,sin articulo Wikipedia -> canonizacion en Paso 3 (Georef)
v3_p07,762,Duhau,Buenos Aires,Trenque Lauquen,sin_match,sin articulo Wikipedia -> canonizacion en Paso 3 (Georef)
v3_p07,431,Durcudoy,Buenos Aires,Puán,sin_match,sin articulo Wikipedia -> canonizacion en Paso 3 (Georef)
v3_p07,866,Dussaud,Buenos Aires,General Pinto,sin_match,sin articulo Wikipedia -> canonizacion en Paso 3 (Georef)
v3_p07,639,El Jabalí,Buenos Aires,9 de Julio,sin_match,sin articulo Wikipedia -> canonizacion en Paso 3 (Georef)
v3_p07,533,Elordi,Buenos Aires,General Villegas,sin_match,sin articulo Wikipedia -> canonizacion en Paso 3 (Georef)
v3_p07,86,Empalme San Vicente,Buenos Aires,San Vicente,sin_match,sin articulo Wikipedia -> canonizacion en Paso 3 (Georef)
v3_p07,900,Encina,Buenos Aires,Carlos Tejedor,sin_match,sin articulo Wikipedia -> canonizacion en Paso 3 (Georef)
v3_p07,606,Enrique Fynn,Buenos Aires,General Las Heras,sin_match,sin articulo Wikipedia -> canonizacion en Paso 3 (Georef)
v3_p08,661,Erize,Buenos Aires,Puán,sin_match,sin articulo Wikipedia -> canonizacion en Paso 3 (Georef)
v3_p08,328,Espigas,Buenos Aires,Olavarría,sin_match,sin articulo Wikipedia -> canonizacion en Paso 3 (Georef)
v3_p08,663,Esther,Buenos Aires,Saladillo,sin_match,sin articulo Wikipedia -> canonizacion en Paso 3 (Georef)
v3_p08,902,Fatraló,Buenos Aires,Guaminí,sin_match,sin articulo Wikipedia -> canonizacion en Paso 3 (Georef)
v3_p08,589,Francisco Murature,Buenos Aires,Adolfo Alsina,sin_match,sin articulo Wikipedia -> canonizacion en Paso 3 (Georef)
v3_p08,696,Fuerte Argentino,Buenos Aires,Tornquist,sin_match,sin articulo Wikipedia -> canonizacion en Paso 3 (Georef)
v3_p09,830,García del Río,Buenos Aires,Tornquist,sin_match,sin articulo Wikipedia -> canonizacion en Paso 3 (Georef)
v3_p09,84,General Belgrano,Buenos Aires,General Belgrano,sin_match,sin articulo Wikipedia -> canonizacion en Paso 3 (Georef)
v3_p09,336,General Manuel J. Campos,La Pampa,Guatraché,sin_match,sin articulo Wikipedia -> canonizacion en Paso 3 (Georef)
v3_p09,186,General O'Brien,Buenos Aires,Bragado,sin_match,sin articulo Wikipedia -> canonizacion en Paso 3 (Georef)
v3_p09,633,General Rondeau,Buenos Aires,Puán,sin_match,sin articulo Wikipedia -> canonizacion en Paso 3 (Georef)
v3_p09,7,General San Martín,Buenos Aires,General San Martín,sin_sugerencia,sin articulo Wikipedia -> canonizacion en Paso 3 (Georef)
v3_p09,7,General San Martín,La Pampa,Hucal,sin_match,sin articulo Wikipedia -> canonizacion en Paso 3 (Georef)
v3_p09,13,General Sarmiento,Buenos Aires,General Sarmiento,sin_match,sin articulo Wikipedia -> canonizacion en Paso 3 (Georef)
v3_p09,81,General Viamonte,Buenos Aires,General Viamonte,sin_match,sin articulo Wikipedia -> canonizacion en Paso 3 (Georef)
v3_p09,681,Girodías,Buenos Aires,Trenque Lauquen,sin_match,sin articulo Wikipedia -> canonizacion en Paso 3 (Georef)
v3_p09,530,Girondo,Buenos Aires,Pehuajó,sin_match,sin articulo Wikipedia -> canonizacion en Paso 3 (Georef)
v3_p09,73,Gral. Alvarado (Miramar),Buenos Aires,General Alvarado,sin_match,sin articulo Wikipedia -> canonizacion en Paso 3 (Georef)
v3_p09,80,Gral. Juan Madariaga,Buenos Aires,Gral. Juan Madariaga,sin_match,sin articulo Wikipedia -> canonizacion en Paso 3 (Georef)
v3_p10,752,Gobernador Ayala,La Pampa,Puelén,sin_match,sin articulo Wikipedia -> canonizacion en Paso 3 (Georef)
v3_p10,93,González Chaves,Buenos Aires,González Chaves,sin_match,sin articulo Wikipedia -> canonizacion en Paso 3 (Georef)
v3_p10,886,González Risos,Buenos Aires,Navarro,sin_match,sin articulo Wikipedia -> canonizacion en Paso 3 (Georef)
v3_p10,876,Gregorio Villafañe,Buenos Aires,Chacabuco,sin_match,sin articulo Wikipedia -> canonizacion en Paso 3 (Georef)
v3_p10,326,Grumbein,Buenos Aires,Bahía Blanca,sin_match,sin articulo Wikipedia -> canonizacion en Paso 3 (Georef)
v3_p10,400,Guanaco,Buenos Aires,Pehuajó,sin_match,sin articulo Wikipedia -> canonizacion en Paso 3 (Georef)
v3_p10,724,Guido Spano,Buenos Aires,Rojas,sin_match,sin articulo Wikipedia -> canonizacion en Paso 3 (Georef)
v3_p10,678,Gunther,Buenos Aires,General Pinto,sin_match,sin articulo Wikipedia -> canonizacion en Paso 3 (Georef)
v3_p10,885,Gómez de la Vega,Buenos Aires,Brandsen,sin_match,sin articulo Wikipedia -> canonizacion en Paso 3 (Georef)
v3_p10,156,Hinojo,Buenos Aires,Olavarría,sin_match,sin articulo Wikipedia -> canonizacion en Paso 3 (Georef)
v3_p10,461,Hortensia,Buenos Aires,Carlos Casares,sin_match,sin articulo Wikipedia -> canonizacion en Paso 3 (Georef)
v3_p10,850,Huelén,La Pampa,Quemú-Quemú,sin_match,sin articulo Wikipedia -> canonizacion en Paso 3 (Georef)
v3_p11,811,Igarzábal,Buenos Aires,Patagones,sin_match,sin articulo Wikipedia -> canonizacion en Paso 3 (Georef)
v3_p11,401,Ingeniero Balbín,Buenos Aires,General Pinto,sin_match,sin articulo Wikipedia -> canonizacion en Paso 3 (Georef)
v3_p11,650,Ingeniero Silveyra,Buenos Aires,Chacabuco,sin_match,sin articulo Wikipedia -> canonizacion en Paso 3 (Georef)
v3_p11,582,Ingeniero Williams,Buenos Aires,Navarro,sin_match,sin articulo Wikipedia -> canonizacion en Paso 3 (Georef)
v3_p11,690,Iraizoz,Buenos Aires,General Alvarado,sin_match,sin articulo Wikipedia -> canonizacion en Paso 3 (Georef)
v3_p11,412,Iraola,Buenos Aires,Tandil,sin_match,sin articulo Wikipedia -> canonizacion en Paso 3 (Georef)
v3_p11,454,Irene,Buenos Aires,Coronel Dorrego,sin_match,sin articulo Wikipedia -> canonizacion en Paso 3 (Georef)
v3_p11,472,Islas,Buenos Aires,25 de Mayo,sin_match,sin articulo Wikipedia -> canonizacion en Paso 3 (Georef)
v3_p11,725,Ivanowsky,La Pampa,Catriló,sin_match,sin articulo Wikipedia -> canonizacion en Paso 3 (Georef)
v3_p11,193,José A. Guisasola,Buenos Aires,Coronel Dorrego,sin_match,sin articulo Wikipedia -> canonizacion en Paso 3 (Georef)
v3_p11,415,José B. Casas,Buenos Aires,Patagones,sin_match,sin articulo Wikipedia -> canonizacion en Paso 3 (Georef)
v3_p11,113,José M. Blanco,Buenos Aires,Pellegrini,sin_match,sin articulo Wikipedia -> canonizacion en Paso 3 (Georef)
v3_p11,642,José M. Micheo,Buenos Aires,General Alvear,sin_match,sin articulo Wikipedia -> canonizacion en Paso 3 (Georef)
v3_p11,617,José Santos Arévalo,Buenos Aires,Lobos,sin_match,sin articulo Wikipedia -> canonizacion en Paso 3 (Georef)
v3_p11,158,Juan B. Alberdi,Buenos Aires,Leandro N. Alem,sin_match,sin articulo Wikipedia -> canonizacion en Paso 3 (Georef)
v3_p11,500,Juan Blaquier,Buenos Aires,Saladillo,sin_match,sin articulo Wikipedia -> canonizacion en Paso 3 (Georef)
v3_p11,147,Jáuregui,Buenos Aires,Luján,sin_match,sin articulo Wikipedia -> canonizacion en Paso 3 (Georef)
v3_p12,418,Juan J. Almeyra,Buenos Aires,Navarro,sin_match,sin articulo Wikipedia -> canonizacion en Paso 3 (Georef)
v3_p12,136,Juan N. Fernández,Buenos Aires,Necochea,sin_match,sin articulo Wikipedia -> canonizacion en Paso 3 (Georef)
v3_p12,588,Julio Arditi,Buenos Aires,Magdalena,sin_match,sin articulo Wikipedia -> canonizacion en Paso 3 (Georef)
v3_p12,907,Kenny,Buenos Aires,Carmen de Areco,sin_match,sin articulo Wikipedia -> canonizacion en Paso 3 (Georef)
v3_p12,815,Krabbe,Buenos Aires,Coronel Pringles,sin_match,sin articulo Wikipedia -> canonizacion en Paso 3 (Georef)
v3_p12,781,La Japonesa,La Pampa,Cura-Co,sin_match,sin articulo Wikipedia -> canonizacion en Paso 3 (Georef)
v3_p12,728,La Nevada,Buenos Aires,Guaminí,sin_match,sin articulo Wikipedia -> canonizacion en Paso 3 (Georef)
v3_p12,373,La Nueva Plata,Buenos Aires,Pehuajó,sin_match,sin articulo Wikipedia -> canonizacion en Paso 3 (Georef)
v3_p12,426,Lago Epecuén,Buenos Aires,Adolfo Alsina,sin_match,sin articulo Wikipedia -> canonizacion en Paso 3 (Georef)
v3_p13,608,La Paz Chica,Buenos Aires,Roque Pérez,sin_match,sin articulo Wikipedia -> canonizacion en Paso 3 (Georef)
v3_p13,593,La Porteña,Buenos Aires,Trenque Lauquen,sin_match,sin articulo Wikipedia -> canonizacion en Paso 3 (Georef)
v3_p13,797,La Primavera,Buenos Aires,Coronel Suárez,sin_match,sin articulo Wikipedia -> canonizacion en Paso 3 (Georef)
v3_p13,707,La Zanja,Buenos Aires,Trenque Lauquen,sin_match,sin articulo Wikipedia -> canonizacion en Paso 3 (Georef)
v3_p13,743,Las Hermanas,Buenos Aires,Laprida,sin_match,sin articulo Wikipedia -> canonizacion en Paso 3 (Georef)
v3_p13,847,Las Juanitas,Buenos Aires,Pehuajó,sin_match,sin articulo Wikipedia -> canonizacion en Paso 3 (Georef)
v3_p13,720,Las Palmas,Buenos Aires,Zárate,sin_match,sin articulo Wikipedia -> canonizacion en Paso 3 (Georef)
v3_p13,854,Las Parvas,Buenos Aires,Junín,sin_match,sin articulo Wikipedia -> canonizacion en Paso 3 (Georef)
v3_p14,598,Lia Calel,Buenos Aires,Tres Arroyos,sin_match,sin articulo Wikipedia -> canonizacion en Paso 3 (Georef)
v3_p14,662,Los Laureles,Buenos Aires,General Villegas,sin_match,sin articulo Wikipedia -> canonizacion en Paso 3 (Georef)
v3_p14,785,Maguirre,Buenos Aires,Pergamino,sin_match,sin articulo Wikipedia -> canonizacion en Paso 3 (Georef)
v3_p14,462,Mamaguita,Buenos Aires,25 de Mayo,sin_match,sin articulo Wikipedia -> canonizacion en Paso 3 (Georef)
v3_p14,545,Manuel J. García,Buenos Aires,Mercedes,sin_match,sin articulo Wikipedia -> canonizacion en Paso 3 (Georef)
v3_p14,220,Manuel Ocampo,Buenos Aires,Pergamino,sin_match,sin articulo Wikipedia -> canonizacion en Paso 3 (Georef)
v3_p15,551,M. Colman,Buenos Aires,Rauch,sin_match,sin articulo Wikipedia -> canonizacion en Paso 3 (Georef)
v3_p15,573,Mari Lauquen,Buenos Aires,Trenque Lauquen,sin_match,sin articulo Wikipedia -> canonizacion en Paso 3 (Georef)
v3_p15,772,Martín Fierro,Buenos Aires,Azul,sin_match,sin articulo Wikipedia -> canonizacion en Paso 3 (Georef)
v3_p15,658,Miramonte,Buenos Aires,Azul,sin_match,sin articulo Wikipedia -> canonizacion en Paso 3 (Georef)
v3_p15,837,Moores,Buenos Aires,General Villegas,sin_match,sin articulo Wikipedia -> canonizacion en Paso 3 (Georef)
v3_p16,793,Napostá,Buenos Aires,Bahía Blanca,sin_match,sin articulo Wikipedia -> canonizacion en Paso 3 (Georef)
v3_p16,240,O'Higgins,Buenos Aires,Chacabuco,sin_match,sin articulo Wikipedia -> canonizacion en Paso 3 (Georef)
v3_p16,664,Ombucta,Buenos Aires,Villarino,sin_match,sin articulo Wikipedia -> canonizacion en Paso 3 (Georef)
v3_p16,671,Ortiz de Rozas,Buenos Aires,25 de Mayo,sin_match,sin articulo Wikipedia -> canonizacion en Paso 3 (Georef)
v3_p17,873,Pasteur,Buenos Aires,General Pinto,sin_sugerencia,sin articulo Wikipedia -> canonizacion en Paso 3 (Georef)
v3_p17,873,Pasteur,Buenos Aires,Lincoln,sin_match,sin articulo Wikipedia -> canonizacion en Paso 3 (Georef)
v3_p17,668,Pedro P. Lasalle,Buenos Aires,González Chaves,sin_match,sin articulo Wikipedia -> canonizacion en Paso 3 (Georef)
v3_p17,906,Pehuelches,Buenos Aires,Pellegrini,sin_match,sin articulo Wikipedia -> canonizacion en Paso 3 (Georef)
v3_p17,738,Pozos Kanki,Buenos Aires,General Pinto,sin_match,sin articulo Wikipedia -> canonizacion en Paso 3 (Georef)
v3_p17,841,Pradere,Buenos Aires,General Villegas,sin_match,sin articulo Wikipedia -> canonizacion en Paso 3 (Georef)
v3_p18,809,Presidente Quintana,Buenos Aires,Alberti,sin_match,sin articulo Wikipedia -> canonizacion en Paso 3 (Georef)
v3_p18,631,Pueblitos,Buenos Aires,25 de Mayo,sin_match,sin articulo Wikipedia -> canonizacion en Paso 3 (Georef)
v3_p18,502,Puelches,La Pampa,Cura-Có,sin_match,sin articulo Wikipedia -> canonizacion en Paso 3 (Georef)
v3_p18,126,Puerto Belgrano,Buenos Aires,Cnel. de Mar. L.N.Rosales,sin_match,sin articulo Wikipedia -> canonizacion en Paso 3 (Georef)
v3_p18,45,Puerto de la Plata,Buenos Aires,,sin_match,sin articulo Wikipedia -> canonizacion en Paso 3 (Georef)
v3_p18,553,Punta Indio,Buenos Aires,Magdalena,sin_match,sin articulo Wikipedia -> canonizacion en Paso 3 (Georef)
v3_p18,660,Quiñihual,Buenos Aires,Coronel Suárez,sin_match,sin articulo Wikipedia -> canonizacion en Paso 3 (Georef)
v3_p18,731,Ramón J. Neild,Buenos Aires,9 de Julio,sin_match,sin articulo Wikipedia -> canonizacion en Paso 3 (Georef)
v3_p18,540,Remecó,La Pampa,Guatraché,sin_match,sin articulo Wikipedia -> canonizacion en Paso 3 (Georef)
v3_p18,816,Rivadeo,Buenos Aires,Puán,sin_match,sin articulo Wikipedia -> canonizacion en Paso 3 (Georef)
v3_p19,522,Roberto J. Payró,Buenos Aires,Magdalena,sin_match,sin articulo Wikipedia -> canonizacion en Paso 3 (Georef)
v3_p19,896,Rolito,Buenos Aires,Guaminí,sin_match,sin articulo Wikipedia -> canonizacion en Paso 3 (Georef)
v3_p19,237,San Agustín,Buenos Aires,Balcarce,sin_match,sin articulo Wikipedia -> canonizacion en Paso 3 (Georef)
v3_p20,525,San Mauricio,Buenos Aires,Rivadavia,sin_match,sin articulo Wikipedia -> canonizacion en Paso 3 (Georef)
v3_p20,378,San Patricio,Buenos Aires,Chacabuco,sin_match,sin articulo Wikipedia -> canonizacion en Paso 3 (Georef)
v3_p20,43,San Pedro,Buenos Aires,San Pedro,sin_match,sin articulo Wikipedia -> canonizacion en Paso 3 (Georef)
v3_p20,501,Santa Teresita,Buenos Aires,General Lavalle,sin_match,sin articulo Wikipedia -> canonizacion en Paso 3 (Georef)
v3_p20,621,Santiago Larré,Buenos Aires,Roque Pérez,sin_match,sin articulo Wikipedia -> canonizacion en Paso 3 (Georef)
v3_p21,9,3 de Febrero,Buenos Aires,3 de Febrero,sin_match,sin articulo Wikipedia -> canonizacion en Paso 3 (Georef)
v3_p21,513,Spurr,Buenos Aires,Bahía Blanca,sin_match,sin articulo Wikipedia -> canonizacion en Paso 3 (Georef)
v3_p21,693,Stegman,Buenos Aires,Coronel Pringles,sin_match,sin articulo Wikipedia -> canonizacion en Paso 3 (Georef)
v3_p21,890,Tacuarí,Buenos Aires,Salto,sin_match,sin articulo Wikipedia -> canonizacion en Paso 3 (Georef)
v3_p21,733,Tambo Nuevo,Buenos Aires,Pergamino,sin_match,sin articulo Wikipedia -> canonizacion en Paso 3 (Georef)
v3_p21,665,Tatay,Buenos Aires,Carmen de Areco,sin_match,sin articulo Wikipedia -> canonizacion en Paso 3 (Georef)
v3_p21,18,Tigre,Buenos Aires,Tigre,sin_match,sin articulo Wikipedia -> canonizacion en Paso 3 (Georef)
v3_p21,575,Tomás M. Anchorena,La Pampa,Atreucó,sin_match,sin articulo Wikipedia -> canonizacion en Paso 3 (Georef)
v3_p21,480,Tte. Gral. Emilio Mitre,La Pampa,Conhello,sin_match,sin articulo Wikipedia -> canonizacion en Paso 3 (Georef)
v3_p21,705,Tuyutí,Buenos Aires,San Andrés de Giles,sin_match,sin articulo Wikipedia -> canonizacion en Paso 3 (Georef)
v3_p22,354,Urquiza,Buenos Aires,Pergamino,sin_match,sin articulo Wikipedia -> canonizacion en Paso 3 (Georef)
v3_p22,488,Vieytes,Buenos Aires,Magdalena,sin_match,sin articulo Wikipedia -> canonizacion en Paso 3 (Georef)
v3_p22,215,Villa Numancia,Buenos Aires,San Vicente,sin_match,sin articulo Wikipedia -> canonizacion en Paso 3 (Georef)
v3_p22,794,Víboras,Buenos Aires,Puán,sin_match,sin articulo Wikipedia -> canonizacion en Paso 3 (Georef)
v3_p23,583,Zapiola,Buenos Aires,Lobos,sin_match,sin articulo Wikipedia -> canonizacion en Paso 3 (Georef)
v4_p01,757,Arroyo Alvarez,Córdoba,Río Segundo,sin_match,sin articulo Wikipedia -> canonizacion en Paso 3 (Georef)
v4_p02,666,Asunta,Córdoba,Juárez Celman,sin_match,sin articulo Wikipedia -> canonizacion en Paso 3 (Georef)
v4_p03,643,Candelaria Norte,Córdoba,Río Seco,sin_match,sin articulo Wikipedia -> canonizacion en Paso 3 (Georef)
v4_p03,413,Canteras el Sauce,Córdoba,Colón,sin_match,sin articulo Wikipedia -> canonizacion en Paso 3 (Georef)
v4_p03,480,Cap. de la Sgrda. Familia,Córdoba,Río Primero,sin_match,sin articulo Wikipedia -> canonizacion en Paso 3 (Georef)
v4_p03,584,Capilla del Carmen,Córdoba,Río Segundo,sin_match,sin articulo Wikipedia -> canonizacion en Paso 3 (Georef)
v4_p03,722,Capilla del Romero,Córdoba,San Javier,sin_match,sin articulo Wikipedia -> canonizacion en Paso 3 (Georef)
v4_p03,772,Casaffousth,Córdoba,Punilla,sin_match,sin articulo Wikipedia -> canonizacion en Paso 3 (Georef)
v4_p03,124,Cañada Verde,Córdoba,General Roca,sin_match,sin articulo Wikipedia -> canonizacion en Paso 3 (Georef)
v4_p03,701,Cañada de Alvarez,Córdoba,Calamuchita,sin_match,sin articulo Wikipedia -> canonizacion en Paso 3 (Georef)
v4_p04,498,Cello,Santa Fe,Castellanos,sin_match,sin articulo Wikipedia -> canonizacion en Paso 3 (Georef)
v4_p04,299,Centeno,Santa Fe,San Jerónimo,sin_match,sin articulo Wikipedia -> canonizacion en Paso 3 (Georef)
v4_p04,745,Ciénaga de Allende,Córdoba,San Alberto,sin_match,sin articulo Wikipedia -> canonizacion en Paso 3 (Georef)
v4_p04,400,Clucellas,Santa Fe,Castellanos,sin_match,sin articulo Wikipedia -> canonizacion en Paso 3 (Georef)
v4_p04,723,Colonia Coyunda,Córdoba,San Justo,sin_match,sin articulo Wikipedia -> canonizacion en Paso 3 (Georef)
v4_p04,127,Colonia Ella,Santa Fe,General Obligado,sin_match,sin articulo Wikipedia -> canonizacion en Paso 3 (Georef)
v4_p04,541,Colonia O'Higgins,Córdoba,Marcos Juárez,sin_match,sin articulo Wikipedia -> canonizacion en Paso 3 (Georef)
v4_p04,644,Colonia el Carmen,Córdoba,Río Cuarto,sin_match,sin articulo Wikipedia -> canonizacion en Paso 3 (Georef)
v4_p04,425,Colonia la Tordilla,Córdoba,San Justo,sin_match,sin articulo Wikipedia -> canonizacion en Paso 3 (Georef)
v4_p04,191,Concepción del Tío,Córdoba,San Justo,sin_match,sin articulo Wikipedia -> canonizacion en Paso 3 (Georef)
v4_p05,285,Chateaubriand,Santa Fe,General López,sin_match,sin articulo Wikipedia -> canonizacion en Paso 3 (Georef)
v4_p05,738,Chañaritos,Córdoba,Río Cuarto,sin_match,sin articulo Wikipedia -> canonizacion en Paso 3 (Georef)
v4_p05,557,Chuña,Córdoba,Ischilín,sin_match,sin articulo Wikipedia -> canonizacion en Paso 3 (Georef)
v4_p05,408,Coronel Domínguez,Santa Fe,Rosario,sin_match,sin articulo Wikipedia -> canonizacion en Paso 3 (Georef)
v4_p05,774,Cotagaita,Córdoba,San Justo,sin_match,sin articulo Wikipedia -> canonizacion en Paso 3 (Georef)
v4_p05,718,Cruz Chica,Córdoba,Punilla,sin_match,sin articulo Wikipedia -> canonizacion en Paso 3 (Georef)
v4_p05,603,Curapaligüe,Córdoba,Pte. Roque Sáenz Peña,sin_match,sin articulo Wikipedia -> canonizacion en Paso 3 (Georef)
v4_p06,732,De la Serna,Córdoba,General Roca,sin_match,sin articulo Wikipedia -> canonizacion en Paso 3 (Georef)
v4_p06,667,Desvío Km. 691,Córdoba,Río Primero,sin_match,sin articulo Wikipedia -> canonizacion en Paso 3 (Georef)
v4_p06,759,Desvío las Mojarras,Córdoba,General San Martín,sin_match,sin articulo Wikipedia -> canonizacion en Paso 3 (Georef)
v4_p06,682,El Cano,Córdoba,Calamuchita,sin_match,sin articulo Wikipedia -> canonizacion en Paso 3 (Georef)
v4_p06,705,El Chacho,Córdoba,Minas,sin_match,sin articulo Wikipedia -> canonizacion en Paso 3 (Georef)
v4_p06,62,El Trébol,Santa Fe,San Martín,sin_match,sin articulo Wikipedia -> canonizacion en Paso 3 (Georef)
v4_p06,146,Empalme V. Constitución,Santa Fe,Constitución,sin_match,sin articulo Wikipedia -> canonizacion en Paso 3 (Georef)
v4_p06,703,Esther,Santa Fe,San Justo,sin_match,sin articulo Wikipedia -> canonizacion en Paso 3 (Georef)
v4_p07,676,Fragueyro,Córdoba,Río Cuarto,sin_match,sin articulo Wikipedia -> canonizacion en Paso 3 (Georef)
v4_p07,697,Fray Cayetano Rodríguez,Córdoba,Pte. Roque Sáenz Peña,sin_match,sin articulo Wikipedia -> canonizacion en Paso 3 (Georef)
v4_p07,192,Froilán Palacios,Santa Fe,Iriondo,sin_match,sin articulo Wikipedia -> canonizacion en Paso 3 (Georef)
v4_p07,232,Gaboto,Santa Fe,San Jerónimo,sin_match,sin articulo Wikipedia -> canonizacion en Paso 3 (Georef)
v4_p07,540,Garibaldi,Santa Fe,Castellanos,sin_match,sin articulo Wikipedia -> canonizacion en Paso 3 (Georef)
v4_p07,710,General Soler,Córdoba,Río Cuarto,sin_match,sin articulo Wikipedia -> canonizacion en Paso 3 (Georef)
v4_p07,419,Golondrina,Santa Fe,General Obligado,sin_match,sin articulo Wikipedia -> canonizacion en Paso 3 (Georef)
v4_p08,511,Gutemberg,Córdoba,Río Seco,sin_match,sin articulo Wikipedia -> canonizacion en Paso 3 (Georef)
v4_p08,175,Holmberg,Córdoba,Río Cuarto,sin_match,sin articulo Wikipedia -> canonizacion en Paso 3 (Georef)
v4_p08,92,Humberto 1º,Santa Fe,Castellanos,sin_match,sin articulo Wikipedia -> canonizacion en Paso 3 (Georef)
v4_p08,467,Ingeniero Chanourdié,Santa Fe,General Obligado,sin_match,sin articulo Wikipedia -> canonizacion en Paso 3 (Georef)
v4_p08,358,J. B. Molina,Santa Fe,Constitución,sin_match,sin articulo Wikipedia -> canonizacion en Paso 3 (Georef)
v4_p08,536,Juárez Celman,Córdoba,Colón,sin_match,sin articulo Wikipedia -> canonizacion en Paso 3 (Georef)
v4_p09,492,La Buena Parada,Córdoba,Río Primero,sin_match,sin articulo Wikipedia -> canonizacion en Paso 3 (Georef)
v4_p09,162,La Calera,Córdoba,Colón,sin_match,sin articulo Wikipedia -> canonizacion en Paso 3 (Georef)
v4_p09,377,La Cautiva,Córdoba,Río Cuarto,sin_match,sin articulo Wikipedia -> canonizacion en Paso 3 (Georef)
v4_p09,338,La Granja,Córdoba,Colón,sin_match,sin articulo Wikipedia -> canonizacion en Paso 3 (Georef)
v4_p09,660,La Isla de San Antonio,Córdoba,Tulumba,sin_match,sin articulo Wikipedia -> canonizacion en Paso 3 (Georef)
v4_p09,295,La Laguna,Córdoba,General San Martín,sin_match,sin articulo Wikipedia -> canonizacion en Paso 3 (Georef)
v4_p09,753,La Nacional,Córdoba,General Roca,sin_match,sin articulo Wikipedia -> canonizacion en Paso 3 (Georef)
v4_p09,599,La Pampa,Córdoba,Totoral,sin_match,sin articulo Wikipedia -> canonizacion en Paso 3 (Georef)
v4_p10,752,Las Palmas,Córdoba,Pocho,sin_match,sin articulo Wikipedia -> canonizacion en Paso 3 (Georef)
v4_p10,711,Los Alfalfares,Córdoba,General Roca,sin_match,sin articulo Wikipedia -> canonizacion en Paso 3 (Georef)
v4_p11,670,Los Cometierra,Córdoba,Totoral,sin_match,sin articulo Wikipedia -> canonizacion en Paso 3 (Georef)
v4_p11,582,Los Jagüeles,Córdoba,Río Cuarto,sin_match,sin articulo Wikipedia -> canonizacion en Paso 3 (Georef)
v4_p11,773,Los Pozos,Córdoba,Ischilín,sin_match,sin articulo Wikipedia -> canonizacion en Paso 3 (Georef)
v4_p11,674,Los Sauces,Córdoba,Cruz del Eje,sin_match,sin articulo Wikipedia -> canonizacion en Paso 3 (Georef)
v4_p12,652,Marini,Santa Fe,Castellanos,sin_match,sin articulo Wikipedia -> canonizacion en Paso 3 (Georef)
v4_p12,734,Modestino Pizarro,Córdoba,General Roca,sin_match,sin articulo Wikipedia -> canonizacion en Paso 3 (Georef)
v4_p12,317,Médanos de las Cañas,Córdoba,Unión,sin_match,sin articulo Wikipedia -> canonizacion en Paso 3 (Georef)
v4_p12,743,Ninalquín,Córdoba,Minas,sin_match,sin articulo Wikipedia -> canonizacion en Paso 3 (Georef)
v4_p12,607,Nono,Córdoba,San Alberto,sin_match,sin articulo Wikipedia -> canonizacion en Paso 3 (Georef)
v4_p13,327,Pasco,Córdoba,General San Martín,sin_match,sin articulo Wikipedia -> canonizacion en Paso 3 (Georef)
v4_p13,472,Pinoén,Córdoba,General Roca,sin_match,sin articulo Wikipedia -> canonizacion en Paso 3 (Georef)
v4_p13,30,Posta de San Martín,Santa Fe,Rosario,sin_match,sin articulo Wikipedia -> canonizacion en Paso 3 (Georef)
v4_p13,646,Pozo de la Loma,Córdoba,Río Primero,sin_match,sin articulo Wikipedia -> canonizacion en Paso 3 (Georef)
v4_p13,761,Pozo del Chañar,Córdoba,San Javier,sin_match,sin articulo Wikipedia -> canonizacion en Paso 3 (Georef)
v4_p14,663,Pretot Freyre,Córdoba,Río Cuarto,sin_match,sin articulo Wikipedia -> canonizacion en Paso 3 (Georef)
v4_p14,104,Puerto San Martín,Santa Fe,San Lorenzo,sin_match,sin articulo Wikipedia -> canonizacion en Paso 3 (Georef)
v4_p14,591,Ramón J. Cárcano,Córdoba,Unión,sin_match,sin articulo Wikipedia -> canonizacion en Paso 3 (Georef)
v4_p14,23,Reinaldo Cullen,Santa Fe,La Capital,sin_match,sin articulo Wikipedia -> canonizacion en Paso 3 (Georef)
v4_p15,741,Rumiyaco,Córdoba,Minas,sin_match,sin articulo Wikipedia -> canonizacion en Paso 3 (Georef)
v4_p15,487,Saguier,Santa Fe,Castellanos,sin_match,sin articulo Wikipedia -> canonizacion en Paso 3 (Georef)
v4_p15,210,San Agustín,Córdoba,Calamuchita,sin_sugerencia,sin articulo Wikipedia -> canonizacion en Paso 3 (Georef)
v4_p15,210,San Agustín,Santa Fe,Las Colonias,sin_match,sin articulo Wikipedia -> canonizacion en Paso 3 (Georef)
v4_p15,648,San Ambrosio,Córdoba,Río Cuarto,sin_match,sin articulo Wikipedia -> canonizacion en Paso 3 (Georef)
v4_p15,302,San Francisco de Sta. Fe,Santa Fe,General López,sin_match,sin articulo Wikipedia -> canonizacion en Paso 3 (Georef)
v4_p15,95,Sancti Spíritu,Santa Fe,General López,sin_match,sin articulo Wikipedia -> canonizacion en Paso 3 (Georef)
v4_p16,230,San Pedro,Córdoba,San Alberto,sin_match,sin articulo Wikipedia -> canonizacion en Paso 3 (Georef)
v4_p16,296,Sta. Clara de Buena Vista,Santa Fe,Las Colonias,sin_match,sin articulo Wikipedia -> canonizacion en Paso 3 (Georef)
v4_p17,297,Saturnino M. Laspiur,Córdoba,San Justo,sin_match,sin articulo Wikipedia -> canonizacion en Paso 3 (Georef)
v4_p17,181,Sta. Rosa de Calamuchita,Córdoba,Calamuchita,sin_match,sin articulo Wikipedia -> canonizacion en Paso 3 (Georef)
v4_p17,132,Sta. Rosa del Río Primero,Córdoba,Río Primero,sin_match,sin articulo Wikipedia -> canonizacion en Paso 3 (Georef)
v4_p18,755,Totoralejos,Córdoba,Tulumba,sin_match,sin articulo Wikipedia -> canonizacion en Paso 3 (Georef)
v4_p18,714,Tres Arboles,Córdoba,Cruz del Eje,sin_match,sin articulo Wikipedia -> canonizacion en Paso 3 (Georef)
v4_p18,573,Villa Candelaria,Córdoba,Río Seco,sin_match,sin articulo Wikipedia -> canonizacion en Paso 3 (Georef)
v4_p19,633,V. Rosario del Saladillo,Córdoba,Tulumba,sin_match,sin articulo Wikipedia -> canonizacion en Paso 3 (Georef)
v4_p19,48,Villa Diego,Santa Fe,Rosario,sin_match,sin articulo Wikipedia -> canonizacion en Paso 3 (Georef)
v4_p19,441,Villa Las Rosas,Córdoba,San Javier,sin_match,sin articulo Wikipedia -> canonizacion en Paso 3 (Georef)
v4_p19,763,Villa Río Grande,Córdoba,Calamuchita,sin_match,sin articulo Wikipedia -> canonizacion en Paso 3 (Georef)
v4_p19,454,Yoscina,Córdoba,Santa María,sin_match,sin articulo Wikipedia -> canonizacion en Paso 3 (Georef)
v5_p01,290,Apipé,Corrientes,Ituzaingó,sin_match,sin articulo Wikipedia -> canonizacion en Paso 3 (Georef)
v5_p01,27,Apóstoles,Misiones,Apóstoles,sin_match,sin articulo Wikipedia -> canonizacion en Paso 3 (Georef)
v5_p01,242,Arroyo Clé,Entre Ríos,Tala,sin_match,sin articulo Wikipedia -> canonizacion en Paso 3 (Georef)
v5_p01,245,Baibiene,Corrientes,Curuzú Cuatiá,sin_match,sin articulo Wikipedia -> canonizacion en Paso 3 (Georef)
v5_p01,222,Berduc,Entre Ríos,Colón,sin_match,sin articulo Wikipedia -> canonizacion en Paso 3 (Georef)
v5_p01,164,Calabacillas,Entre Ríos,Concordia,sin_match,sin articulo Wikipedia -> canonizacion en Paso 3 (Georef)
v5_p01,248,Cañaditas,Corrientes,Sauce,sin_match,sin articulo Wikipedia -> canonizacion en Paso 3 (Georef)
v5_p02,303,Caza Pava,Corrientes,Santo Tomé,sin_match,sin articulo Wikipedia -> canonizacion en Paso 3 (Georef)
v5_p02,145,Colonia Caseros,Entre Ríos,Uruguay,sin_match,sin articulo Wikipedia -> canonizacion en Paso 3 (Georef)
v5_p02,185,Colonia Porvenir,Corrientes,Goya,sin_match,sin articulo Wikipedia -> canonizacion en Paso 3 (Georef)
v5_p02,300,Colonia San Ernesto,Entre Ríos,Colón,sin_match,sin articulo Wikipedia -> canonizacion en Paso 3 (Georef)
v5_p02,266,Cuchilla Redonda,Entre Ríos,Gualeguaychú,sin_match,sin articulo Wikipedia -> canonizacion en Paso 3 (Georef)
v5_p02,143,Desvío Parada Pucheta,Corrientes,Paso de los Libres,sin_match,sin articulo Wikipedia -> canonizacion en Paso 3 (Georef)
v5_p02,148,Don Cristóbal,Entre Ríos,Nogoyá,sin_match,sin articulo Wikipedia -> canonizacion en Paso 3 (Georef)
v5_p03,258,Ensenada Grande,Corrientes,San Cosme,sin_match,sin articulo Wikipedia -> canonizacion en Paso 3 (Georef)
v5_p03,297,Escriña,Entre Ríos,Gualeguaychú,sin_match,sin articulo Wikipedia -> canonizacion en Paso 3 (Georef)
v5_p03,191,Faustino M. Parera,Entre Ríos,Gualeguaychú,sin_match,sin articulo Wikipedia -> canonizacion en Paso 3 (Georef)
v5_p03,124,Fábrica Colón,Entre Ríos,Colón,sin_match,sin articulo Wikipedia -> canonizacion en Paso 3 (Georef)
v5_p03,122,Gobernador Gral. López,Misiones,Leandro N. Alem,sin_match,sin articulo Wikipedia -> canonizacion en Paso 3 (Georef)
v5_p03,67,Gobernador Ingeniero Valentín Virasoro,Corrientes,Santo Tomé,sin_match,sin articulo Wikipedia -> canonizacion en Paso 3 (Georef)
v5_p03,89,Gobernador J.E. Martínez,Corrientes,Lavalle,sin_match,sin articulo Wikipedia -> canonizacion en Paso 3 (Georef)
v5_p03,117,Gobernador Racedo,Entre Ríos,Paraná,sin_match,sin articulo Wikipedia -> canonizacion en Paso 3 (Georef)
v5_p03,274,González Calderón,Entre Ríos,Gualeguay,sin_match,sin articulo Wikipedia -> canonizacion en Paso 3 (Georef)
v5_p03,6,Goya,Corrientes,Goya,sin_match,sin articulo Wikipedia -> canonizacion en Paso 3 (Georef)
v5_p03,272,Hernándes,Entre Ríos,Nogoyá,sin_match,sin articulo Wikipedia -> canonizacion en Paso 3 (Georef)
v5_p04,199,Ingenio 1er. Correntino,Corrientes,San Cosme,sin_match,sin articulo Wikipedia -> canonizacion en Paso 3 (Georef)
v5_p04,179,Invernada de Itacuararé,Misiones,San Javier,sin_match,sin articulo Wikipedia -> canonizacion en Paso 3 (Georef)
v5_p04,160,Irasusta,Entre Ríos,Gualeguaychú,sin_match,sin articulo Wikipedia -> canonizacion en Paso 3 (Georef)
v5_p04,181,Isabel Victoria,Corrientes,Goya,sin_match,sin articulo Wikipedia -> canonizacion en Paso 3 (Georef)
v5_p04,65,Juan B. Arruabarrena,Entre Ríos,Federación,sin_match,sin articulo Wikipedia -> canonizacion en Paso 3 (Georef)
v5_p04,283,Juan Jorge,Entre Ríos,Colón,sin_match,sin articulo Wikipedia -> canonizacion en Paso 3 (Georef)
v5_p04,209,La Capilla,Entre Ríos,Villaguay,sin_match,sin articulo Wikipedia -> canonizacion en Paso 3 (Georef)
v5_p04,252,La Esmeralda,Entre Ríos,Feliciano,sin_match,sin articulo Wikipedia -> canonizacion en Paso 3 (Georef)
v5_p04,224,Laso,Entre Ríos,Gualeguay,sin_match,sin articulo Wikipedia -> canonizacion en Paso 3 (Georef)
v5_p04,155,Lib. Gral. San Martín,Entre Ríos,Diamante,sin_sugerencia,sin articulo Wikipedia -> canonizacion en Paso 3 (Georef)
v5_p04,155,Lib. Gral. San Martín,Misiones,Lib. Gral. San Martín,sin_match,sin articulo Wikipedia -> canonizacion en Paso 3 (Georef)
v5_p04,296,Lomas de Galarza,Corrientes,San Luis del Palmar,sin_match,sin articulo Wikipedia -> canonizacion en Paso 3 (Georef)
v5_p05,304,Machadiño,Misiones,Concepción,sin_match,sin articulo Wikipedia -> canonizacion en Paso 3 (Georef)
v5_p05,146,Malvinas,Corrientes,Esquina,sin_match,sin articulo Wikipedia -> canonizacion en Paso 3 (Georef)
v5_p05,198,Manuel Belgrano (San Antonio),Misiones,General Belgrano,sin_match,sin articulo Wikipedia -> canonizacion en Paso 3 (Georef)
v5_p05,78,Manuel F. Mantilla,Corrientes,San Roque,sin_match,sin articulo Wikipedia -> canonizacion en Paso 3 (Georef)
v5_p05,291,Miñones,Entre Ríos,Federación,sin_match,sin articulo Wikipedia -> canonizacion en Paso 3 (Georef)
v5_p05,166,Mártires,Misiones,Candelaria,sin_match,sin articulo Wikipedia -> canonizacion en Paso 3 (Georef)
v5_p05,158,Nueve de Julio,Corrientes,San Roque,sin_sugerencia,sin articulo Wikipedia -> canonizacion en Paso 3 (Georef)
v5_p05,158,Nueve de Julio,Misiones,Eldorado,sin_match,sin articulo Wikipedia -> canonizacion en Paso 3 (Georef)
v5_p05,276,Olegario V. Andrade,Entre Ríos,Tala,sin_sugerencia,sin articulo Wikipedia -> canonizacion en Paso 3 (Georef)
v5_p05,276,Olegario V. Andrade,Misiones,Leandro N. Alem,sin_match,sin articulo Wikipedia -> canonizacion en Paso 3 (Georef)
v5_p05,244,Paraje San Isidro,Corrientes,Goya,sin_match,sin articulo Wikipedia -> canonizacion en Paso 3 (Georef)
v5_p05,279,Pedernal,Entre Ríos,Concordia,sin_match,sin articulo Wikipedia -> canonizacion en Paso 3 (Georef)
v5_p05,275,Piloto Avila,Entre Ríos,La Paz,sin_match,sin articulo Wikipedia -> canonizacion en Paso 3 (Georef)
v5_p06,197,Playadito,Corrientes,Ituzaingó,sin_match,sin articulo Wikipedia -> canonizacion en Paso 3 (Georef)
v5_p06,281,Primero de Mayo,Entre Ríos,Uruguay,sin_match,sin articulo Wikipedia -> canonizacion en Paso 3 (Georef)
v5_p06,260,Pueblo Cazés,Entre Ríos,Colón,sin_match,sin articulo Wikipedia -> canonizacion en Paso 3 (Georef)
v5_p06,202,Pueblo San Martín (Pto. Curtiembre),Entre Ríos,Paraná,sin_match,sin articulo Wikipedia -> canonizacion en Paso 3 (Georef)
v5_p06,115,Puerto Gisela,Misiones,San Ignacio,sin_match,sin articulo Wikipedia -> canonizacion en Paso 3 (Georef)
v5_p06,254,Puerto Londero,Misiones,25 de Mayo,sin_match,sin articulo Wikipedia -> canonizacion en Paso 3 (Georef)
v5_p06,167,Puerto Naranjito,Misiones,San Ignacio,sin_match,sin articulo Wikipedia -> canonizacion en Paso 3 (Georef)
v5_p06,112,Puerto Panambí,Misiones,Oberá,sin_match,sin articulo Wikipedia -> canonizacion en Paso 3 (Georef)
v5_p06,237,Puerto Rosario,Misiones,San Javier,sin_match,sin articulo Wikipedia -> canonizacion en Paso 3 (Georef)
v5_p06,259,Saenz Valiente,Corrientes,Monte Caseros,sin_match,sin articulo Wikipedia -> canonizacion en Paso 3 (Georef)
v5_p06,216,San Cosme,Corrientes,San Cosme,sin_match,sin articulo Wikipedia -> canonizacion en Paso 3 (Georef)
v5_p07,123,San Pedro,Misiones,San Pedro,sin_match,sin articulo Wikipedia -> canonizacion en Paso 3 (Georef)
v5_p07,39,Sauce,Corrientes,Sauce,sin_match,sin articulo Wikipedia -> canonizacion en Paso 3 (Georef)
v5_p07,172,Valle María,Entre Ríos,Diamante,sin_match,sin articulo Wikipedia -> canonizacion en Paso 3 (Georef)
v5_p07,271,Veinte de Setiembre,Entre Ríos,Nogoyá,sin_match,sin articulo Wikipedia -> canonizacion en Paso 3 (Georef)
v5_p07,134,Veinticinco de Mayo,Misiones,25 de Mayo,sin_match,sin articulo Wikipedia -> canonizacion en Paso 3 (Georef)
v5_p08,86,Villa Clara,Entre Ríos,Villaguay,sin_match,sin articulo Wikipedia -> canonizacion en Paso 3 (Georef)
v5_p08,29,Villa Federal,Entre Ríos,Concordia,sin_match,sin articulo Wikipedia -> canonizacion en Paso 3 (Georef)
v5_p08,42,Villa General Ramírez,Entre Ríos,Diamante,sin_match,sin articulo Wikipedia -> canonizacion en Paso 3 (Georef)
v5_p08,68,Villa Larroque,Entre Ríos,Gualeguaychú,sin_match,sin articulo Wikipedia -> canonizacion en Paso 3 (Georef)
v5_p08,111,Villa Piedras Blancas,Entre Ríos,La Paz,sin_match,sin articulo Wikipedia -> canonizacion en Paso 3 (Georef)
v5_p08,196,Villa San Marcial (Gob. Urquiza),Entre Ríos,Uruguay,sin_match,sin articulo Wikipedia -> canonizacion en Paso 3 (Georef)
v5_p08,294,Yeruá,Entre Ríos,Concordia,sin_match,sin articulo Wikipedia -> canonizacion en Paso 3 (Georef)
v6_p01,183,Aerolito,Santiago del Estero,Moreno,sin_match,sin articulo Wikipedia -> canonizacion en Paso 3 (Georef)
v6_p01,278,Agustina Libarona,Santiago del Estero,Alberdi,sin_match,sin articulo Wikipedia -> canonizacion en Paso 3 (Georef)
v6_p01,284,Amamá,Santiago del Estero,Moreno,sin_match,sin articulo Wikipedia -> canonizacion en Paso 3 (Georef)
v6_p01,272,Baez,Santiago del Estero,Ojo de Agua,sin_match,sin articulo Wikipedia -> canonizacion en Paso 3 (Georef)
v6_p01,244,Barrialito,Santiago del Estero,Río Hondo,sin_match,sin articulo Wikipedia -> canonizacion en Paso 3 (Georef)
v6_p01,280,Bobadal,Santiago del Estero,Jiménez,sin_match,sin articulo Wikipedia -> canonizacion en Paso 3 (Georef)
v6_p01,215,Cardozo,Santiago del Estero,Capital,sin_match,sin articulo Wikipedia -> canonizacion en Paso 3 (Georef)
v6_p01,160,Clodomiro Díaz,Chaco,Mayor Luis J. Fontana,sin_match,sin articulo Wikipedia -> canonizacion en Paso 3 (Georef)
v6_p01,100,Colonia José Mármol,Chaco,Independencia,sin_match,sin articulo Wikipedia -> canonizacion en Paso 3 (Georef)
v6_p01,91,Colonias Unidas,Chaco,Sargento Cabral,sin_match,sin articulo Wikipedia -> canonizacion en Paso 3 (Georef)
v6_p02,42,Colonia Villafañe,Formosa,Pirané,sin_match,sin articulo Wikipedia -> canonizacion en Paso 3 (Georef)
v6_p02,239,Coronel Manuel L. Rico,Santiago del Estero,Alberdi,sin_match,sin articulo Wikipedia -> canonizacion en Paso 3 (Georef)
v6_p02,184,Desvío Bruchard,Formosa,Patiño,sin_match,sin articulo Wikipedia -> canonizacion en Paso 3 (Georef)
v6_p02,230,Doña Luisa,Santiago del Estero,Guasayán,sin_match,sin articulo Wikipedia -> canonizacion en Paso 3 (Georef)
v6_p02,26,El Colorado,Formosa,Pirané,sin_match,sin articulo Wikipedia -> canonizacion en Paso 3 (Georef)
v6_p02,201,El Pintado,Chaco,General Güemes,sin_match,sin articulo Wikipedia -> canonizacion en Paso 3 (Georef)
v6_p02,171,Estación Los Tigres,Santiago del Estero,Copo,sin_match,sin articulo Wikipedia -> canonizacion en Paso 3 (Georef)
v6_p02,214,Fortín Aguilar,Chaco,Presidencia de la Plaza,sin_match,sin articulo Wikipedia -> canonizacion en Paso 3 (Georef)
v6_p02,275,Fortín Cardoso,Chaco,Libertad,sin_match,sin articulo Wikipedia -> canonizacion en Paso 3 (Georef)
v6_p03,139,Garza,Santiago del Estero,Sarmiento,sin_match,sin articulo Wikipedia -> canonizacion en Paso 3 (Georef)
v6_p03,14,Gral. José de San Martín,Chaco,Lib. Gral. San Martín,sin_match,sin articulo Wikipedia -> canonizacion en Paso 3 (Georef)
v6_p03,170,Granadero Gatica,Santiago del Estero,Moreno,sin_match,sin articulo Wikipedia -> canonizacion en Paso 3 (Georef)
v6_p03,247,Haase,Santiago del Estero,Moreno,sin_match,sin articulo Wikipedia -> canonizacion en Paso 3 (Georef)
v6_p03,150,Hoyón,Santiago del Estero,Atamisqui,sin_match,sin articulo Wikipedia -> canonizacion en Paso 3 (Georef)
v6_p03,258,Ingeniero Ezcurra,Santiago del Estero,Capital,sin_match,sin articulo Wikipedia -> canonizacion en Paso 3 (Georef)
v6_p03,158,Itín,Chaco,Doce de Octubre,sin_match,sin articulo Wikipedia -> canonizacion en Paso 3 (Georef)
v6_p03,132,Km. 100 Nav. Río Bermejo,Formosa,Laishí,sin_match,sin articulo Wikipedia -> canonizacion en Paso 3 (Georef)
v6_p03,245,La Brea,Santiago del Estero,Figueroa,sin_match,sin articulo Wikipedia -> canonizacion en Paso 3 (Georef)
v6_p04,190,La Tapa,Santiago del Estero,Figueroa,sin_match,sin articulo Wikipedia -> canonizacion en Paso 3 (Georef)
v6_p04,27,Las Palmas,Chaco,Bermejo,sin_match,sin articulo Wikipedia -> canonizacion en Paso 3 (Georef)
v6_p04,136,Las Tinajas,Santiago del Estero,Moreno,sin_match,sin articulo Wikipedia -> canonizacion en Paso 3 (Georef)
v6_p04,270,Llajta Mauca,Santiago del Estero,Matará,sin_match,sin articulo Wikipedia -> canonizacion en Paso 3 (Georef)
v6_p04,197,Mal Paso,Santiago del Estero,Capital,sin_match,sin articulo Wikipedia -> canonizacion en Paso 3 (Georef)
v6_p04,276,Melero,Santiago del Estero,Matará,sin_match,sin articulo Wikipedia -> canonizacion en Paso 3 (Georef)
v6_p05,152,Misión Fco. Tacaaglé,Formosa,Pilagás,sin_match,sin articulo Wikipedia -> canonizacion en Paso 3 (Georef)
v6_p05,43,Misión San Fco. de Laishí,Formosa,Laishí,sin_match,sin articulo Wikipedia -> canonizacion en Paso 3 (Georef)
v6_p05,268,Oetling,Chaco,Tapenagá,sin_match,sin articulo Wikipedia -> canonizacion en Paso 3 (Georef)
v6_p05,124,Otumpa,Santiago del Estero,Moreno,sin_match,sin articulo Wikipedia -> canonizacion en Paso 3 (Georef)
v6_p05,209,Pampa Florida,Chaco,Maipú,sin_match,sin articulo Wikipedia -> canonizacion en Paso 3 (Georef)
v6_p05,7,Pcia. Roque Saenz Peña,Chaco,Comandante Fernández,sin_match,sin articulo Wikipedia -> canonizacion en Paso 3 (Georef)
v6_p05,131,Presidente Irigoyen,Formosa,Formosa,sin_match,sin articulo Wikipedia -> canonizacion en Paso 3 (Georef)
v6_p06,259,Punta Corral,Santiago del Estero,Avellaneda,sin_match,sin articulo Wikipedia -> canonizacion en Paso 3 (Georef)
v6_p06,233,Quebracho Coto,Santiago del Estero,Pellegrini,sin_match,sin articulo Wikipedia -> canonizacion en Paso 3 (Georef)
v6_p06,71,Samuhú,Chaco,San Lorenzo,sin_match,sin articulo Wikipedia -> canonizacion en Paso 3 (Georef)
v6_p06,164,San Antonio de Copo,Santiago del Estero,Avellaneda,sin_match,sin articulo Wikipedia -> canonizacion en Paso 3 (Georef)
v6_p06,126,San Pedro,Santiago del Estero,Guasayán,sin_sugerencia,sin articulo Wikipedia -> canonizacion en Paso 3 (Georef)
v6_p06,126,San Pedro,Santiago del Estero,Matará,sin_match,sin articulo Wikipedia -> canonizacion en Paso 3 (Georef)
v6_p07,107,Tacañitas,Santiago del Estero,General Taboada,sin_match,sin articulo Wikipedia -> canonizacion en Paso 3 (Georef)
v6_p07,250,Teniente Brown,Formosa,Patiño,sin_match,sin articulo Wikipedia -> canonizacion en Paso 3 (Georef)
v6_p07,256,Tipiro,Santiago del Estero,Capital,sin_match,sin articulo Wikipedia -> canonizacion en Paso 3 (Georef)
v6_p07,279,Tobas,Santiago del Estero,Matará,sin_match,sin articulo Wikipedia -> canonizacion en Paso 3 (Georef)
v6_p07,193,Urutaú,Santiago del Estero,Copo,sin_match,sin articulo Wikipedia -> canonizacion en Paso 3 (Georef)
v6_p07,182,Velaz,Chaco,Bermejo,sin_match,sin articulo Wikipedia -> canonizacion en Paso 3 (Georef)
v6_p07,196,Villa Brana,Santiago del Estero,Moreno,sin_match,sin articulo Wikipedia -> canonizacion en Paso 3 (Georef)
v6_p07,122,Villa Escobar Navegación Río Bermejo,Formosa,Laishí,sin_match,sin articulo Wikipedia -> canonizacion en Paso 3 (Georef)
v6_p07,266,Villa Guasayán,Santiago del Estero,Guasayán,sin_match,sin articulo Wikipedia -> canonizacion en Paso 3 (Georef)
v6_p07,254,Villa Matoque,Santiago del Estero,Copo,sin_match,sin articulo Wikipedia -> canonizacion en Paso 3 (Georef)
v6_p07,89,Zanjón,Santiago del Estero,Capital,sin_match,sin articulo Wikipedia -> canonizacion en Paso 3 (Georef)
v7_p01,146,Agua Dulce,Tucumán,Leales,sin_match,sin articulo Wikipedia -> canonizacion en Paso 3 (Georef)
v7_p01,212,Amaichá del Valle,Tucumán,Tafí,sin_match,sin articulo Wikipedia -> canonizacion en Paso 3 (Georef)
v7_p01,331,Arauco,La Rioja,Arauco,sin_match,sin articulo Wikipedia -> canonizacion en Paso 3 (Georef)
v7_p02,226,Balcosna,Catamarca,Paclín,sin_match,sin articulo Wikipedia -> canonizacion en Paso 3 (Georef)
v7_p02,187,Capayán,Catamarca,Capayán,sin_match,sin articulo Wikipedia -> canonizacion en Paso 3 (Georef)
v7_p02,372,Capitán J. Page,Salta,Rivadavia,sin_match,sin articulo Wikipedia -> canonizacion en Paso 3 (Georef)
v7_p02,222,Carrizal,La Rioja,Famatina,sin_match,sin articulo Wikipedia -> canonizacion en Paso 3 (Georef)
v7_p02,3,Catamarca,Catamarca,Capital,sin_match,sin articulo Wikipedia -> canonizacion en Paso 3 (Georef)
v7_p02,341,Cebollar,La Rioja,Capital,sin_match,sin articulo Wikipedia -> canonizacion en Paso 3 (Georef)
v7_p02,151,Cevil Pozo,Tucumán,Cruz Alta,sin_match,sin articulo Wikipedia -> canonizacion en Paso 3 (Georef)
v7_p02,304,Cevil Redondo,Tucumán,Tafí,sin_match,sin articulo Wikipedia -> canonizacion en Paso 3 (Georef)
v7_p03,168,Chañar,La Rioja,General Belgrano,sin_match,sin articulo Wikipedia -> canonizacion en Paso 3 (Georef)
v7_p03,399,Chelcos,La Rioja,General Roca,sin_match,sin articulo Wikipedia -> canonizacion en Paso 3 (Georef)
v7_p03,257,Chicligasta,Tucumán,Chicligasta,sin_match,sin articulo Wikipedia -> canonizacion en Paso 3 (Georef)
v7_p03,153,Cnel. Juan Solá Morillo,Salta,Rivadavia,sin_match,sin articulo Wikipedia -> canonizacion en Paso 3 (Georef)
v7_p03,414,Comandante Leal,La Rioja,General Ocampo,sin_match,sin articulo Wikipedia -> canonizacion en Paso 3 (Georef)
v7_p03,418,Corral de Isaac,La Rioja,General San Martín,sin_match,sin articulo Wikipedia -> canonizacion en Paso 3 (Georef)
v7_p03,422,Crossmayo,Jujuy,Rinconada,sin_match,sin articulo Wikipedia -> canonizacion en Paso 3 (Georef)
v7_p03,293,Dr. Facundo Zuviría,Salta,Chicoana,sin_match,sin articulo Wikipedia -> canonizacion en Paso 3 (Georef)
v7_p03,246,Dragones,Salta,Gral. J. de San Martín,sin_match,sin articulo Wikipedia -> canonizacion en Paso 3 (Georef)
v7_p04,181,El Molino,Tucumán,Chicligasta,sin_match,sin articulo Wikipedia -> canonizacion en Paso 3 (Georef)
v7_p04,178,El Naranjo,Salta,Rosario de la Frontera,sin_match,sin articulo Wikipedia -> canonizacion en Paso 3 (Georef)
v7_p04,288,El Potrero,Salta,Rosario de la Frontera,sin_match,sin articulo Wikipedia -> canonizacion en Paso 3 (Georef)
v7_p04,298,El Recreo,Catamarca,Santa María,sin_match,sin articulo Wikipedia -> canonizacion en Paso 3 (Georef)
v7_p04,363,Esteban de Urizar,Salta,Orán,sin_match,sin articulo Wikipedia -> canonizacion en Paso 3 (Georef)
v7_p04,96,Gastona,Tucumán,Chicligasta,sin_match,sin articulo Wikipedia -> canonizacion en Paso 3 (Georef)
v7_p04,398,General Alvarado,Salta,Capital,sin_match,sin articulo Wikipedia -> canonizacion en Paso 3 (Georef)
v7_p04,19,General Martín Miguel de Güemes,Salta,General Martín Miguel de Güemes,sin_match,sin articulo Wikipedia -> canonizacion en Paso 3 (Georef)
v7_p04,308,Gobernador Piedrabuena,Tucumán,Burruyacú,sin_match,sin articulo Wikipedia -> canonizacion en Paso 3 (Georef)
v7_p04,279,Golpes,Catamarca,Pomán,sin_match,sin articulo Wikipedia -> canonizacion en Paso 3 (Georef)
v7_p05,402,Huasa Pampa Sud,Tucumán,Graneros,sin_match,sin articulo Wikipedia -> canonizacion en Paso 3 (Georef)
v7_p05,30,Ingenio La Esperanza,Jujuy,San Pedro,sin_match,sin articulo Wikipedia -> canonizacion en Paso 3 (Georef)
v7_p05,14,Ingenio Santa Ana,Tucumán,Río Chico,sin_match,sin articulo Wikipedia -> canonizacion en Paso 3 (Georef)
v7_p05,410,Ipisca,Catamarca,Ancasti,sin_match,sin articulo Wikipedia -> canonizacion en Paso 3 (Georef)
v7_p05,306,Jerónimo Matorras,Salta,Orán,sin_match,sin articulo Wikipedia -> canonizacion en Paso 3 (Georef)
v7_p05,45,Joaquín V. González,Salta,Anta,sin_match,sin articulo Wikipedia -> canonizacion en Paso 3 (Georef)
v7_p05,228,La Caldera,Salta,La Caldera,sin_match,sin articulo Wikipedia -> canonizacion en Paso 3 (Georef)
v7_p05,259,La Ciénaga,Catamarca,Belén,sin_match,sin articulo Wikipedia -> canonizacion en Paso 3 (Georef)
v7_p05,119,La Fronterita,Tucumán,Famaillá,sin_match,sin articulo Wikipedia -> canonizacion en Paso 3 (Georef)
v7_p05,352,La Jarilla,La Rioja,General Roca,sin_match,sin articulo Wikipedia -> canonizacion en Paso 3 (Georef)
v7_p05,67,La Madrid,Tucumán,Graneros,sin_match,sin articulo Wikipedia -> canonizacion en Paso 3 (Georef)
v7_p05,396,La Puerta de San José,Catamarca,Belén,sin_match,sin articulo Wikipedia -> canonizacion en Paso 3 (Georef)
v7_p05,88,La Ramada,Tucumán,Burruyacú,sin_match,sin articulo Wikipedia -> canonizacion en Paso 3 (Georef)
v7_p06,235,La Viña,Salta,La Viña,sin_match,sin articulo Wikipedia -> canonizacion en Paso 3 (Georef)
v7_p06,397,Las Cañas,Catamarca,Santa Rosa,sin_match,sin articulo Wikipedia -> canonizacion en Paso 3 (Georef)
v7_p06,173,Las Lajitas,Salta,Anta,sin_match,sin articulo Wikipedia -> canonizacion en Paso 3 (Georef)
v7_p06,100,Las Pirquitas,Catamarca,Fray Mamerto Esquiú,sin_match,sin articulo Wikipedia -> canonizacion en Paso 3 (Georef)
v7_p06,127,Leales,Tucumán,Leales,sin_match,sin articulo Wikipedia -> canonizacion en Paso 3 (Georef)
v7_p06,234,Leocadio Paz,Tucumán,Trancas,sin_match,sin articulo Wikipedia -> canonizacion en Paso 3 (Georef)
v7_p06,261,León,Jujuy,Capital,sin_match,sin articulo Wikipedia -> canonizacion en Paso 3 (Georef)
v7_p06,47,León Rouges,Tucumán,Monteros,sin_match,sin articulo Wikipedia -> canonizacion en Paso 3 (Georef)
v7_p06,31,Lib. Gral. San Martín,Jujuy,Ledesma,sin_match,sin articulo Wikipedia -> canonizacion en Paso 3 (Georef)
v7_p06,353,Los Aguirres,La Rioja,General Ocampo,sin_match,sin articulo Wikipedia -> canonizacion en Paso 3 (Georef)
v7_p06,190,Los Palacios,La Rioja,General Lavalle,sin_match,sin articulo Wikipedia -> canonizacion en Paso 3 (Georef)
v7_p06,221,Lumbreras,Salta,Metán,sin_match,sin articulo Wikipedia -> canonizacion en Paso 3 (Georef)
v7_p06,208,Maconitas,Tucumán,Burruyacú,sin_match,sin articulo Wikipedia -> canonizacion en Paso 3 (Georef)
v7_p07,421,Manuel Elordi,Salta,Orán,sin_match,sin articulo Wikipedia -> canonizacion en Paso 3 (Georef)
v7_p07,415,Martínez del Tineo,Salta,Orán,sin_match,sin articulo Wikipedia -> canonizacion en Paso 3 (Georef)
v7_p07,342,Maucasén,La Rioja,General Roca,sin_match,sin articulo Wikipedia -> canonizacion en Paso 3 (Georef)
v7_p07,132,Medinas,Tucumán,Chicligasta,sin_match,sin articulo Wikipedia -> canonizacion en Paso 3 (Georef)
v7_p07,12,Metán,Salta,Metán,sin_match,sin articulo Wikipedia -> canonizacion en Paso 3 (Georef)
v7_p07,169,Ntra.Sra. de Talavera,Salta,Anta,sin_match,sin articulo Wikipedia -> canonizacion en Paso 3 (Georef)
v7_p07,275,Palomitas,Salta,General Martín Miguel de Güemes,sin_match,sin articulo Wikipedia -> canonizacion en Paso 3 (Georef)
v7_p08,58,Pedro G. Méndes,Tucumán,Cruz Alta,sin_match,sin articulo Wikipedia -> canonizacion en Paso 3 (Georef)
v7_p08,135,Pomán,Catamarca,Pomán,sin_match,sin articulo Wikipedia -> canonizacion en Paso 3 (Georef)
v7_p08,252,Punta de Los Llanos,La Rioja,Vélez Sarsfield,sin_match,sin articulo Wikipedia -> canonizacion en Paso 3 (Georef)
v7_p08,75,Ranchillos,Tucumán,Cruz Alta,sin_match,sin articulo Wikipedia -> canonizacion en Paso 3 (Georef)
v7_p08,389,Rosario del Dorado,Salta,Anta,sin_match,sin articulo Wikipedia -> canonizacion en Paso 3 (Georef)
v7_p09,98,San Antonio de la Paz,Catamarca,La Paz,sin_match,sin articulo Wikipedia -> canonizacion en Paso 3 (Georef)
v7_p09,255,San José de Escalchi,Salta,Cachi,sin_match,sin articulo Wikipedia -> canonizacion en Paso 3 (Georef)
v7_p09,140,San José de Fray Mamerto Esquiú,Catamarca,Fray Mamerto Esquiú,sin_match,sin articulo Wikipedia -> canonizacion en Paso 3 (Georef)
v7_p09,99,San Pablo,Tucumán,Famaillá,sin_match,sin articulo Wikipedia -> canonizacion en Paso 3 (Georef)
v7_p09,340,San Pedro,Catamarca,Capayán,sin_sugerencia,sin articulo Wikipedia -> canonizacion en Paso 3 (Georef)
v7_p09,340,San Pedro,Jujuy,San Pedro,sin_sugerencia,sin articulo Wikipedia -> canonizacion en Paso 3 (Georef)
v7_p09,340,San Pedro,La Rioja,Castro Barros,sin_match,sin articulo Wikipedia -> canonizacion en Paso 3 (Georef)
v7_p10,205,Santa Rita de Catuna,La Rioja,General Ocampo,sin_match,sin articulo Wikipedia -> canonizacion en Paso 3 (Georef)
v7_p10,325,Sey,Jujuy,Susques,sin_match,sin articulo Wikipedia -> canonizacion en Paso 3 (Georef)
v7_p10,271,Taruca Pampa,Tucumán,Burruyacú,sin_match,sin articulo Wikipedia -> canonizacion en Paso 3 (Georef)
v7_p11,250,Toloche,Salta,Anta,sin_match,sin articulo Wikipedia -> canonizacion en Paso 3 (Georef)
v7_p11,361,Veintitrés de Agosto,Jujuy,Ledesma,sin_match,sin articulo Wikipedia -> canonizacion en Paso 3 (Georef)
v7_p11,24,Vespucio,Salta,Gral. J. de San Martín,sin_match,sin articulo Wikipedia -> canonizacion en Paso 3 (Georef)
v7_p11,113,Villa Bustos,La Rioja,Sanagasta,sin_match,sin articulo Wikipedia -> canonizacion en Paso 3 (Georef)
v7_p11,395,Villa Chepes,La Rioja,General Roca,sin_match,sin articulo Wikipedia -> canonizacion en Paso 3 (Georef)
v7_p11,138,Villa Nva. de Monte Rico,Tucumán,Chicligasta,sin_match,sin articulo Wikipedia -> canonizacion en Paso 3 (Georef)
v7_p11,239,Yuchán,Salta,Orán,sin_match,sin articulo Wikipedia -> canonizacion en Paso 3 (Georef)
v8_p01,47,Algarrobal,Mendoza,Las Heras,sin_match,sin articulo Wikipedia -> canonizacion en Paso 3 (Georef)
v8_p01,92,Algarrobo Verde,San Juan,Veinticinco de Mayo,sin_match,sin articulo Wikipedia -> canonizacion en Paso 3 (Georef)
v8_p01,37,Colonia Alvear Oeste,Mendoza,General Alvear,sin_match,sin articulo Wikipedia -> canonizacion en Paso 3 (Georef)
v8_p02,109,Divisoria,San Juan,Veinticinco de Mayo,sin_match,sin articulo Wikipedia -> canonizacion en Paso 3 (Georef)
v8_p02,196,El Gigante,San Luis,Belgrano,sin_match,sin articulo Wikipedia -> canonizacion en Paso 3 (Georef)
v8_p02,48,El Resguardo,Mendoza,Las Heras,sin_match,sin articulo Wikipedia -> canonizacion en Paso 3 (Georef)
v8_p02,153,El Volcán,San Luis,La Capital,sin_match,sin articulo Wikipedia -> canonizacion en Paso 3 (Georef)
v8_p02,143,Hipólito Irigoyen,San Luis,Belgrano,sin_match,sin articulo Wikipedia -> canonizacion en Paso 3 (Georef)
v8_p02,137,Ingeniero Balloffet,Mendoza,San Rafael,sin_match,sin articulo Wikipedia -> canonizacion en Paso 3 (Georef)
v8_p02,189,Jarrilla,San Luis,La Capital,sin_match,sin articulo Wikipedia -> canonizacion en Paso 3 (Georef)
v8_p02,24,Jáchal,San Juan,Jáchal,sin_match,sin articulo Wikipedia -> canonizacion en Paso 3 (Georef)
v8_p02,195,La Ciénaga,San Juan,Jáchal,sin_match,sin articulo Wikipedia -> canonizacion en Paso 3 (Georef)
v8_p02,34,La Colonia,Mendoza,Junín,sin_match,sin articulo Wikipedia -> canonizacion en Paso 3 (Georef)
v8_p03,71,Las Malvinas,Mendoza,San Rafael,sin_match,sin articulo Wikipedia -> canonizacion en Paso 3 (Georef)
v8_p03,102,Médano de Oro,San Juan,Rawson,sin_match,sin articulo Wikipedia -> canonizacion en Paso 3 (Georef)
v8_p03,126,Nueve de Julio,San Juan,Nueve de Julio,sin_match,sin articulo Wikipedia -> canonizacion en Paso 3 (Georef)
v8_p03,82,Pampa del Chañar,San Juan,Jáchal,sin_match,sin articulo Wikipedia -> canonizacion en Paso 3 (Georef)
v8_p04,184,Pozo del Tala,San Luis,Belgrano,sin_match,sin articulo Wikipedia -> canonizacion en Paso 3 (Georef)
v8_p04,152,Rincón del Este,San Luis,Junín,sin_match,sin articulo Wikipedia -> canonizacion en Paso 3 (Georef)
v8_p04,97,Rodolfo Iselin (La Llave),Mendoza,San Rafael,sin_match,sin articulo Wikipedia -> canonizacion en Paso 3 (Georef)
v8_p04,147,San Pablo,San Luis,Chacabuco,sin_match,sin articulo Wikipedia -> canonizacion en Paso 3 (Georef)
v8_p04,199,Talacasto,San Juan,Ullún,sin_match,sin articulo Wikipedia -> canonizacion en Paso 3 (Georef)
v8_p05,41,Ullún,San Juan,Ullún,sin_match,sin articulo Wikipedia -> canonizacion en Paso 3 (Georef)
v8_p05,86,Villa 25 de Mayo,Mendoza,San Rafael,sin_sugerencia,sin articulo Wikipedia -> canonizacion en Paso 3 (Georef)
v8_p05,60,Villa Junín,Mendoza,Junín,sin_match,sin articulo Wikipedia -> canonizacion en Paso 3 (Georef)
v8_p05,27,Villa Malargüe,Mendoza,Malargüe,sin_match,sin articulo Wikipedia -> canonizacion en Paso 3 (Georef)
v8_p05,35,Villa Tupungato,Mendoza,Tupungato,sin_match,sin articulo Wikipedia -> canonizacion en Paso 3 (Georef)
v9_1_2_p01,143,Auca Mahuída,Neuquén,Añelo,sin_match,sin articulo Wikipedia -> canonizacion en Paso 3 (Georef)
v9_1_2_p01,5,Bariloche,Río Negro,Bariloche,sin_match,sin articulo Wikipedia -> canonizacion en Paso 3 (Georef)
v9_1_2_p01,157,Barrio Laprida y Manantial Rosales,Chubut,Escalante,sin_match,sin articulo Wikipedia -> canonizacion en Paso 3 (Georef)
v9_1_2_p01,116,Centro Río Mayo,Chubut,Río Senguerr,sin_match,sin articulo Wikipedia -> canonizacion en Paso 3 (Georef)
v9_1_2_p01,89,Cervantes,Río Negro,General Roca,sin_match,sin articulo Wikipedia -> canonizacion en Paso 3 (Georef)
v9_1_2_p01,88,Colonia Catriel,Río Negro,General Roca,sin_match,sin articulo Wikipedia -> canonizacion en Paso 3 (Georef)
v9_1_2_p01,38,Colonia Las Heras,Santa Cruz,Deseado,sin_match,sin articulo Wikipedia -> canonizacion en Paso 3 (Georef)
v9_1_2_p01,91,El Corcovado,Chubut,Futaleufú,sin_match,sin articulo Wikipedia -> canonizacion en Paso 3 (Georef)
v9_1_2_p02,49,Cholita,Chubut,Cushamen,sin_match,sin articulo Wikipedia -> canonizacion en Paso 3 (Georef)
v9_1_2_p02,120,Coronel Eugenio del Busto,Río Negro,Pichi-Mahuida,sin_match,sin articulo Wikipedia -> canonizacion en Paso 3 (Georef)
v9_1_2_p02,83,Darwin,Río Negro,Avellaneda,sin_match,sin articulo Wikipedia -> canonizacion en Paso 3 (Georef)
v9_1_2_p02,46,General E. Godoy,Río Negro,General Roca,sin_match,sin articulo Wikipedia -> canonizacion en Paso 3 (Georef)
v9_1_2_p03,32,Kilómetro 8 (Petroquímica),Chubut,Escalante,sin_match,sin articulo Wikipedia -> canonizacion en Paso 3 (Georef)
v9_1_2_p04,154,Planta Compresora Conesa,Río Negro,General Conesa,sin_match,sin articulo Wikipedia -> canonizacion en Paso 3 (Georef)
v9_1_2_p04,54,Playa Bonita,Río Negro,Bariloche,sin_match,sin articulo Wikipedia -> canonizacion en Paso 3 (Georef)
v9_1_2_p04,134,Puerto Coyle,Santa Cruz,Güer Aike,sin_match,sin articulo Wikipedia -> canonizacion en Paso 3 (Georef)
v9_1_2_p04,132,San Pedro,Río Negro,Bariloche,sin_match,sin articulo Wikipedia -> canonizacion en Paso 3 (Georef)
v9_1_2_p05,147,Yacimiento Petrolífero Solano,Chubut,Escalante,sin_match,sin articulo Wikipedia -> canonizacion en Paso 3 (Georef)
