page,n_orden,localidad,provincia,depto_1960,poblacion,estado_flag_previo,criterio_deteccion,dist_km,candidato_georef,verificado_geo_previo,tipo_resolucion,propuesta,georef_id,lat,lon,fuente,fuente_url,verificado_geo,depto_del_punto,veredicto,motivo_veredicto,confianza,tipo_doc,ley_o_anio,fuente_url_cambio,decidido_por,estado_final,nota
v3_p18,45,Puerto de la Plata,Buenos Aires,Puerto de la Plata,17338,flag_sin_match,especial_manual,,,especial,residuo_humano,Puerto La Plata (zona portuaria Ensenada-Berisso),,-34.86670,-57.89994,Wikipedia,https://es.wikipedia.org/wiki/Puerto_La_Plata,verde,Ensenada,aceptar,"Jose: punto del puerto (-34.8667,-57.8999), ambiguo; los 17338 hab son del cordon Ensenada-Berisso sin reparto documentado",baja,,,,humano (Jose),manual_coord_ambiguo,"Wikipedia: el Puerto La Plata esta situado entre los partidos de Ensenada y Berisso (coord del puerto -34.8667,-57.8999). No es una localidad sino la zona portuaria; los 17.338 hab son del cordon Ensenada-Berisso sin reparto documentado. Coord tentativa = punto del puerto; requiere ojo humano. || [humano] Jose: punto del puerto (-34.8667,-57.8999), ambiguo; los 17338 hab son del cordon Ensenada-Berisso sin reparto documentado"
v3_p18,76,Quequén,Buenos Aires,Lobería,7589,flag_sin_match,web_manual_coord,,,rojo,transferencia_confirmada,Quequén,0658104002,-38.566113,-58.706181,Wikipedia + Georef,https://es.wikipedia.org/wiki/Quequ%C3%A9n,rojo,Necochea,aceptar,transferencia DOCUMENTADA: Decreto-Ley 9327/1979,alta,documentada,Decreto-Ley 9327/1979,https://archivoquequen.blogspot.com/2010/11/el-22-de-mayo-de-1979-quequen-fue.html,auto,,"Wikipedia: Quequén perteneció al partido de Lobería hasta el 22/05/1979, cuando por Decreto-Ley 9327 fue anexado a Necochea (partido limítrofe). Mismo lugar, transferencia de límite. Coord del registro censal Georef en Necochea. || [3.3b-2] El archivo historico quequenense y las cronicas locales confirman que el 22/05/1979, por Decreto-Ley 9327 del gobernador Iberico Saint Jean, Quequen (circunscripcion VII) paso de Loberia a Necochea; la transferencia material se firmo el 30/06/1979. Confirma la transferencia Loberia -> Necochea del censo 1960."
v7_p02,23,Bella Vista,Tucumán,Famaillá,6816,flag_depto,depto_transferencia_o_homonimo,46,Bella Vista,rojo,transferencia_confirmada,Bella Vista,90056010,-27.0327868,-65.3071201,"Wikipedia (Bella Vista, Tucuman) + Georef",https://es.wikipedia.org/wiki/Bella_Vista_(Tucum%C3%A1n),rojo,Leales,aceptar,transferencia DOCUMENTADA: Ley provincial 4518 (1976),alta,documentada,Ley provincial 4518 (1976),https://es.wikipedia.org/wiki/Anexo:Departamentos_de_la_provincia_de_Tucum%C3%A1n,auto,,"Wikipedia: Bella Vista es la ciudad cabecera del depto Leales y limita con Famailla; unica ciudad Bella Vista de ese tamano (6816 hab). La coord Georef coincide exacto con la del articulo (-27.033,-65.30). Es el mismo pueblo; el censo 1960 lo listo en Famailla (limite vecino), hoy Leales. || [3.3b-2] La ley provincial 4518 de 1976 reorganizo la division de Tucuman en 16 departamentos mas Capital y fijo en ese ano los limites de Leales y Famailla; desde entonces Bella Vista es cabecera de Leales. Antes de esa reorganizacion (censo 1960) figuraba en Famailla. El anexo de departamentos indica que la actual configuracion data de 1976 (ley 4518), acto que explica el paso Famailla -> Leales."
v4_p17,57,Santa Teresa,Santa Fe,Iriondo,6103,flag_depto,depto_transferencia_o_homonimo,96,Santa Teresa,rojo,correccion_fuente_depto,Santa Teresa (Constitución) - depto 1960 Iriondo anomalo,,-33.43665,-60.79046,Wikipedia + Georef,https://es.wikipedia.org/wiki/Santa_Teresa_(Santa_Fe),rojo,Constitución,aceptar,"Jose: image-check confirmo artefacto de fuente; depto 1960 impreso Iriondo es erroneo, correcto Constitucion",alta,artefacto_fuente_depto,,https://es.wikipedia.org/wiki/Santa_Teresa_(Santa_Fe),humano (Jose),correccion_fuente_depto,"Existe una sola Santa Teresa en Santa Fe (Georef 82028190, depto Constitucion); Wikipedia y fuentes confirman que es pueblo ferroviario de Constitucion, no de Iriondo. Iriondo (Cañada de Gomez) no es adyacente a Constitucion (~96 km), asi que no es transferencia de limite; no hay Santa Teresa en Iriondo. Probable error de depto en la fuente 1960, pero pob 6103 (1960) vs ~3243 (2022) no cierra: requiere ojo humano. Coord tentativa = Santa Teresa/Constitucion. || [3.3b-2] Es error de departamento en la fuente 1960: la unica Santa Teresa de Santa Fe pertenece al depto Constitucion (fundada 1889, sobre el ramal Villa Constitucion-Venado Tuerto) y siempre estuvo alli. El depto Iriondo (cabecera Canada de Gomez, a ~90 km) no tiene ninguna localidad llamada Santa Teresa entre sus pueblos (Armstrong, Totoras, Serodino, etc.). No hubo transferencia de limite; el censo 1960 imprimio Iriondo en lugar de Constitucion. Depto correcto = Constitucion. La pob 6103 (1960) vs 3243 (2022) requiere ojo humano pero no cambia la conclusion departamental. || [humano] Jose: image-check confirmo artefacto de fuente; depto 1960 impreso Iriondo es erroneo, correcto Constitucion"
v7_p11,33,Yerba Buena,Tucumán,Tafí,4519,flag_depto,depto_transferencia_o_homonimo,12,Yerba Buena,rojo,transferencia_confirmada,Yerba Buena,90119030,-26.816042,-65.292538,Georef + Wikipedia,https://es.wikipedia.org/wiki/Yerba_Buena_(Tucum%C3%A1n),verde,Yerba Buena,aceptar,transferencia DOCUMENTADA: Ley provincial 4518 (1976),alta,documentada,Ley provincial 4518 (1976),https://es.wikipedia.org/wiki/Anexo:Departamentos_de_la_Provincia_de_Tucum%C3%A1n,auto,,"Wikipedia: Yerba Buena es cabecera del actual departamento Yerba Buena; el depto Yerba Buena se separo del antiguo depto Tafi. En 1960 (pob 4519) figuraba en Tafi. Georef la registra como 'Yerba Buena - Marcos Paz' id 90119030 en depto Yerba Buena. El candidato previo (Yerba Buena/Lules 90063090) es un homonimo menor; el correcto es el suburbio de Gran San Miguel de Tucuman. Transferencia Tafi -> Yerba Buena. || [3.3b-2] El Anexo de Wikipedia 'Departamentos de la Provincia de Tucuman' indica que en 1976 la ley 4518 creo el departamento Yerba Buena con tierras de Capital, Famailla y Tafi; coincidente con FamilySearch (depto establecido en 1976). Por eso en el censo 1960 la localidad figuraba en el antiguo depto Tafi. Segregacion documentada."
v8_p01,44,Alto de Sierra,San Juan,Santa Lucía,2468,flag_depto,depto_transferencia_o_homonimo,14,Alto de Sierra,rojo,manual_coord,Alto de Sierra (Santa Lucia),,-31.53694,-68.42000,Wikipedia,https://es.wikipedia.org/wiki/Alto_de_Sierra_(Santa_Luc%C3%ADa),verde,Santa Lucía,aceptar,guard=verde (coord en conjunto permitido),alta,,,,auto,,"Existen DOS Alto de Sierra en San Juan (uno en 9 de Julio, id 70063010, y otro en Santa Lucia). Wikipedia: el de Santa Lucia es componente del Gran San Juan (pop 3.207 en 2001), coincide con depto_1960 Santa Lucia y pop 1960. El candidato Georef de 9 de Julio es el homonimo; coord del articulo de Santa Lucia (31 32 13 S, 68 25 12 O)."
v3_p11,193,José A. Guisasola,Buenos Aires,Coronel Dorrego,1967,flag_sin_match,web_manual_coord,,,rojo,rename,El Perdido (Est. José A. Guisasola),06189040,-38.67726,-61.08618,Wikipedia + Georef,https://es.wikipedia.org/wiki/El_Perdido,verde,Coronel Dorrego,aceptar,guard=verde (coord en conjunto permitido),alta,,,,auto,,"Wikipedia: la estacion se llamo Jose Antonio Guisasola hasta 1986, cuando la localidad quedo designada 'El Perdido (Est. Jose A. Guisasola)', partido de Coronel Dorrego. Georef El Perdido (06189040) en Coronel Dorrego coincide con depto_1960. Mismo lugar, renombrado."
v3_p11,217,Isla Martín García,Buenos Aires,Isla Martín García,1712,flag_sin_match,especial_manual,,,especial,manual_coord,Isla Martín García (poblado),,-34.1825,-58.25,Wikipedia,https://es.wikipedia.org/wiki/Isla_Mart%C3%ADn_Garc%C3%ADa,verde,La Plata,aceptar,guard=verde (coord en conjunto permitido),alta,,,,auto,,"Wikipedia: la isla y su poblado (puerto Martín García) están en 34°10'57''S 58°15'00''O; depende administrativamente del partido de La Plata pero se ubica a ~35 km al NO, en el Río de la Plata. Coord = el poblado de la isla, no el punto de La Plata."
v3_p12,222,La Dulce,Buenos Aires,Necochea,1662,flag_sin_match,web_rename,,,rojo,rename,Nicanor Olivera (La Dulce),06581050,-38.2830519,-59.2027438,Georef + Wikipedia (Nicanor Olivera),https://apis.datos.gob.ar/georef/api/localidades?nombre=Nicanor%20Olivera&provincia=Buenos%20Aires,verde,Necochea,aceptar,guard=verde (coord en conjunto permitido),alta,,,,auto,,"Wikipedia: La Dulce es el nombre popular; el oficial/censal es Nicanor Olivera, partido Necochea. Georef id 06581050 'Nicanor Olivera' en Necochea, coincide con el depto 1960."
v8_p05,77,Villa del Salvador,San Juan,Angaco,1592,flag_depto,depto_transferencia_o_homonimo,38,Villa del Salvador,rojo,rename,Villa El Salvador (cabecera del depto Angaco),70014020,-31.45327,-68.40376,Wikipedia + Georef,https://es.wikipedia.org/wiki/Villa_El_Salvador_(San_Juan),verde,Angaco,aceptar,guard=verde (coord en conjunto permitido),alta,,,,auto,,"Wikipedia: Villa del Salvador es ciudad cabecera del departamento Angaco (coincide con 1960) y solo se extiende en pequeñas parcelas hacia el sur al depto San Martin. El candidato Georef 70091040 (San Martin) es esa franja sur del mismo pueblo; el registro censal principal en Angaco es Villa El Salvador - Villa Sefair (Georef 70014020). Mismo lugar, no homonimo."
v7_p08,105,Río Colorado,Tucumán,Famaillá,1433,flag_depto,depto_transferencia_o_homonimo,46,Río Colorado,rojo,transferencia_confirmada,Río Colorado,90056060,-27.148606,-65.35695,Georef + Wikipedia,https://es.wikipedia.org/wiki/R%C3%ADo_Colorado_(Tucum%C3%A1n),rojo,Leales,aceptar,transferencia DOCUMENTADA: Ley provincial 4518 (1976),alta,documentada,Ley provincial 4518 (1976),https://es.wikipedia.org/wiki/Anexo:Departamentos_de_la_provincia_de_Tucum%C3%A1n,auto,,"Unico Rio Colorado de Tucuman en Georef, hoy depto Leales. Wikipedia: en el cruce RN157/RP323, RP323 la une al noroeste con Famailla; ramal ferroviario Famailla-Rio Colorado (1926). Limitrofe con Famailla, mismo pueblo; en 1960 (pob 1433) figuraba en Famailla. Transferencia Famailla -> Leales. || [3.3b-2] La misma ley 4518 de 1976 que reorganizo los departamentos de Tucuman fijo los limites actuales de Leales y Famailla; Rio Colorado, limitrofe con Famailla y listado alli en 1960, quedo en Leales tras esa reorganizacion. La actual division departamental rige desde 1976 (ley 4518)."
v4_p15,321,San Bartolomé,Córdoba,San Justo,1324,flag_depto,depto_transferencia_o_homonimo,297,San Bartolome,rojo,rename,Colonia San Bartolomé,14140110,-31.52791,-62.72370,Georef + Wikipedia,https://es.wikipedia.org/wiki/Colonia_San_Bartolom%C3%A9,verde,San Justo,aceptar,guard=verde (coord en conjunto permitido),alta,,,,auto,,"Wikipedia: Colonia San Bartolome es localidad del departamento San Justo (Cordoba), fundada 1892. Es el pueblo 1960 (San Justo). El candidato Georef San Bartolome/Rio Cuarto (297 km) es homonimo lejano. Georef id 14140110."
v7_p09,114,San Antonio,Catamarca,Fray Mamerto Esquiú,1312,flag_depto,depto_transferencia_o_homonimo,129,San Antonio,rojo,rename,San Antonio (Fray Mamerto Esquiú),1006304005,-28.42576,-65.70838,Georef,https://apis.datos.gob.ar/georef/api/localidades?nombre=San%20Antonio&provincia=Catamarca,verde,Fray Mamerto Esquiú,aceptar,guard=verde (coord en conjunto permitido),alta,,,,auto,,"Georef tiene un San Antonio en el propio depto Fray Mamerto Esquiu (id 1006304005), que coincide exacto con depto_1960 y depto_moderno_esperado. El candidato 10070150 (La Paz, 129 km) es un homonimo; el registro correcto es el mismo nombre en el mismo depto."
v5_p02,114,Dos de Mayo,Misiones,Lib. Gral. San Martín,1165,flag_depto,depto_transferencia_o_homonimo,31,Dos de Mayo,rojo,transferencia_confirmada,Dos de Mayo,54014030,-27.019937,-54.684531,Wikipedia + Georef,https://es.wikipedia.org/wiki/Dos_de_Mayo_(Misiones),rojo,Cainguás,aceptar,"Jose ratifico bloque limite declarado (README 3.1b: reasignacion entre deptos preexistentes, sin ley citable; identidad solida)",alta,limite_no_documentada,,,humano (Jose),transferencia_limite_declarado,"Única Dos de Mayo de Misiones (fundada 1940), hoy en depto Cainguás, limítrofe de Libertador General San Martín (dist 31 km). Cainguás sufrió varias reducciones/reajustes de límites con San Martín; mismo pueblo, transferencia de límite, no homónimo. || [3.3b-2] Busque en Wikipedia (Dos de Mayo, depto Cainguas, depto Libertador Gral San Martin), El Territorio 'Division politica de Misiones' y FamilySearch. Misiones fijo sus 17 departamentos por Decreto-Ley 1668 del 26-12-1956 (previo al censo) y los limites Cainguas / Libertador Gral San Martin / 25 de Mayo se reajustaron en los anios 1960s (el municipio de Dos de Mayo se creo en 1964 ya dentro de Cainguas). No hallé un acto legal unico y citable que traslade especificamente el area de Dos de Mayo de Libertador Gral San Martin (censo 1960) a Cainguas despues de 1960; es un reajuste de limite entre departamentos ya existentes. || [humano] Jose ratifico bloque limite declarado (README 3.1b: reasignacion entre deptos preexistentes, sin ley citable; identidad solida)"
v5_p03,117,Gobernador Racedo,Entre Ríos,Paraná,1147,flag_depto,depto_transferencia_o_homonimo,75,Gobernador Racedo,rojo,transferencia_confirmada,Gobernador Racedo (General Racedo),30021110,-31.9791491,-60.4056663,Georef + Wikipedia/eltiempo/mapcarta,https://apis.datos.gob.ar/georef/api/localidades?id=30021110,rojo,Diamante,aceptar,transferencia DOCUMENTADA: Ley provincial 6378 (1979),alta,documentada,Ley provincial 6378 (1979),https://es.wikipedia.org/wiki/Historia_de_la_organizaci%C3%B3n_territorial_de_Entre_R%C3%ADos,auto,,"Mismo pueblo (comuna Gral./Gob. Racedo, en torno a la estacion FC creada 1888). Fuentes lo ubican en depto Parana (eltiempo, mapcarta, Wikipedia), pero el centroide Georef 'General Racedo (El Carmen)' cae en depto Diamante; pueblo fronterizo. Coord solida ~-31.979,-60.406; discrepancia de etiqueta de depto. || [3.3b-2] La Historia de la organizacion territorial de Entre Rios (Wikipedia) detalla que la Ley 6378 del 21/06/1979 rectifico el limite Diamante-Parana y dejo General Racedo en Diamante (mientras Oro Verde, Tezanos Pinto, Crespo, etc. quedaron en Parana). Documenta el cambio de etiqueta de departamento Parana -> Diamante."
v8_p02,109,Divisoria,San Juan,Veinticinco de Mayo,1090,flag_depto,depto_transferencia_o_homonimo,60,Divisoria,rojo,manual_coord,Divisoria (localidad del depto 25 de Mayo),,-31.72032,-68.30388,OpenStreetMap/Nominatim + web,https://nominatim.openstreetmap.org/search?q=Divisoria+San+Juan+Argentina&format=json,verde,25 de Mayo,aceptar,guard=verde (coord en conjunto permitido),media,,,,auto,,"OSM ubica 'Divisoria' como village en el depto 25 de Mayo (-31.7203, -68.3039), con su apeadero ferroviario homonimo. El depto 25 de Mayo se separo de Caucete en 1881 y la 'calle Divisoria' es justamente el limite; el candidato Georef (Divisoria/Caucete) es el mismo poblado del borde. Coincide con 1960 (25 de Mayo)."
v4_p07,419,Golondrina,Santa Fe,General Obligado,966,flag_depto,depto_transferencia_o_homonimo,93,Golondrina,rojo,transferencia_confirmada,Golondrina,82133060,-28.55654,-60.02271,Georef + Wikipedia,https://es.wikipedia.org/wiki/Golondrina_(Santa_Fe),rojo,Vera,aceptar,"Jose ratifico bloque limite declarado (README 3.1b: reasignacion entre deptos preexistentes, sin ley citable; identidad solida)",media,limite_no_documentada,,https://es.wikipedia.org/wiki/Anexo:Departamentos_de_la_provincia_de_Santa_Fe,humano (Jose),transferencia_limite_declarado,"Unica Golondrina de Santa Fe (fundada 1892, comuna 1914, zona Cuna Boscosa/La Forestal), hoy depto Vera. No hay homonimo en General Obligado en Georef y la poblacion (966 en 1960 -> 443 hoy) traza un solo pueblo; en 1960 figuraba en General Obligado. Transferencia General Obligado -> Vera. || [3.3b-2] El departamento Vera fue creado el 31/12/1890 como desprendimiento de La Capital y General Obligado tambien data de 1890 (desde San Javier); ambos ya existian en 1960. No existe una ley unica que reasigne Golondrina: se trata de un reajuste de limite en la zona forestal (La Forestal) entre dos departamentos preexistentes. Busque el anexo de departamentos de Santa Fe, sitios provinciales y Wikipedia sin hallar norma citable. || [humano] Jose ratifico bloque limite declarado (README 3.1b: reasignacion entre deptos preexistentes, sin ley citable; identidad solida)"
v5_p01,136,Aranguren,Entre Ríos,Victoria,932,flag_sin_match,web_rename,,,rojo,transferencia_confirmada,Aranguren,30077010,-32.24578,-60.15835,Georef + Wikipedia,https://es.wikipedia.org/wiki/Villa_Aranguren,rojo,Nogoyá,aceptar,"Jose ratifico bloque limite declarado (README 3.1b: reasignacion entre deptos preexistentes, sin ley citable; identidad solida)",alta,limite_no_documentada,,,humano (Jose),transferencia_limite_declarado,"Unico Aranguren en Entre Rios (Georef id 30077010). Wikipedia (Villa Aranguren): hoy depto Nogoya, limitrofe con Victoria (depto_1960); nombre oficial 'Aranguren' por decreto 3935/87. Mismo pueblo, transferencia de depto. || [3.3b-2] El sitio municipal aranguren.gob.ar/historia reproduce un plano antiguo que rotula 'Pueblo Aranguren, Departamento Victoria, Distrito Chilcas', confirmando que la localidad estuvo en el depto Victoria (coincide con el censo 1960); hoy pertenece al depto Nogoya, distrito Algarrobitos. El decreto 3935/1987 y la ley 7944/1987 solo crean el municipio y fijan el nombre 'Aranguren', no documentan el cambio de departamento. No encontre norma unica citable que reasigne el distrito de Victoria a Nogoya; es reajuste de limite entre departamentos entrerrianos preexistentes. || [humano] Jose ratifico bloque limite declarado (README 3.1b: reasignacion entre deptos preexistentes, sin ley citable; identidad solida)"
v3_p22,349,Villars,Buenos Aires,Marcos Paz,915,flag_depto,depto_transferencia_o_homonimo,17,Villars,rojo,transferencia_confirmada,Villars,06329040,-34.82601,-58.93905,Wikipedia + OpenStreetMap,https://es.wikipedia.org/wiki/Villars_(Buenos_Aires),rojo,General Las Heras,aceptar,"Jose ratifico bloque limite declarado (README 3.1b: reasignacion entre deptos preexistentes, sin ley citable; identidad solida)",media,limite_no_documentada,,,humano (Jose),transferencia_limite_declarado,"Wikipedia y OSM confirman un unico Villars, hoy en el partido de General Las Heras, a 18 km de Marcos Paz (adyacentes). Coord candidato coincide con la estacion Villars en OSM (-34.826,-58.939). En 1960 el censo lo asigno a Marcos Paz; mismo pueblo, hoy General Las Heras (transferencia de limite adyacente, dist 17 km). || [3.3b-2] Busque en Wikipedia (Villars, Estacion Villars, partidos de General Las Heras y Marcos Paz) y en normas.gba.gob.ar sin hallar una ley o decreto que transfiera Villars de Marcos Paz a General Las Heras. Ambos partidos ya existian en 1960 (Gral Las Heras con limites por decreto de 1875) y no figuran en anexos de creacion; es un reajuste de limite entre partidos preexistentes, sin acto legal unico citable. || [humano] Jose ratifico bloque limite declarado (README 3.1b: reasignacion entre deptos preexistentes, sin ley citable; identidad solida)"
v7_p07,155,Manantial,Tucumán,Tafí,911,flag_sin_match,web_manual_coord,,,rojo,transferencia_confirmada,El Manantial,90063020,-26.848053,-65.281861,Georef + Wikipedia/todo-argentina,https://es.wikipedia.org/wiki/El_Manantial_(Tucum%C3%A1n),rojo,Lules,aceptar,transferencia DOCUMENTADA: Ley provincial 4518 (1976),alta,documentada,Ley provincial 4518 (1976),https://es.wikipedia.org/wiki/Anexo:Departamentos_de_la_provincia_de_Tucum%C3%A1n,auto,,"Único El Manantial de Tucumán (conurbano del Gran San Miguel de Tucumán), hoy depto Lules (creado en 1976 al subdividirse los antiguos departamentos). En 1960 figuraba en el antiguo y extenso depto Tafí antes de su reorganización; mismo lugar, transferencia. || [3.3b-2] El departamento Lules fue creado por la ley provincial 4518 de 1976, cuando Tucuman reorganizo su division departamental (16 departamentos mas Capital) con limites fijados ese ano. El Manantial, listado en el antiguo y extenso departamento Tafi en 1960, quedo dentro del nuevo Lules tras esa reorganizacion; la actual division data de 1976 (ley 4518)."
v4_p10,491,Los Amores,Santa Fe,General Obligado,736,flag_depto,depto_transferencia_o_homonimo,93,Los Amores,rojo,transferencia_confirmada,Los Amores,82133100,-28.1019746,-59.9798968,Wikipedia (Los Amores) + Georef,https://es.wikipedia.org/wiki/Los_Amores,rojo,Vera,aceptar,"Jose ratifico bloque limite declarado (README 3.1b: reasignacion entre deptos preexistentes, sin ley citable; identidad solida)",alta,limite_no_documentada,,,humano (Jose),transferencia_limite_declarado,"Wikipedia: Los Amores esta hoy en depto Vera (el nombre viene del arroyo homonimo del depto General Obligado vecino). Unico Los Amores de Santa Fe; coord coincide con el candidato Georef. Mismo pueblo, censo 1960 lo listo en General Obligado (limite vecino), hoy Vera. || [3.3b-2] Wikipedia y Camara de Senadores de Santa Fe: Los Amores es del depto Vera (comuna creada el 01-07-1914, estacion del ramal Santa Fe-Resistencia). Vera y General Obligado son departamentos limitrofes y ambos existian en 1960. El nombre proviene de un arroyo del depto General Obligado, pero eso es etimologia, no jurisdiccion. Tras busqueda no hallé ley/decreto unico que traslade Los Amores de General Obligado (censo 1960) a Vera; es reajuste de limite entre departamentos preexistentes del norte santafesino. || [humano] Jose ratifico bloque limite declarado (README 3.1b: reasignacion entre deptos preexistentes, sin ley citable; identidad solida)"
v3_p12,418,Juan J. Almeyra,Buenos Aires,Navarro,696,flag_sin_match,web_rename,,,rojo,rename,José Juan Almeyra,06574010,-34.92159,-59.54223,Georef + Wikipedia,https://es.wikipedia.org/wiki/Jos%C3%A9_Juan_Almeyra,verde,Navarro,aceptar,guard=verde (coord en conjunto permitido),alta,,,,auto,,Wikipedia: José Juan Almeyra (grafia moderna de Juan J. Almeyra) es localidad del partido de Navarro (coincide con 1960). Georef 06574010 en depto Navarro; mismo lugar renombrado.
v4_p04,505,Colonia Santa María,Córdoba,Unión,694,flag_depto,depto_transferencia_o_homonimo,184,Colonia Santa Marí­a,rojo,rename,Aldea Santa María,14182010,-33.699219,-62.914658,Georef + Wikipedia,https://es.wikipedia.org/wiki/Aldea_Santa_Mar%C3%ADa_(C%C3%B3rdoba),verde,Unión,aceptar,guard=verde (coord en conjunto permitido),media,,,,auto,,"En depto Union solo existe 'Aldea Santa Maria' (id 14182010), colonia de alemanes del Volga fundada 1887, 16 km al sur de Canals. Es la actual denominacion de la 'Colonia Santa Maria' de 1960 en Union (mismo depto, misma colonia Santa Maria). El candidato Colonia Santa Maria/San Justo (63 hab 2010) es homonimo lejano, no coincide con la pob 1960 (694)."
v7_p07,199,Manuel García Fernández,Tucumán,Famaillá,681,flag_depto,depto_transferencia_o_homonimo,46,Manuel García Fernández,rojo,transferencia_confirmada,Manuel García Fernández,90056040,-26.95570,-65.27207,Georef + Wikipedia,https://es.wikipedia.org/wiki/Manuel_Garc%C3%ADa_Fern%C3%A1ndez,rojo,Leales,aceptar,"Jose ratifico bloque limite declarado (README 3.1b: reasignacion entre deptos preexistentes, sin ley citable; identidad solida)",media,limite_no_documentada,,,humano (Jose),transferencia_limite_declarado,"Nombre unico en Tucuman (pueblo del Ingenio Bella Vista, llamado asi por su fundador); homonimo imposible. Wikipedia lo ubica hoy en depto Leales; en 1960 censado en Famailla. Mismo lugar, cambio/reasignacion de depto. Georef id 90056040. || [3.3b-2] Wikipedia y los sitios municipales confirman que hoy esta en el depto Leales y en 1960 figuraba en Famailla, pero no hallé fuente que documente el traslado de ESTA localidad. La Ley 4518/1976 reorganizo la division departamental de Tucuman y pudo redibujar el limite Leales-Famailla, pero ninguna fuente la vincula especificamente a Manuel Garcia Fernandez, por lo que no cito la norma. Reajuste de limite entre deptos preexistentes. || [humano] Jose ratifico bloque limite declarado (README 3.1b: reasignacion entre deptos preexistentes, sin ley citable; identidad solida)"
v4_p11,513,Margarita,Santa Fe,Castellanos,680,flag_depto,depto_transferencia_o_homonimo,278,Margarita,rojo,rename,Colonia Margarita,82021110,-31.68599,-61.64772,Georef,https://apis.datos.gob.ar/georef/api/localidades?nombre=Margarita&provincia=Santa%20Fe,verde,Castellanos,aceptar,guard=verde (coord en conjunto permitido),alta,,,,auto,,"Georef: 'Colonia Margarita' (id 82021110) esta en el depto Castellanos, que coincide exacto con depto_1960. El candidato Margarita/Vera (82133110, 278 km) es un homonimo lejano. La Margarita censal de Castellanos es la actual Colonia Margarita."
v4_p16,519,San José,Córdoba,Tulumba,673,flag_depto,depto_transferencia_o_homonimo,241,San Jose,rojo,rename,San José de la Dormida,14175080,-30.356269,-63.950293,Georef + citypopulation,https://es.wikipedia.org/wiki/San_Jos%C3%A9_de_la_Dormida,verde,Tulumba,aceptar,guard=verde (coord en conjunto permitido),media,,,,auto,,"El 'San José' censal 1960 (Tulumba, 673 hab) corresponde a San José de la Dormida, villa cabecera del depto Tulumba (fundada 1857; 1894 hab en 1991), cuyo nombre completo se abrevió a 'San José'. El candidato Georef San José/San Javier es homónimo lejano (241 km, otro depto)."
v4_p01,524,Ana Zumarán,Córdoba,General San Martín,657,flag_depto,depto_transferencia_o_homonimo,59,Ana Zumarán,rojo,transferencia_confirmada,Ana Zumarán,14182030,-32.3905234,-63.0573516,Wikipedia (Ana Zumaran) + Georef,https://es.wikipedia.org/wiki/Ana_Zumar%C3%A1n,verde,General San Martín,aceptar,guard=verde (coord en conjunto permitido),alta,,,,auto,,"Wikipedia: 'Su ejido urbano esta distribuido en los departamentos Union y General San Martin'. Mismo pueblo que abarca ambos deptos; censo 1960 en General San Martin, candidato Georef en Union. Coord coincide (-32.39,-63.056)."
v3_p17,455,Pavón,Buenos Aires,Exaltación de la Cruz,627,flag_depto,depto_transferencia_o_homonimo,330,Pavón,rojo,rename,Pavón (partido Exaltación de la Cruz),0626606003,-34.39318,-59.03470,Wikipedia + Georef,https://es.wikipedia.org/wiki/Pav%C3%B3n_(Buenos_Aires),verde,Exaltación de la Cruz,aceptar,guard=verde (coord en conjunto permitido),alta,,,,auto,,Wikipedia: Pavón es localidad del partido de Exaltación de la Cruz (coincide con 1960). El candidato Pavón/General Lavalle (330 km) es un homonimo; el registro censal correcto es Georef 0626606003 en Exaltación de la Cruz.
v5_p07,194,Tabay,Corrientes,Concepción,588,flag_ambiguo,ambiguo,,Tabay,revisar_ambiguo,transferencia_confirmada,Tabay,18028030,-28.308136,-58.286866,Georef + Wikipedia,https://es.wikipedia.org/wiki/Tabay_(Corrientes),verde,Concepción,aceptar,guard=verde (coord en conjunto permitido),alta,,,,auto,,"Confirmado: Tabay, depto Concepcion (igual que en 1960, SIN cambio de depto). La ambiguedad se resuelve al unico registro real de Georef: id 18028030 'localidad simple', municipio Tabay; el id 18028031 no devuelve registro. Wikipedia confirma depto Concepcion y coord."
v4_p07,572,Garabato,Santa Fe,General Obligado,525,flag_depto,depto_transferencia_o_homonimo,93,Garabato,rojo,transferencia_confirmada,Garabato,82133050,-28.95449,-60.13508,Georef + Wikipedia,https://es.wikipedia.org/wiki/Garabato_(Santa_Fe),rojo,Vera,aceptar,"Jose ratifico bloque limite declarado (README 3.1b: reasignacion entre deptos preexistentes, sin ley citable; identidad solida)",media,limite_no_documentada,,https://es.wikipedia.org/wiki/Anexo:Departamentos_de_la_provincia_de_Santa_Fe,humano (Jose),transferencia_limite_declarado,"Georef confirma un unico Garabato en Santa Fe (id 82133050, depto Vera). Vera es limitrofe con General Obligado (depto_1960). Sin homonimo posible, es el mismo pueblo; reasignacion de depto respecto a 1960. || [3.3b-2] Igual que Golondrina (comuna vecina a 13 km): Vera (creado 1890 desde La Capital) y General Obligado (1890, desde San Javier) ya existian en 1960. No hay ley que transfiera Garabato; es un reajuste de limite en la zona de obrajes de La Forestal entre dos departamentos preexistentes. Sin norma citable tras revisar el anexo de departamentos de Santa Fe y fuentes provinciales. || [humano] Jose ratifico bloque limite declarado (README 3.1b: reasignacion entre deptos preexistentes, sin ley citable; identidad solida)"
v4_p18,578,Tartagal,Santa Fe,General Obligado,514,flag_depto,depto_transferencia_o_homonimo,93,Tartagal,rojo,transferencia_confirmada,Tartagal,82133150,-28.67105,-59.84809,Wikipedia + Georef,https://es.wikipedia.org/wiki/Tartagal_(Santa_Fe),rojo,Vera,aceptar,"Jose ratifico bloque limite declarado (README 3.1b: reasignacion entre deptos preexistentes, sin ley citable; identidad solida)",media,limite_no_documentada,,,humano (Jose),transferencia_limite_declarado,"Existe un unico Tartagal en Santa Fe (comuna, hoy depto Vera segun Wikipedia y Georef 82133150). El censo 1960 lo asigno a General Obligado (depto vecino). Mismo pueblo; la asignacion departamental cambio (limite/reordenamiento). Coord de la comuna -28.671,-59.848. || [3.3b-2] Wikipedia y Georef ubican la comuna de Tartagal en el depto Vera. Vera y General Obligado son limitrofes y ambos preexistian al censo 1960. Tartagal esta cerca del limite entre ambos. No encontre acto legal unico y citable que reasigne Tartagal de General Obligado (censo 1960) a Vera; corresponde a un reajuste de limite entre departamentos ya existentes, sin norma de creacion por segregacion posterior a 1960. || [humano] Jose ratifico bloque limite declarado (README 3.1b: reasignacion entre deptos preexistentes, sin ley citable; identidad solida)"
v4_p08,601,Intiyaco,Santa Fe,General Obligado,479,flag_depto,depto_transferencia_o_homonimo,93,Intiyaco,rojo,transferencia_confirmada,Intiyaco,82133070,-28.674866,-60.070701,Georef + Wikipedia/senado Santa Fe,https://es.wikipedia.org/wiki/Intiyaco_(Santa_Fe),rojo,Vera,aceptar,"Jose ratifico bloque limite declarado (README 3.1b: reasignacion entre deptos preexistentes, sin ley citable; identidad solida)",alta,limite_no_documentada,,,humano (Jose),transferencia_limite_declarado,"Único Intiyaco de Santa Fe (surgido en 1892 con el ramal FC Vera-La Sabana en la Cuña Boscosa), hoy depto Vera, limítrofe de General Obligado. En 1960 se lo asignaba a Gral Obligado; reajuste de límites Vera/Gral Obligado. Mismo lugar, no homónimo. || [3.3b-2] Wikipedia (Intiyaco) solo confirma que hoy es comuna del depto Vera; no menciona cambio de departamento ni ley. Vera y General Obligado ya existian en 1960; los pueblos forestales de La Forestal (Intiyaco, Villa Guillermina, etc.) se extendian por Vera, 9 de Julio y Gral Obligado, y la asignacion censal de 1960 a Gral Obligado no responde a un acto legal unico identificable. Reajuste de limite sin norma citable. || [humano] Jose ratifico bloque limite declarado (README 3.1b: reasignacion entre deptos preexistentes, sin ley citable; identidad solida)"
v7_p09,266,San José,Catamarca,Tinogasta,477,flag_depto,depto_transferencia_o_homonimo,233,San José,rojo,manual_coord,San José (Tinogasta),,-27.9868939,-67.5938798,Nominatim/OpenStreetMap,"https://nominatim.openstreetmap.org/search?q=San+Jose,+Tinogasta,+Catamarca&format=json",verde,Tinogasta,aceptar,guard=verde (coord en conjunto permitido),media,,,,auto,,"San Jose es uno de los distritos/comunas del depto Tinogasta (turismo Catamarca); OSM ubica 'San Jose, Municipio de Tinogasta' en -27.987,-67.594. El candidato Georef San Jose/Fray Mamerto Esquiu (233 km) es homonimo cercano a la capital."
v3_p08,558,Enrique Lavalle,Buenos Aires,Hipólito Yrigoyen,457,flag_sin_match,web_manual_coord,,,rojo,manual_coord,Enrique Lavalle (estacion FC Midland),,-36.40887,-61.93402,OpenStreetMap/Nominatim + Wikipedia,https://es.wikipedia.org/wiki/Estaci%C3%B3n_Enrique_Lavalle,rojo,Daireaux,aceptar,"Jose: aceptar (residuo chico, mismo lugar confirmado por fuente; guard rojo por borde/split)",media,,,,humano (Jose),manual_coord_frontera,"Wikipedia: Estacion Enrique Lavalle (FC Midland) esta a ~28 km al NE de Daireaux, cerca del limite con el partido Hipolito Yrigoyen. OSM la ubica como paraje en partido Daireaux (-36.4089, -61.9340). En 1960 figuraba en Hipolito Yrigoyen; hoy cae del lado de Daireaux, sobre el borde. Mismo lugar. || [humano] Jose: aceptar (residuo chico, mismo lugar confirmado por fuente; guard rojo por borde/split)"
v4_p12,621,Monte Cristo,Córdoba,Río Primero,439,flag_sin_match,web_manual_coord,,,rojo,manual_coord,Monte Cristo,,-31.343056,-63.944444,Wikipedia,https://es.wikipedia.org/wiki/Monte_Cristo_(C%C3%B3rdoba),rojo,Colón,aceptar,"Jose: aceptar (residuo chico, mismo lugar confirmado por fuente; guard rojo por borde/split)",alta,,,,humano (Jose),manual_coord_frontera,"Wikipedia: Monte Cristo es localidad del depto Rio Primero (Cordoba), sobre RN19 a ~25 km de la capital. Coincide con depto 1960. Coord de Wikipedia (corrige el punto previo que caia en Colon). || [humano] Jose: aceptar (residuo chico, mismo lugar confirmado por fuente; guard rojo por borde/split)"
v4_p14,622,Punta del Agua,Córdoba,Río Primero,437,flag_depto,depto_transferencia_o_homonimo,143,Punta del Agua,rojo,manual_coord,Punta de Agua (Río Primero),14105A39,-31.05170,-63.70070,Georef asentamientos + Nominatim,"https://nominatim.openstreetmap.org/search?q=Punta+del+Agua,+Rio+Primero,+Cordoba,+Argentina&format=json",verde,Río Primero,aceptar,guard=verde (coord en conjunto permitido),alta,,,,auto,,"El candidato Punta del Agua/Tercero Arriba es homonimo. Georef asentamientos y Nominatim confirman 'Punta de Agua' en depto Rio Primero (Comuna de Esquina), que es el pueblo 1960. Georef asentamiento id 14105A39."
v4_p10,628,Las Tapias,Córdoba,Río Cuarto,424,flag_depto,depto_transferencia_o_homonimo,152,Las Tapias,rojo,manual_coord,"Las Tapias (Río Cuarto, pedanía San Bartolomé)",,-32.83587,-64.74979,OpenStreetMap/Nominatim + mindat,"https://nominatim.openstreetmap.org/search?q=Las+Tapias,+Rio+Cuarto,+Cordoba,+Argentina&format=json",verde,Río Cuarto,aceptar,guard=verde (coord en conjunto permitido),media,,,,auto,,"El candidato Las Tapias/San Javier (Traslasierra, Villa Dolores) es un homonimo. Nominatim y mindat ubican otra 'Las Tapias' en el depto Rio Cuarto (pedania San Bartolome, zona Alpa Corral) en -32.836,-64.750, que coincide con depto_1960. Esa es la Las Tapias censal 1960."
v4_p14,631,Punta de Agua,Córdoba,Río Cuarto,421,flag_depto,depto_transferencia_o_homonimo,274,Punta de Agua,rojo,manual_coord,"Punta del Agua (paraje, Pedanía Achiras)",,-33.202775,-65.142456,OpenStreetMap / Nominatim,https://nominatim.openstreetmap.org/lookup?osm_ids=N3559620393&format=json,verde,Río Cuarto,aceptar,guard=verde (coord en conjunto permitido),media,,,,auto,,"OSM/mapcarta: paraje 'Punta del Agua' de la Pedanía Achiras, depto Río Cuarto, Córdoba. Los candidatos Georef (Punta del Agua/Tercero Arriba y Punta de Agua/Río Primero) son homónimos de otros deptos. Posible confusión con una Estación Punta de Agua cercana a Adelia María (mismo depto); tomé el paraje mapeado como poblado."
v6_p06,194,Santo Domingo,Santiago del Estero,Ojo de Agua,410,flag_depto,depto_transferencia_o_homonimo,343,Santo Domingo,rojo,manual_coord,Santo Domingo (Ojo de Agua),,-29.2531302,-63.9284245,Nominatim/OpenStreetMap,"https://nominatim.openstreetmap.org/search?q=Santo+Domingo,+Ojo+de+Agua,+Santiago+del+Estero&format=json",verde,Ojo de Agua,aceptar,guard=verde (coord en conjunto permitido),media,,,,auto,,"OSM ubica 'Santo Domingo, Departamento Ojo de Agua' (sur de Sgo del Estero) en -29.253,-63.928, coincidente con el depto 1960. El candidato Georef Santo Domingo/Pellegrini (norte, -26.2, 343 km) es homonimo."
v5_p06,251,San Antonio,Corrientes,Paso de los Libres,350,flag_depto,depto_transferencia_o_homonimo,194,San Antonio,rojo,manual_coord,"San Antonio (paraje, depto Paso de los Libres)",,-29.76755,-57.54712,OpenStreetMap/Nominatim + Gobierno de Corrientes,https://nominatim.openstreetmap.org/search?q=San+Antonio+Paso+de+los+Libres+Corrientes+Argentina&format=json,verde,Paso de los Libres,aceptar,guard=verde (coord en conjunto permitido),media,,,,auto,,"OSM ubica San Antonio en el Municipio de Parada Pucheta, Departamento Paso de los Libres (coincide con 1960), como pequeño asentamiento rural (-29.7676, -57.5471); consistente con pob 350. El candidato San Antonio/Ituzaingó (194 km) es homonimo."
v4_p18,658,Tinoco,Córdoba,Río Primero,344,flag_depto,depto_transferencia_o_homonimo,69,Tinoco,rojo,transferencia_confirmada,Tinoco,14021270,-31.124469,-63.891831,Georef + Wikipedia,https://es.wikipedia.org/wiki/Tinoco,rojo,Colón,aceptar,"Jose ratifico bloque limite declarado (README 3.1b: reasignacion entre deptos preexistentes, sin ley citable; identidad solida)",media,limite_no_documentada,,https://es.wikipedia.org/wiki/Departamento_Col%C3%B3n_(C%C3%B3rdoba),humano (Jose),transferencia_limite_declarado,"Wikipedia (y su desambiguacion) solo listan un Tinoco en Cordoba: comuna del depto Colon, nacida como estacion del FC Cordoba-Santa Rosa de Rio Primero, zona limitrofe con Rio Primero. Sin homonimo en Rio Primero; en 1960 (pob 344) figuraba en Rio Primero. Transferencia Rio Primero -> Colon. || [3.3b-2] El departamento Colon proviene del cambio de nombre del depto Anejos Norte por decreto del gobernador Pizarro (1892), no de una segregacion de Rio Primero; ambos departamentos ya existian en 1960. La unica modificacion de limites documentada de Colon es la ley 7769 de 1988 (pedania Sinsacate, ex Totoral), que no afecta a Tinoco ni a Rio Primero. Tinoco esta sobre el limite Colon-Rio Primero (estacion del FC Cordoba-Santa Rosa de Rio Primero); es un reajuste de limite sin acto legal unico citable. || [humano] Jose ratifico bloque limite declarado (README 3.1b: reasignacion entre deptos preexistentes, sin ley citable; identidad solida)"
v3_p07,652,Energía,Buenos Aires,San Cayetano,343,flag_depto,depto_transferencia_o_homonimo,39,Energí­a,rojo,transferencia_confirmada,Energía,06581030,-38.55792,-59.34108,Georef + Wikipedia,https://es.wikipedia.org/wiki/Energ%C3%ADa_(Buenos_Aires),rojo,Necochea,aceptar,"Jose ratifico bloque limite declarado (README 3.1b: reasignacion entre deptos preexistentes, sin ley citable; identidad solida)",alta,limite_no_documentada,,,humano (Jose),transferencia_limite_declarado,"Pueblo unico (nombre distintivo). Wikipedia: hoy partido Necochea, 'justo en el limite con el partido de San Cayetano' (depto_1960). Mismo lugar; el partido San Cayetano se creo hacia 1961. Georef id 06581030. || [3.3b-2] El partido de San Cayetano se creo por Ley provincial 5921 (sancionada 24-10-1958, promulgada 04-11-1958) segregando tierras de Necochea, Tres Arroyos y Gonzalez Chaves. Energia esta hoy en el partido de Necochea, justo sobre el limite con San Cayetano. El censo 1960 la listo en San Cayetano (el partido nuevo) y hoy figura en Necochea (el partido madre), es decir un reajuste posterior de la demarcacion San Cayetano-Necochea. La ley 5921/1958 crea el partido pero NO documenta el paso especifico de Energia a Necochea; no hallé norma unica citable para ese ajuste de limite. || [humano] Jose ratifico bloque limite declarado (README 3.1b: reasignacion entre deptos preexistentes, sin ley citable; identidad solida)"
v3_p23,709,Vuelta de Obligado,Buenos Aires,San Pedro,283,flag_sin_match,web_rename,,,rojo,rename,Obligado,06770020,-33.59681,-59.81769,Wikipedia + Georef,https://es.wikipedia.org/wiki/Obligado_(Buenos_Aires),verde,San Pedro,aceptar,guard=verde (coord en conjunto permitido),alta,,,,auto,,"Wikipedia: la localidad de Obligado (Vuelta de Obligado) esta a orillas del Parana, partido de San Pedro. Georef 'Obligado' (06770020) en San Pedro coincide con depto_1960. Mismo lugar, hoy registrado como 'Obligado'."
v5_p05,291,Miñones,Entre Ríos,Federación,204,flag_sin_match,web_manual_coord,,,rojo,manual_coord,Estación Miñones,,-30.6983,-58.5825,Wikipedia,https://es.wikipedia.org/wiki/Estaci%C3%B3n_Mi%C3%B1ones,rojo,Federal,aceptar,"Jose: aceptar (residuo chico, mismo lugar confirmado por fuente; guard rojo por borde/split)",alta,,,,humano (Jose),manual_coord_frontera,"Wikipedia: Estación Miñones, paraje del distrito Francisco Ramírez; hoy depto Federal (creado en 1980 por segregación de Federación). En 1960 pertenecía a Federación (depto contiguo); mismo lugar, cambio de depto. || [humano] Jose: aceptar (residuo chico, mismo lugar confirmado por fuente; guard rojo por borde/split)"
v3_p20,812,San José,Buenos Aires,Necochea,200,flag_depto,depto_transferencia_o_homonimo,252,San José,rojo,manual_coord,"San José (Estación, Necochea)",,-38.1751691,-59.005777,"Wikipedia (Estación San José, Roca)",https://es.wikipedia.org/wiki/Estaci%C3%B3n_San_Jos%C3%A9_(Roca),verde,Necochea,aceptar,guard=verde (coord en conjunto permitido),media,,,,auto,,"Wikipedia: Estacion San Jose (FC Roca, ramal Barrow-Loberia) ubicada en el Partido de Necochea, coord -38.175,-59.006. Pequeno paraje ferroviario, coincide con depto 1960 y pob 200. El candidato Georef San Jose/Coronel Suarez (252 km) es homonimo."
v6_p06,267,San Pedro,Santiago del Estero,Matará,175,flag_depto,depto_transferencia_o_homonimo,187,San Pedro,rojo,manual_coord,"San Pedro (paraje, depto Juan Felipe Ibarra ex-Matará)",,-28.31159,-62.25472,OpenStreetMap/Nominatim,https://nominatim.openstreetmap.org/search?q=San+Pedro+Juan+Felipe+Ibarra+Santiago+del+Estero+Argentina&format=json,verde,Juan Felipe Ibarra,aceptar,guard=verde (coord en conjunto permitido),media,,,,auto,,"OSM ubica un hamlet 'San Pedro' en el Departamento Juan Felipe Ibarra (antiguo Matará; coincide con 1960) en -28.3116, -62.2547. Ninguno de los 4 San Pedro de Georef en Santiago del Estero esta en ese depto (Capital, Choya, Guasayan, Jimenez son homonimos); el candidato San Pedro/Capital es homonimo."
v3_p02,871,Arroyo Dulce,Buenos Aires,Pergamino,147,flag_depto,depto_transferencia_o_homonimo,53,Arroyo Dulce,rojo,transferencia_confirmada,Arroyo Dulce,06714010,-34.102433,-60.406155,Georef + Wikipedia,https://es.wikipedia.org/wiki/Arroyo_Dulce,rojo,Salto,aceptar,"Jose ratifico bloque limite declarado (README 3.1b: reasignacion entre deptos preexistentes, sin ley citable; identidad solida)",alta,limite_no_documentada,,,humano (Jose),transferencia_limite_declarado,"Wikipedia: Arroyo Dulce esta a medio camino entre Salto y Pergamino; hoy pertenece al partido de Salto pero Pergamino lo reclama y forma conurbano con Villa San Jose (Pergamino). Mismo pueblo; en 1960 (pob 147) se censo en Pergamino. Transferencia Pergamino -> Salto. || [3.3b-2] Wikipedia (Arroyo Dulce) describe una disputa vigente: la localidad esta clasificada en el partido de Salto pero Pergamino la reclama, sin base legal, decreto ni fecha de cambio; esta a medio camino entre ambas ciudades. No existe un acto administrativo unico que transfiera Arroyo Dulce de Pergamino a Salto; ambos partidos son de mediados del siglo XIX (Salto, Ley 422 de 1854). Es un limite en conflicto, no documentado. || [humano] Jose ratifico bloque limite declarado (README 3.1b: reasignacion entre deptos preexistentes, sin ley citable; identidad solida)"
v3_p17,873,Pasteur,Buenos Aires,General Pinto,147,flag_depto,depto_transferencia_o_homonimo,55,Pasteur,rojo,transferencia_confirmada,Pasteur,06469080,-35.14129,-62.24397,Georef + Wikipedia,https://es.wikipedia.org/wiki/Pasteur_(Buenos_Aires),rojo,Lincoln,aceptar,"Jose ratifico bloque limite declarado (README 3.1b: reasignacion entre deptos preexistentes, sin ley citable; identidad solida)",alta,limite_no_documentada,,https://es.wikipedia.org/wiki/Partido_de_Lincoln,humano (Jose),transferencia_limite_declarado,"Wikipedia: Pasteur es localidad del partido de Lincoln, limitrofe con General Pinto (depto_1960). Pueblo unico, mismo lugar; reasignacion de partido. Georef id 06469080; coord coincide con candidato. || [3.3b-2] El partido de Lincoln fue creado por ley 5032 de 1865 y General Pinto en 1891; ambos ya existian en 1960. No se halla ley ni decreto que transfiera Pasteur de General Pinto a Lincoln (la ley 11071, que aparece en la busqueda, crea el partido Florentino Ameghino desde General Pinto y no menciona a Pasteur). Es un reajuste de limite o posible artefacto del censo, sin norma citable tras revisar normas.gba.gob.ar y Wikipedia de ambos partidos. || [humano] Jose ratifico bloque limite declarado (README 3.1b: reasignacion entre deptos preexistentes, sin ley citable; identidad solida)"
v7_p10,413,Santa Victoria,Salta,Rivadavia,126,flag_depto,depto_transferencia_o_homonimo,246,Santa Victoria,rojo,rename,Santa Victoria Este,66133100,-22.27273,-62.71258,Wikipedia + Georef,https://es.wikipedia.org/wiki/Santa_Victoria_Este,verde,Rivadavia,aceptar,guard=verde (coord en conjunto permitido),media,,,,auto,,"Wikipedia: Santa Victoria Este pertenece al depto Rivadavia (Salta), que coincide exacto con depto_1960. El candidato Santa Victoria/Santa Victoria (66161070, extremo NO, 246 km) es un homonimo. El unico 'Santa Victoria*' en Rivadavia es Santa Victoria Este (66133100); es el registro censal correcto."
v3_p03,909,Calderón,Buenos Aires,Bahía Blanca,105,flag_depto,depto_transferencia_o_homonimo,41,Calderón,rojo,transferencia_confirmada,Calderón,06182070,-38.722079,-62.056792,Wikipedia + Georef (candidato),https://es.wikipedia.org/wiki/Calder%C3%B3n_(Buenos_Aires),rojo,Coronel de Marina Leonardo Rosales,aceptar,"Jose ratifico bloque limite declarado (README 3.1b: reasignacion entre deptos preexistentes, sin ley citable; identidad solida)",alta,limite_no_documentada,,,humano (Jose),transferencia_limite_declarado,"Wikipedia: única Calderón (estación FC 1909), hoy partido Coronel Rosales, emplazada junto al límite con Bahía Blanca (a ~17 km). En 1960 el censo la listó bajo Bahía Blanca; mismo lugar limítrofe, no homónimo. Candidato Georef Calderón/Coronel Rosales coincide. || [3.3b-2] El partido Coronel de Marina Leonardo Rosales se creo el 12-05-1945 segregandose de Bahia Blanca (autonomia de Punta Alta). Como ya existia en 1960, su creacion no documenta el cambio: Calderon (estacion FC) aparece en el censo 1960 bajo Bahia Blanca y hoy en Coronel Rosales, lo que implica un reajuste del limite entre ambos partidos posterior a 1945/1960 o un artefacto de asignacion del censo. No encontre acto legal unico y citable que traslade Calderon de Bahia Blanca a Coronel Rosales; es reajuste de limite entre partidos preexistentes. || [humano] Jose ratifico bloque limite declarado (README 3.1b: reasignacion entre deptos preexistentes, sin ley citable; identidad solida)"
