grupo,veredicto,page,n_orden,localidad_1960,provincia,depto_1960,poblacion,propuesta,depto_propuesto,lat,lon,criterio_deteccion,verificado_geo,fuente,fuente_url,nota
A,aceptar,v3_p18,45,Puerto de la Plata,Buenos Aires,Puerto de la Plata,17338,Puerto La Plata (zona portuaria Ensenada-Berisso),,-34.86670,-57.89994,especial_manual,verde,Wikipedia,https://es.wikipedia.org/wiki/Puerto_La_Plata,"[3.3b manual_coord_ambiguo] Jose: punto del puerto (-34.8667,-57.8999), ambiguo; los 17338 hab son del cordon Ensenada-Berisso sin reparto documentado"
A,aceptar,v3_p18,76,Quequén,Buenos Aires,Lobería,7589,Quequén,,-38.566113,-58.706181,web_manual_coord,rojo,Wikipedia + Georef,https://es.wikipedia.org/wiki/Quequ%C3%A9n,[3.3b transferencia_confirmada] transferencia DOCUMENTADA: Decreto-Ley 9327/1979 | ley: Decreto-Ley 9327/1979
A,aceptar,v7_p02,23,Bella Vista,Tucumán,Famaillá,6816,Bella Vista,Leales,-27.0327868,-65.3071201,depto_transferencia_o_homonimo,rojo,"Wikipedia (Bella Vista, Tucuman) + Georef",https://es.wikipedia.org/wiki/Bella_Vista_(Tucum%C3%A1n),[3.3b transferencia_confirmada] transferencia DOCUMENTADA: Ley provincial 4518 (1976) | ley: Ley provincial 4518 (1976)
A,aceptar,v4_p17,57,Santa Teresa,Santa Fe,Iriondo,6103,Santa Teresa (Constitución) - depto 1960 Iriondo anomalo,Constitución,-33.43665,-60.79046,depto_transferencia_o_homonimo,rojo,Wikipedia + Georef,https://es.wikipedia.org/wiki/Santa_Teresa_(Santa_Fe),"[3.3b correccion_fuente_depto] Jose: image-check confirmo artefacto de fuente; depto 1960 impreso Iriondo es erroneo, correcto Constitucion"
A,aceptar,v9_1_2_p04,16,Puerto Madryn,Chubut,Chubut,5586,Puerto Madryn,Biedma,-42.7673,-65.0366,correccion_fuente_imagen,verde,imagen+georef,https://apis.datos.gob.ar/georef/api,"PASO0: fuente 1960 invirtio prov/depto (imprimio Prov=Biedma, Depto=Chubut); correcto Chubut/Biedma. Imagen v9_1_2_p04/16 | Paso 0: ratificado en decisiones.csv"
A,aceptar,v7_p11,33,Yerba Buena,Tucumán,Tafí,4519,Yerba Buena,Lules,-26.816042,-65.292538,depto_transferencia_o_homonimo,verde,Georef + Wikipedia,https://es.wikipedia.org/wiki/Yerba_Buena_(Tucum%C3%A1n),[3.3b transferencia_confirmada] transferencia DOCUMENTADA: Ley provincial 4518 (1976) | ley: Ley provincial 4518 (1976)
A,aceptar,v8_p01,44,Alto de Sierra,San Juan,Santa Lucía,2468,Alto de Sierra (Santa Lucia),9 de Julio,-31.53694,-68.42000,depto_transferencia_o_homonimo,verde,Wikipedia,https://es.wikipedia.org/wiki/Alto_de_Sierra_(Santa_Luc%C3%ADa),[3.3b manual_coord] guard=verde (coord en conjunto permitido)
A,aceptar,v3_p11,193,José A. Guisasola,Buenos Aires,Coronel Dorrego,1967,El Perdido (Est. José A. Guisasola),,-38.67726,-61.08618,web_manual_coord,verde,Wikipedia + Georef,https://es.wikipedia.org/wiki/El_Perdido,[3.3b rename] guard=verde (coord en conjunto permitido)
A,aceptar,v3_p11,217,Isla Martín García,Buenos Aires,Isla Martín García,1712,Isla Martín García (poblado),,-34.1825,-58.25,especial_manual,verde,Wikipedia,https://es.wikipedia.org/wiki/Isla_Mart%C3%ADn_Garc%C3%ADa,[3.3b manual_coord] guard=verde (coord en conjunto permitido)
A,aceptar,v3_p12,222,La Dulce,Buenos Aires,Necochea,1662,Nicanor Olivera (La Dulce),,-38.2830519,-59.2027438,web_rename,verde,Georef + Wikipedia (Nicanor Olivera),https://apis.datos.gob.ar/georef/api/localidades?nombre=Nicanor%20Olivera&provincia=Buenos%20Aires,[3.3b rename] guard=verde (coord en conjunto permitido)
A,aceptar,v8_p05,77,Villa del Salvador,San Juan,Angaco,1592,Villa El Salvador (cabecera del depto Angaco),San Martín,-31.45327,-68.40376,depto_transferencia_o_homonimo,verde,Wikipedia + Georef,https://es.wikipedia.org/wiki/Villa_El_Salvador_(San_Juan),[3.3b rename] guard=verde (coord en conjunto permitido)
A,aceptar,v7_p08,105,Río Colorado,Tucumán,Famaillá,1433,Río Colorado,Leales,-27.148606,-65.35695,depto_transferencia_o_homonimo,rojo,Georef + Wikipedia,https://es.wikipedia.org/wiki/R%C3%ADo_Colorado_(Tucum%C3%A1n),[3.3b transferencia_confirmada] transferencia DOCUMENTADA: Ley provincial 4518 (1976) | ley: Ley provincial 4518 (1976)
A,aceptar,v4_p15,321,San Bartolomé,Córdoba,San Justo,1324,Colonia San Bartolomé,Río Cuarto,-31.52791,-62.72370,depto_transferencia_o_homonimo,verde,Georef + Wikipedia,https://es.wikipedia.org/wiki/Colonia_San_Bartolom%C3%A9,[3.3b rename] guard=verde (coord en conjunto permitido)
A,aceptar,v7_p09,114,San Antonio,Catamarca,Fray Mamerto Esquiú,1312,San Antonio (Fray Mamerto Esquiú),La Paz,-28.42576,-65.70838,depto_transferencia_o_homonimo,verde,Georef,https://apis.datos.gob.ar/georef/api/localidades?nombre=San%20Antonio&provincia=Catamarca,[3.3b rename] guard=verde (coord en conjunto permitido)
A,aceptar,v5_p02,114,Dos de Mayo,Misiones,Lib. Gral. San Martín,1165,Dos de Mayo,Cainguás,-27.019937,-54.684531,depto_transferencia_o_homonimo,rojo,Wikipedia + Georef,https://es.wikipedia.org/wiki/Dos_de_Mayo_(Misiones),"[3.3b transferencia_limite_declarado] Jose ratifico bloque limite declarado (README 3.1b: reasignacion entre deptos preexistentes, sin ley citable; identidad solida)"
A,aceptar,v5_p03,117,Gobernador Racedo,Entre Ríos,Paraná,1147,Gobernador Racedo (General Racedo),Diamante,-31.9791491,-60.4056663,depto_transferencia_o_homonimo,rojo,Georef + Wikipedia/eltiempo/mapcarta,https://apis.datos.gob.ar/georef/api/localidades?id=30021110,[3.3b transferencia_confirmada] transferencia DOCUMENTADA: Ley provincial 6378 (1979) | ley: Ley provincial 6378 (1979)
A,aceptar,v8_p02,109,Divisoria,San Juan,Veinticinco de Mayo,1090,Divisoria (localidad del depto 25 de Mayo),Caucete,-31.72032,-68.30388,depto_transferencia_o_homonimo,verde,OpenStreetMap/Nominatim + web,https://nominatim.openstreetmap.org/search?q=Divisoria+San+Juan+Argentina&format=json,[3.3b manual_coord] guard=verde (coord en conjunto permitido)
A,aceptar,v4_p07,419,Golondrina,Santa Fe,General Obligado,966,Golondrina,Vera,-28.55654,-60.02271,depto_transferencia_o_homonimo,rojo,Georef + Wikipedia,https://es.wikipedia.org/wiki/Golondrina_(Santa_Fe),"[3.3b transferencia_limite_declarado] Jose ratifico bloque limite declarado (README 3.1b: reasignacion entre deptos preexistentes, sin ley citable; identidad solida)"
A,aceptar,v5_p01,136,Aranguren,Entre Ríos,Victoria,932,Aranguren,,-32.24578,-60.15835,web_rename,rojo,Georef + Wikipedia,https://es.wikipedia.org/wiki/Villa_Aranguren,"[3.3b transferencia_limite_declarado] Jose ratifico bloque limite declarado (README 3.1b: reasignacion entre deptos preexistentes, sin ley citable; identidad solida)"
A,aceptar,v3_p22,349,Villars,Buenos Aires,Marcos Paz,915,Villars,General Las Heras,-34.82601,-58.93905,depto_transferencia_o_homonimo,rojo,Wikipedia + OpenStreetMap,https://es.wikipedia.org/wiki/Villars_(Buenos_Aires),"[3.3b transferencia_limite_declarado] Jose ratifico bloque limite declarado (README 3.1b: reasignacion entre deptos preexistentes, sin ley citable; identidad solida)"
A,aceptar,v7_p07,155,Manantial,Tucumán,Tafí,911,El Manantial,,-26.848053,-65.281861,web_manual_coord,rojo,Georef + Wikipedia/todo-argentina,https://es.wikipedia.org/wiki/El_Manantial_(Tucum%C3%A1n),[3.3b transferencia_confirmada] transferencia DOCUMENTADA: Ley provincial 4518 (1976) | ley: Ley provincial 4518 (1976)
A,aceptar,v4_p10,491,Los Amores,Santa Fe,General Obligado,736,Los Amores,Vera,-28.1019746,-59.9798968,depto_transferencia_o_homonimo,rojo,Wikipedia (Los Amores) + Georef,https://es.wikipedia.org/wiki/Los_Amores,"[3.3b transferencia_limite_declarado] Jose ratifico bloque limite declarado (README 3.1b: reasignacion entre deptos preexistentes, sin ley citable; identidad solida)"
A,aceptar,v3_p12,418,Juan J. Almeyra,Buenos Aires,Navarro,696,José Juan Almeyra,,-34.92159,-59.54223,web_rename,verde,Georef + Wikipedia,https://es.wikipedia.org/wiki/Jos%C3%A9_Juan_Almeyra,[3.3b rename] guard=verde (coord en conjunto permitido)
A,aceptar,v4_p04,505,Colonia Santa María,Córdoba,Unión,694,Aldea Santa María,San Justo,-33.699219,-62.914658,depto_transferencia_o_homonimo,verde,Georef + Wikipedia,https://es.wikipedia.org/wiki/Aldea_Santa_Mar%C3%ADa_(C%C3%B3rdoba),[3.3b rename] guard=verde (coord en conjunto permitido)
A,aceptar,v7_p07,199,Manuel García Fernández,Tucumán,Famaillá,681,Manuel García Fernández,Leales,-26.95570,-65.27207,depto_transferencia_o_homonimo,rojo,Georef + Wikipedia,https://es.wikipedia.org/wiki/Manuel_Garc%C3%ADa_Fern%C3%A1ndez,"[3.3b transferencia_limite_declarado] Jose ratifico bloque limite declarado (README 3.1b: reasignacion entre deptos preexistentes, sin ley citable; identidad solida)"
A,aceptar,v4_p11,513,Margarita,Santa Fe,Castellanos,680,Colonia Margarita,Vera,-31.68599,-61.64772,depto_transferencia_o_homonimo,verde,Georef,https://apis.datos.gob.ar/georef/api/localidades?nombre=Margarita&provincia=Santa%20Fe,[3.3b rename] guard=verde (coord en conjunto permitido)
A,aceptar,v4_p16,519,San José,Córdoba,Tulumba,673,San José de la Dormida,San Javier,-30.356269,-63.950293,depto_transferencia_o_homonimo,verde,Georef + citypopulation,https://es.wikipedia.org/wiki/San_Jos%C3%A9_de_la_Dormida,[3.3b rename] guard=verde (coord en conjunto permitido)
A,aceptar,v4_p01,524,Ana Zumarán,Córdoba,General San Martín,657,Ana Zumarán,Unión,-32.3905234,-63.0573516,depto_transferencia_o_homonimo,verde,Wikipedia (Ana Zumaran) + Georef,https://es.wikipedia.org/wiki/Ana_Zumar%C3%A1n,[3.3b transferencia_confirmada] guard=verde (coord en conjunto permitido)
A,aceptar,v3_p17,455,Pavón,Buenos Aires,Exaltación de la Cruz,627,Pavón (partido Exaltación de la Cruz),General Lavalle,-34.39318,-59.03470,depto_transferencia_o_homonimo,verde,Wikipedia + Georef,https://es.wikipedia.org/wiki/Pav%C3%B3n_(Buenos_Aires),[3.3b rename] guard=verde (coord en conjunto permitido)
A,aceptar,v5_p07,194,Tabay,Corrientes,Concepción,588,Tabay,Concepción,-28.308136,-58.286866,ambiguo,verde,Georef + Wikipedia,https://es.wikipedia.org/wiki/Tabay_(Corrientes),[3.3b transferencia_confirmada] guard=verde (coord en conjunto permitido)
A,aceptar,v3_p12,482,La Larga,La Pampa,Caseros,570,La Larga,Daireaux,-36.675,-61.93,correccion_fuente_imagen,verde,imagen+georef,https://apis.datos.gob.ar/georef/api,PASO0: fuente imprimio prov 'La Pampa' erronea; La Pampa no tiene depto Caseros; Caseros=viejo Daireaux(BA); La Larga en BA/Daireaux. Imagen v3_p12/482 | Paso 0: ratificado en decisiones.csv
A,aceptar,v4_p07,572,Garabato,Santa Fe,General Obligado,525,Garabato,Vera,-28.95449,-60.13508,depto_transferencia_o_homonimo,rojo,Georef + Wikipedia,https://es.wikipedia.org/wiki/Garabato_(Santa_Fe),"[3.3b transferencia_limite_declarado] Jose ratifico bloque limite declarado (README 3.1b: reasignacion entre deptos preexistentes, sin ley citable; identidad solida)"
A,aceptar,v4_p18,578,Tartagal,Santa Fe,General Obligado,514,Tartagal,Vera,-28.67105,-59.84809,depto_transferencia_o_homonimo,rojo,Wikipedia + Georef,https://es.wikipedia.org/wiki/Tartagal_(Santa_Fe),"[3.3b transferencia_limite_declarado] Jose ratifico bloque limite declarado (README 3.1b: reasignacion entre deptos preexistentes, sin ley citable; identidad solida)"
A,aceptar,v4_p08,601,Intiyaco,Santa Fe,General Obligado,479,Intiyaco,Vera,-28.674866,-60.070701,depto_transferencia_o_homonimo,rojo,Georef + Wikipedia/senado Santa Fe,https://es.wikipedia.org/wiki/Intiyaco_(Santa_Fe),"[3.3b transferencia_limite_declarado] Jose ratifico bloque limite declarado (README 3.1b: reasignacion entre deptos preexistentes, sin ley citable; identidad solida)"
A,aceptar,v7_p09,266,San José,Catamarca,Tinogasta,477,San José (Tinogasta),Fray Mamerto Esquiú,-27.9868939,-67.5938798,depto_transferencia_o_homonimo,verde,Nominatim/OpenStreetMap,"https://nominatim.openstreetmap.org/search?q=San+Jose,+Tinogasta,+Catamarca&format=json",[3.3b manual_coord] guard=verde (coord en conjunto permitido)
A,aceptar,v3_p08,558,Enrique Lavalle,Buenos Aires,Hipólito Yrigoyen,457,Enrique Lavalle (estacion FC Midland),,-36.40887,-61.93402,web_manual_coord,rojo,OpenStreetMap/Nominatim + Wikipedia,https://es.wikipedia.org/wiki/Estaci%C3%B3n_Enrique_Lavalle,"[3.3b manual_coord_frontera] Jose: aceptar (residuo chico, mismo lugar confirmado por fuente; guard rojo por borde/split)"
A,aceptar,v4_p12,621,Monte Cristo,Córdoba,Río Primero,439,Monte Cristo,,-31.343056,-63.944444,web_manual_coord,rojo,Wikipedia,https://es.wikipedia.org/wiki/Monte_Cristo_(C%C3%B3rdoba),"[3.3b manual_coord_frontera] Jose: aceptar (residuo chico, mismo lugar confirmado por fuente; guard rojo por borde/split)"
A,aceptar,v4_p14,622,Punta del Agua,Córdoba,Río Primero,437,Punta de Agua (Río Primero),Tercero Arriba,-31.05170,-63.70070,depto_transferencia_o_homonimo,verde,Georef asentamientos + Nominatim,"https://nominatim.openstreetmap.org/search?q=Punta+del+Agua,+Rio+Primero,+Cordoba,+Argentina&format=json",[3.3b manual_coord] guard=verde (coord en conjunto permitido)
A,aceptar,v4_p10,628,Las Tapias,Córdoba,Río Cuarto,424,"Las Tapias (Río Cuarto, pedanía San Bartolomé)",San Javier,-32.83587,-64.74979,depto_transferencia_o_homonimo,verde,OpenStreetMap/Nominatim + mindat,"https://nominatim.openstreetmap.org/search?q=Las+Tapias,+Rio+Cuarto,+Cordoba,+Argentina&format=json",[3.3b manual_coord] guard=verde (coord en conjunto permitido)
A,aceptar,v4_p14,631,Punta de Agua,Córdoba,Río Cuarto,421,"Punta del Agua (paraje, Pedanía Achiras)",Río Primero,-33.202775,-65.142456,depto_transferencia_o_homonimo,verde,OpenStreetMap / Nominatim,https://nominatim.openstreetmap.org/lookup?osm_ids=N3559620393&format=json,[3.3b manual_coord] guard=verde (coord en conjunto permitido)
A,aceptar,v6_p06,194,Santo Domingo,Santiago del Estero,Ojo de Agua,410,Santo Domingo (Ojo de Agua),Pellegrini,-29.2531302,-63.9284245,depto_transferencia_o_homonimo,verde,Nominatim/OpenStreetMap,"https://nominatim.openstreetmap.org/search?q=Santo+Domingo,+Ojo+de+Agua,+Santiago+del+Estero&format=json",[3.3b manual_coord] guard=verde (coord en conjunto permitido)
A,aceptar,v5_p06,251,San Antonio,Corrientes,Paso de los Libres,350,"San Antonio (paraje, depto Paso de los Libres)",Ituzaingó,-29.76755,-57.54712,depto_transferencia_o_homonimo,verde,OpenStreetMap/Nominatim + Gobierno de Corrientes,https://nominatim.openstreetmap.org/search?q=San+Antonio+Paso+de+los+Libres+Corrientes+Argentina&format=json,[3.3b manual_coord] guard=verde (coord en conjunto permitido)
A,aceptar,v4_p18,658,Tinoco,Córdoba,Río Primero,344,Tinoco,Colón,-31.124469,-63.891831,depto_transferencia_o_homonimo,rojo,Georef + Wikipedia,https://es.wikipedia.org/wiki/Tinoco,"[3.3b transferencia_limite_declarado] Jose ratifico bloque limite declarado (README 3.1b: reasignacion entre deptos preexistentes, sin ley citable; identidad solida)"
A,aceptar,v3_p07,652,Energía,Buenos Aires,San Cayetano,343,Energía,Necochea,-38.55792,-59.34108,depto_transferencia_o_homonimo,rojo,Georef + Wikipedia,https://es.wikipedia.org/wiki/Energ%C3%ADa_(Buenos_Aires),"[3.3b transferencia_limite_declarado] Jose ratifico bloque limite declarado (README 3.1b: reasignacion entre deptos preexistentes, sin ley citable; identidad solida)"
A,aceptar,v3_p23,709,Vuelta de Obligado,Buenos Aires,San Pedro,283,Obligado,,-33.59681,-59.81769,web_rename,verde,Wikipedia + Georef,https://es.wikipedia.org/wiki/Obligado_(Buenos_Aires),[3.3b rename] guard=verde (coord en conjunto permitido)
A,aceptar,v5_p05,291,Miñones,Entre Ríos,Federación,204,Estación Miñones,,-30.6983,-58.5825,web_manual_coord,rojo,Wikipedia,https://es.wikipedia.org/wiki/Estaci%C3%B3n_Mi%C3%B1ones,"[3.3b manual_coord_frontera] Jose: aceptar (residuo chico, mismo lugar confirmado por fuente; guard rojo por borde/split)"
A,aceptar,v3_p20,812,San José,Buenos Aires,Necochea,200,"San José (Estación, Necochea)",Coronel Suárez,-38.1751691,-59.005777,depto_transferencia_o_homonimo,verde,"Wikipedia (Estación San José, Roca)",https://es.wikipedia.org/wiki/Estaci%C3%B3n_San_Jos%C3%A9_(Roca),[3.3b manual_coord] guard=verde (coord en conjunto permitido)
A,aceptar,v6_p06,267,San Pedro,Santiago del Estero,Matará,175,"San Pedro (paraje, depto Juan Felipe Ibarra ex-Matará)",Capital,-28.31159,-62.25472,depto_transferencia_o_homonimo,verde,OpenStreetMap/Nominatim,https://nominatim.openstreetmap.org/search?q=San+Pedro+Juan+Felipe+Ibarra+Santiago+del+Estero+Argentina&format=json,[3.3b manual_coord] guard=verde (coord en conjunto permitido)
A,aceptar,v3_p02,871,Arroyo Dulce,Buenos Aires,Pergamino,147,Arroyo Dulce,Salto,-34.102433,-60.406155,depto_transferencia_o_homonimo,rojo,Georef + Wikipedia,https://es.wikipedia.org/wiki/Arroyo_Dulce,"[3.3b transferencia_limite_declarado] Jose ratifico bloque limite declarado (README 3.1b: reasignacion entre deptos preexistentes, sin ley citable; identidad solida)"
A,aceptar,v3_p17,873,Pasteur,Buenos Aires,General Pinto,147,Pasteur,Lincoln,-35.14129,-62.24397,depto_transferencia_o_homonimo,rojo,Georef + Wikipedia,https://es.wikipedia.org/wiki/Pasteur_(Buenos_Aires),"[3.3b transferencia_limite_declarado] Jose ratifico bloque limite declarado (README 3.1b: reasignacion entre deptos preexistentes, sin ley citable; identidad solida)"
A,aceptar,v7_p10,413,Santa Victoria,Salta,Rivadavia,126,Santa Victoria Este,Santa Victoria,-22.27273,-62.71258,depto_transferencia_o_homonimo,verde,Wikipedia + Georef,https://es.wikipedia.org/wiki/Santa_Victoria_Este,[3.3b rename] guard=verde (coord en conjunto permitido)
A,aceptar,v3_p03,909,Calderón,Buenos Aires,Bahía Blanca,105,Calderón,Coronel de Marina Leonardo Rosales,-38.722079,-62.056792,depto_transferencia_o_homonimo,rojo,Wikipedia + Georef (candidato),https://es.wikipedia.org/wiki/Calder%C3%B3n_(Buenos_Aires),"[3.3b transferencia_limite_declarado] Jose ratifico bloque limite declarado (README 3.1b: reasignacion entre deptos preexistentes, sin ley citable; identidad solida)"
B,,v3_p09,13,General Sarmiento,Buenos Aires,General Sarmiento,167160,San Miguel,,-34.5438144507937,-58.712723882421,cabecera_documentada,verde,web+georef,https://es.wikipedia.org/wiki/Partido_de_General_Sarmiento,el censo 1960 listo la cabecera con el nombre del depto. f(1)=total del partido. Partido DISUELTO 1994 -> San Miguel + Jose C. Paz + Malvinas Argentinas; no existe localidad 'General Sarmiento'. San Miguel fue la cabecera toda la vida del partido. DECISION de Jose: 1 punto en San Miguel (la poblacion 1960 estaba repartida sobre los 3)
B,,v4_p08,34,Jobson,Santa Fe,Vera,9754,Vera,,-29.4667,-60.2167,web_rename,verde,Wikipedia,https://es.wikipedia.org/wiki/Vera_(Santa_Fe),[guard=verde; punto en Vera] Jobson fue uno de los nombres previos de la actual ciudad de Vera (La Curva/Jobson/Jobson Vera/Gobernador Vera/Vera). Po
B,,v7_p04,19,General Martín Miguel de Güemes,Salta,General Martín Miguel de Güemes,8748,General Güemes,,-24.6744252131537,-65.0466832189438,cabecera_documentada,verde,web+georef,https://es.wikipedia.org/wiki/Departamento_General_G%C3%BCemes_(Salta),el censo 1960 listo la cabecera con el nombre del depto. cabecera (mismo nombre que el depto; 'Martin Miguel de' es la forma ceremonial)
B,,v8_p05,21,Villa Krause,San Juan,Rawson,7311,Villa Krause (cabecera del depto Rawson),,-31.5811,-68.5428,web_manual_coord,verde,Wikipedia,https://es.wikipedia.org/wiki/Departamento_Rawson_(San_Juan),"[guard=verde; punto en Rawson] Villa Krause es la ciudad cabecera del depto Rawson, hoy conurbada al Gran San Juan; conserva su nombre"
B,,v7_p11,20,Villa Alberdi,Tucumán,Río Chico,7266,Juan Bautista Alberdi,,-27.5861,-65.6197,web_rename,verde,Wikipedia,https://es.wikipedia.org/wiki/Juan_Bautista_Alberdi_(Tucum%C3%A1n),"[guard=verde; punto en Juan Bautista Alberdi] Ciudad denominada originalmente Villa Alberdi; hoy Juan Bautista Alberdi, cabecera del depto homonimo (depto 1960 Rio Ch"
B,,v3_p09,81,General Viamonte,Buenos Aires,General Viamonte,7174,Los Toldos,,-35.0002289478671,-61.0383489252287,cabecera_documentada,verde,web+georef,https://es.wikipedia.org/wiki/Partido_de_General_Viamonte,el censo 1960 listo la cabecera con el nombre del depto. cabecera
B,,v8_p01,22,Albardón,San Juan,Albardón,6985,Villa General San Martín - Campo Afuera,,-31.4396422437255,-68.5205567477965,cabecera_documentada,verde,web+georef,https://es.wikipedia.org/wiki/Departamento_Albard%C3%B3n,el censo 1960 listo la cabecera con el nombre del depto. cabecera = Villa General San Martin (NO existe pueblo 'Albardon'); Georef la lista con el nombre compuesto 'Villa General San Martin - Campo Afuera'
B,,v4_p19,48,Villa Diego,Santa Fe,Rosario,6852,Villa Diego (barrio/localidad de Villa Gobernador Gálvez),,-33.0231,-60.6252,web_barrio,verde,Wikipedia (Estación Villa Diego),https://es.wikipedia.org/wiki/Estaci%C3%B3n_Villa_Diego,"[guard=verde; punto en Rosario] Villa Diego es hoy parte de Villa Gobernador Gálvez, depto Rosario; coordenada de la estación homónima."
B,,v4_p14,56,Pueblo Nuevo,Santa Fe,Rosario,6321,Pueblo Nuevo (barrio de Villa Gobernador Gálvez),,-33.0236,-60.6353,web_barrio,verde,Wikipedia (Villa Gobernador Gálvez),https://es.wikipedia.org/wiki/Villa_Gobernador_G%C3%A1lvez,"[guard=verde; punto en Rosario] Barrio industrial surgido junto al Frigorífico Swift; hoy parte de Villa Gobernador Gálvez, depto Rosario. Coordenada ="
B,,v3_p01,89,Adolfo Alsina,Buenos Aires,Adolfo Alsina,6183,Carhué,,-37.179441526348,-62.760041120204,cabecera_documentada,verde,web+georef,https://es.wikipedia.org/wiki/Partido_de_Adolfo_Alsina,el censo 1960 listo la cabecera con el nombre del depto. cabecera
B,,v3_p18,100,Rivadavia,Buenos Aires,Rivadavia,5315,América,,-35.4891109711641,-62.9757109723008,cabecera_documentada,verde,web+georef,https://es.wikipedia.org/wiki/Partido_de_Rivadavia,el censo 1960 listo la cabecera con el nombre del depto. cabecera
B,,v4_p08,92,Humberto 1º,Santa Fe,Castellanos,4453,Humberto Primo,,-30.8683,-61.3481,web_rename,verde,wikipedia,https://en.wikipedia.org/wiki/Humberto_Primo,"[guard=verde; punto en Castellanos] Humberto 1º = Humberto Primo, comuna del depto Castellanos, Santa Fe. Coincide depto."
B,,v8_p01,30,Bermejito,San Juan,Santa Lucía,4403,Bermejito,,-31.5122,-68.5031,web_manual_coord,verde,osm,"https://nominatim.openstreetmap.org/search?q=Bermejito,+Santa+Lucia,+San+Juan,+Argentina",[guard=verde; punto en Santa Lucía] Barrio/aldea Bermejito en depto Santa Lucía (San Juan). NO es el homónimo Bermejo/Caucete de la pista.
B,,v3_p11,113,José M. Blanco,Buenos Aires,Pellegrini,4251,Tres Lomas (ex Colonia/estación José M. Blanco),,-36.4582,-62.8756,web_manual_coord,verde,OSM Nominatim; treslomas.gob.ar,https://www.treslomas.gob.ar/?q=historia,[guard=verde; punto en Tres Lomas] No existe localidad moderna 'José M. Blanco'. José María Blanco fue el terrateniente que fundó la Colonia Blanco y cedió
B,,v8_p01,37,Colonia Alvear Oeste,Mendoza,General Alvear,3665,Colonia Alvear Oeste,,-35.0,-67.6667,web_manual_coord,verde,dices.net,https://www.dices.net/mapas/argentina/mapa.php?nombre=&id=31783,"[guard=verde; punto en General Alvear] Localidad/estación FC en el depto General Alvear, Mendoza"
B,,v3_p18,126,Puerto Belgrano,Buenos Aires,Coronel de Marina Leonardo Rosales,3607,Base Naval Puerto Belgrano (Punta Alta),,-38.8869,-62.0978,web_manual_coord,verde,Wikipedia,https://en.wikipedia.org/wiki/Port_Belgrano_Naval_Base,"[guard=verde; punto en Coronel de Marina Leonardo Rosales] Base naval junto a Punta Alta, partido Coronel de Marina L. Rosales"
B,,v4_p03,124,Cañada Verde,Córdoba,General Roca,3558,Villa Huidobro,,-34.8403,-64.5867,web_rename,verde,Wikipedia,https://es.wikipedia.org/wiki/Villa_Huidobro,"[guard=verde; punto en General Roca] Poblacion llamada Cañada Verde erigida en villa como Villa Huidobro en 1904; cabecera depto General Roca, Cordoba"
B,,v4_p04,127,Colonia Ella,Santa Fe,General Obligado,3498,Malabrigo,,-29.3486,-59.9694,web_rename,verde,Wikipedia (Malabrigo),https://es.wikipedia.org/wiki/Malabrigo_(Argentina),[guard=verde; punto en General Obligado] Colonia Ella fue renombrada Malabrigo por ley 5.700 en 1964; depto General Obligado.
B,,v7_p08,43,Pocitos,Salta,Gral. J. de San Martín,3438,Profesor Salvador Mazza,,-22.05,-63.7,web_rename,verde,Wikipedia (Salvador Mazza),https://es.wikipedia.org/wiki/Salvador_Mazza_(Salta),[guard=verde; punto en General José de San Martín] Pocitos renombrada Prof. Salvador Mazza en 1951; depto Gral José de San Martín. La pista Salar de Pocitos es un homónimo
B,,v7_p06,47,León Rouges,Tucumán,Monteros,3196,León Rougés,,-27.2158,-65.5333,web_rename,verde,gazetteer,https://www.mindat.org/feature-3846949.html,"[guard=verde; punto en Monteros] Localidad de León Rougés, depto Monteros, Tucuman. Coincide depto."
B,,v3_p11,147,Jáuregui,Buenos Aires,Luján,3113,José María Jáuregui (Villa Flandria),,-34.6000,-59.1670,web_rename,verde,wikipedia,https://es.wikipedia.org/wiki/Jos%C3%A9_Mar%C3%ADa_J%C3%A1uregui,"[guard=verde; punto en Luján] Localidad de Luján, llamada Villa Flandria 1978-1990s; hoy José María Jáuregui."
B,,v4_p06,146,Empalme V. Constitución,Santa Fe,Constitución,3095,Empalme Villa Constitución,,-33.2611,-60.3806,web_manual_coord,verde,Wikipedia,https://es.wikipedia.org/wiki/Empalme_Villa_Constituci%C3%B3n-Barrio_Mitre,"[guard=verde; punto en Constitución] Comuna Empalme Villa Constitución, depto Constitución, a 5 km de Villa Constitución."
B,,v8_p05,41,Ullún,San Juan,Ullún,2896,Villa Ibáñez,Ullum,-31.4659385111811,-68.7353338028121,cabecera_documentada,verde,web+georef,https://es.wikipedia.org/wiki/Departamento_Ullum,el censo 1960 listo la cabecera con el nombre del depto. cabecera: NO existe pueblo 'Ullum'
B,,v3_p11,158,Juan B. Alberdi,Buenos Aires,Leandro N. Alem,2873,Juan Bautista Alberdi,,-34.4333,-61.8,web_manual_coord,verde,Wikipedia,https://es.wikipedia.org/wiki/Juan_Bautista_Alberdi_(Buenos_Aires),"[guard=verde; punto en Leandro N. Alem] Localidad del partido Leandro N. Alem, BA (km 340 RN7)"
B,,v9_1_2_p03,32,Kilómetro 8 (Petroquímica),Chubut,Escalante,2783,Kilómetro 8 / Don Bosco (barrio de Comodoro Rivadavia),,-45.8000,-67.5333,web_barrio,verde,Wikipedia,https://es.wikipedia.org/wiki/Don_Bosco_(Chubut),"[guard=verde; punto en Escalante] Barrio industrial (Petroquímica) a 8 km del centro de Comodoro Rivadavia, depto Escalante"
B,,v4_p01,168,Alto Verde,Santa Fe,La Capital,2627,Barrio Alto Verde (Santa Fe capital),,-31.6613,-60.6986,web_barrio,verde,Wikimapia/dices.net,https://www.dices.net/mapas/argentina/mapa.php?nombre=Alto-Verde&id=24458,"[guard=verde; punto en La Capital] Barrio de la ciudad de Santa Fe sobre Isla Sirgadero, depto La Capital"
B,,v3_p04,173,Carlos Pellegrini,Buenos Aires,Pellegrini,2470,Pellegrini (cabecera del partido de Pellegrini),,-36.2682,-63.1646,web_rename,verde,Wikipedia / OSM Nominatim,https://es.wikipedia.org/wiki/Pellegrini_(Buenos_Aires),[guard=verde; punto en Pellegrini] La localidad censal 'Carlos Pellegrini' es la ciudad cabecera Pellegrini; coordenada OSM confirmada dentro del partido d
B,,v7_p08,58,Pedro G. Méndes,Tucumán,Cruz Alta,2425,La Florida (Estación Pedro G. Méndez),,-26.8208,-65.0953,web_rename,verde,Wikipedia (La Florida Tucumán),https://es.wikipedia.org/wiki/La_Florida_(Tucum%C3%A1n),"[guard=verde; punto en Cruz Alta] Estación Pedro G. Méndez del Ingenio La Florida, localidad La Florida, depto Cruz Alta."
B,,v5_p04,58,Lib. Gral. San Martín,Misiones,Lib. Gral. San Martín,2267,Puerto Rico,,-26.8148524027618,-55.0240728847562,cabecera_documentada,verde,web+georef,https://es.wikipedia.org/wiki/Departamento_Libertador_General_San_Mart%C3%ADn_(Misiones),el censo 1960 listo la cabecera con el nombre del depto. cabecera
B,,v3_p09,182,General Paz,Buenos Aires,General Paz,2217,Ranchos,,-35.5164055625349,-58.3189734205107,cabecera_documentada,verde,web+georef,https://es.wikipedia.org/wiki/Partido_de_General_Paz,el censo 1960 listo la cabecera con el nombre del depto. cabecera
B,,v7_p05,67,La Madrid,Tucumán,Graneros,2116,La Madrid (Lamadrid),,-27.6833,-65.2000,web_manual_coord,verde,wikipedia,https://es.wikipedia.org/wiki/La_Madrid_(Tucum%C3%A1n),"[guard=verde; punto en Graneros] Depto Graneros, Tucumán; también escrito Lamadrid. Coord 27°41'S 65°12'W."
B,,v5_p04,65,Juan B. Arruabarrena,Entre Ríos,Federación,1997,Juan B. Arruabarrena,,-30.3394,-58.3019,web_manual_coord,verde,OSM Nominatim,https://nominatim.openstreetmap.org/,"[guard=verde; punto en Federación] Paraje en depto Federación (San Jaime de la Frontera / Distrito Tatutí), Entre Ríos."
B,,v8_p02,57,La Bebida,San Juan,Rivadavia,1992,La Bebida,,-31.5333,-68.6167,web_manual_coord,verde,dices.net,https://www.dices.net/mapas/argentina/mapa.php?nombre=La-Bebida&id=44348,"[guard=verde; punto en Rivadavia] Localidad del depto Rivadavia, Gran San Juan"
B,,v4_p07,192,Froilán Palacios,Santa Fe,Iriondo,1948,Froilán Palacios,,-32.6667,-61.1000,web_manual_coord,verde,SIPAR Archivo Historico / Mapcarta,https://mapcarta.com/20056348,[guard=verde; punto en Iriondo] Localidad del depto Iriondo (Municipio Salto Grande); traza aprobada 1891 en km 373 del FC Cordoba-Rosario
B,,v6_p05,43,Misión San Fco. de Laishí,Formosa,Laishí,1944,San Francisco de Laishí,,-26.2465,-58.6312,web_manual_coord,verde,Wikipedia (San Francisco de Laishí),https://es.wikipedia.org/wiki/San_Francisco_de_Laish%C3%AD,"[guard=verde; punto en Laishi] Mismo lugar; municipio Misión San Francisco de Laishí, cabecera del depto Laishí."
B,,v4_p11,198,Los Saladillos,Santa Fe,9 de Julio,1920,Gregoria Pérez de Denis (Los Saladillos),,-28.2333,-61.5333,web_rename,verde,Wikipedia (Gregoria Pérez de Denis),https://es.wikipedia.org/wiki/Gregoria_P%C3%A9rez_de_Denis_(Santa_Fe),[guard=verde; punto en 9 de Julio] Comuna del depto 9 de Julio también conocida como Los Saladillos.
B,,v7_p08,74,Poso del Alto,Tucumán,Cruz Alta,1875,Pozo del Alto,,-26.9025,-65.1456,web_rename,verde,gazetteer,https://mapcarta.com/20026742,"[guard=verde; punto en Cruz Alta] Poso del Alto = Pozo del Alto, localidad depto Cruz Alta, Tucuman (cerca de Colombres/Banda del Rio Sali). Coincide dept"
B,,v4_p08,207,Jesús María,Santa Fe,San Lorenzo,1855,"Jesús María (paraje, Timbúes)",,-32.6718,-60.7835,web_manual_coord,verde,osm,"https://nominatim.openstreetmap.org/search?q=Jesus+Maria,+San+Lorenzo,+Santa+Fe,+Argentina",[guard=verde; punto en San Lorenzo] Paraje/colonia Jesús María en depto San Lorenzo cerca de Timbúes. Confianza media (OSM solo registra vías con ese nombre
B,,v4_p19,217,Villa General Mitre,Córdoba,Totoral,1797,Villa del Totoral,,-30.7000,-64.0667,web_rename,verde,Wikipedia; Mapcarta,https://mapcarta.com/20011142,"[guard=verde; punto en Totoral] Villa General Mitre fue el nombre original (1862) de la actual Villa del Totoral, depto Totoral."
B,,v3_p22,215,Villa Numancia,Buenos Aires,San Vicente,1735,Estación Villa Numancia (Guernica),,-34.9219,-58.4012,web_manual_coord,verde,Wikipedia,https://es.wikipedia.org/wiki/Estaci%C3%B3n_Villa_Numancia,"[guard=verde; punto en Presidente Perón] Estación/barrio de Guernica, hoy partido Presidente Perón"
B,,v5_p05,78,Manuel F. Mantilla,Corrientes,San Roque,1697,Mantilla (ex nombre oficial Pedro R. Fernández),,-28.7508,-58.6558,web_rename,verde,Wikipedia,https://es.wikipedia.org/wiki/Mantilla_(Argentina),[guard=verde; punto en San Roque] Localidad de San Roque nombrada por la estación Manuel F. Mantilla; nombre oficial Mantilla desde 2023
B,,v5_p03,79,General Paz,Corrientes,General Paz,1689,Nuestra Señora del Rosario de Caá Catí,,-27.751995828158,-57.6225136238666,cabecera_documentada,verde,web+georef,https://es.wikipedia.org/wiki/General_Paz_(departamento),el censo 1960 listo la cabecera con el nombre del depto. cabecera = Caa Cati. Ley 1910 renombro depto Y pueblo de Caa Cati a General Paz; el depto quedo 'General Paz' y el pueblo volvio a 'Caa Cati' -> el censo 1960 nombro la cabecera con el nombre del depto. Georef la lista con el nombre completo 'Nuestra Senora del Rosario de Caa Cati'
B,,v5_p05,80,Miguel Lanús,Misiones,Capital,1681,Barrio Miguel Lanús (Posadas),,-27.4292,-55.8797,web_barrio,verde,Wikimapia,http://wikimapia.org/9166957/es/Barrio-Miguel-Lan%C3%BAs,"[guard=verde; punto en Capital] Antigua Villa Lanus, hoy barrio del sur de Posadas, depto Capital, Misiones"
B,,v8_p02,81,La Legua,San Juan,Santa Lucía,1551,La Legua,,-31.5559,-68.4658,web_rename,verde,osm,https://nominatim.openstreetmap.org/search?q=La%20Legua%2C%20Santa%20Lucia%2C%20San%20Juan,"[guard=verde; punto en Santa Lucía] La Legua, distrito/localidad del depto Santa Lucia, San Juan. Coincide depto."
B,,v4_p16,275,S. Martín de las Escobas,Santa Fe,San Martín,1521,San Martín de las Escobas,,-31.8578,-61.5760,web_manual_coord,verde,wikipedia,https://es.wikipedia.org/wiki/San_Mart%C3%ADn_de_las_Escobas,"[guard=verde; punto en San Martín] Comuna en depto San Martín (Santa Fe), km 152 RN34."
B,,v8_p03,82,Pampa del Chañar,San Juan,Jáchal,1521,Pampa del Chañar,,-30.1812,-68.6795,web_manual_coord,verde,OSM Nominatim,https://nominatim.openstreetmap.org/,"[guard=verde; punto en Jáchal] Aldea en el valle Jáchal-Niquivil, depto Jáchal, San Juan."
B,,v8_p03,83,Marquesado,San Juan,Rivadavia,1514,Marquesado,,-31.5167,-68.6167,web_manual_coord,verde,dices.net,https://www.dices.net/mapas/argentina/mapa.php?nombre=Marquesado&id=3859,"[guard=verde; punto en Rivadavia] Localidad del depto Rivadavia, Gran San Juan"
B,,v4_p05,285,Chateaubriand,Santa Fe,General López,1490,Chateaubriand (paraje/estación),,-33.6333,-61.8667,web_manual_coord,verde,OpenStreetMap Nominatim (reverse) / Globefeed,https://nominatim.openstreetmap.org/reverse?lat=-33.6333&lon=-61.8667&format=json,"[guard=verde; punto en General López] Reverse-geocoding confirma que cae en Departamento General López, al NE de Venado Tuerto"
B,,v7_p09,98,San Antonio de la Paz,Catamarca,La Paz,1489,San Antonio de La Paz,,-28.9330,-65.1000,web_manual_coord,verde,Wikipedia (EN),https://en.wikipedia.org/wiki/San_Antonio_de_La_Paz,"[guard=verde; punto en La Paz] Pueblo del depto La Paz, Catamarca"
B,,v3_p19,241,Sánchez,Buenos Aires,Ramallo,1480,Villa General Savio,,-33.4350,-60.1460,web_rename,verde,Wikipedia (Villa General Savio),https://en.wikipedia.org/wiki/Villa_General_Savio,[guard=verde; punto en Ramallo] Estación/localidad Sánchez renombrada Villa General Savio en 1967; partido de Ramallo.
B,,v4_p17,297,Saturnino M. Laspiur,Córdoba,San Justo,1445,Saturnino María Laspiur,,-31.7039,-62.4825,web_rename,verde,Wikipedia (Saturnino María Laspiur),https://es.wikipedia.org/wiki/Saturnino_Mar%C3%ADa_Laspiur_(C%C3%B3rdoba),[guard=verde; punto en San Justo] Localidad del depto San Justo sobre RN 158.
B,,v6_p04,80,Laguna Naineck,Formosa,Pilcomayo,1445,Laguna Naick Neck,,-25.2190,-58.1219,web_rename,verde,wikipedia,https://es.wikipedia.org/wiki/Laguna_Naick_Neck,"[guard=verde; punto en Pilcomayo] Laguna Naineck = Laguna Naick Neck, depto Pilcomayo, Formosa. Coincide depto."
B,,v5_p03,89,Gobernador J.E. Martínez,Corrientes,Lavalle,1434,Gobernador Juan E. Martínez,,-28.9125,-58.9361,web_rename,verde,wikipedia,https://es.wikipedia.org/wiki/Gobernador_Juan_E._Mart%C3%ADnez,[guard=verde; punto en Lavalle] Localidad de depto Lavalle (Corrientes); ex Yatay/Pueblo Arroyo Juárez.
B,,v3_p15,266,Mariano M. Alfonso,Buenos Aires,Pergamino,1353,Mariano H. Alfonzo,,-33.883,-60.833,web_rename,verde,Wikipedia,https://en.wikipedia.org/wiki/Mariano_H._Alfonzo,[guard=verde; punto en Pergamino] Estación/localidad del partido Pergamino; estación renombrada Mariano H. Alfonzo en 1945
B,,v9_1_2_p01,51,Alejandro Stefanelli,Río Negro,General Roca,1346,Padre Alejandro Stefenelli,,-39.0345,-67.5388,web_rename,verde,OpenStreetMap Nominatim,https://nominatim.openstreetmap.org/search?q=Padre+Alejandro+Stefenelli+General+Roca+Rio+Negro&format=json,"[guard=verde; punto en General Roca] Localidad/estación al este de la ciudad de General Roca, depto General Roca"
B,,v7_p11,113,Villa Bustos,La Rioja,Sanagasta,1314,Villa Sanagasta,,-29.267,-67.017,web_rename,verde,Wikipedia (Villa Sanagasta),https://es.wikipedia.org/wiki/Villa_Sanagasta,"[guard=verde; punto en Sanagasta] Villa Sanagasta, anteriormente conocida como Villa Bustos; cabecera del depto Sanagasta."
B,,v3_p04,272,Carlos N. Naón,Buenos Aires,9 de Julio,1310,Carlos María Naón,,-35.24,-60.8253,web_rename,verde,Wikipedia (Estación Carlos María Naón),https://es.wikipedia.org/wiki/Estaci%C3%B3n_Carlos_Mar%C3%ADa_Na%C3%B3n,[guard=verde; punto en 9 de Julio] Localidad/estación en partido 9 de Julio.
B,,v9_1_2_p04,54,Playa Bonita,Río Negro,Bariloche,1249,Playa Bonita (Bariloche),,-41.1235,-71.4008,web_manual_coord,verde,osm,https://nominatim.openstreetmap.org/search?q=Playa%20Bonita%2C%20Bariloche,"[guard=verde; punto en Bariloche] Barrio/paraje sobre Av. Bustillo (km 8), costa del lago Nahuel Huapi, depto/municipio San Carlos de Bariloche. Coincide"
B,,v8_p04,97,Rodolfo Iselin (La Llave),Mendoza,San Rafael,1228,La Llave (Rodolfo Iselín),,-34.6399,-67.9780,web_manual_coord,verde,gazetteer,https://provinciademendoza.ar/MENU=Municipios&NMUN=San%20Rafael&INFO=Localidad&NLOC=Rodolfo%20Isel%C3%ADn,"[guard=verde; punto en San Rafael] Distrito La Llave, depto San Rafael; nombre oficial Rodolfo Iselín (1953). Coord del sitio oficial de la Provincia de Me"
B,,v3_p05,288,Coronel Mom,Buenos Aires,Alberti,1201,Villa Ortiz (Estación Coronel Mom),,-34.8414,-60.3061,web_rename,verde,Wikipedia,https://es.wikipedia.org/wiki/Estaci%C3%B3n_Coronel_Mom,"[guard=verde; punto en Alberti] Localidad Villa Ortiz, conocida por su estación Coronel Mom (FC Sarmiento), partido de Alberti."
B,,v3_p16,290,Otamendi,Buenos Aires,Campana,1190,Ingeniero Otamendi,,-34.2342,-58.8642,web_rename,verde,dices.net,https://www.dices.net/mapas/argentina/mapa.php?nombre=Otamendi&id=42326,"[guard=verde; punto en Campana] En partido Campana; NO es Comandante Nicanor Otamendi (Gral Alvarado), homónimo lejano de la pista"
B,,v4_p08,358,J. B. Molina,Santa Fe,Constitución,1189,Juan Bernabé Molina,,-33.4936,-60.5092,web_rename,verde,Wikipedia,https://es.wikipedia.org/wiki/Juan_Bernab%C3%A9_Molina,[guard=verde; punto en Constitución] Localidad del depto Constitución surgida en torno a la estación J. B. Molina (FC Belgrano)
B,,v7_p07,125,Monte Rico,Jujuy,El Carmen,1177,Monterrico,,-24.4428,-65.1661,web_rename,verde,Wikipedia,https://en.wikipedia.org/wiki/Monterrico,"[guard=verde; punto en El Carmen] Monte Rico = Monterrico, municipio del depto El Carmen, Jujuy"
B,,v4_p06,365,Dalmacio Vélez Sarsfield,Córdoba,Tercero Arriba,1175,Dalmacio Vélez (Sársfield),,-32.6100,-63.5769,web_manual_coord,verde,Wikipedia (Dalmacio Vélez Sarsfield),https://es.wikipedia.org/wiki/Dalmacio_V%C3%A9lez_Sarsfield_(C%C3%B3rdoba),[guard=verde; punto en Tercero Arriba] Mismo lugar; depto Tercero Arriba. Coord 32°36'36''S 63°34'37''O.
B,,v5_p06,115,Puerto Gisela,Misiones,San Ignacio,1161,Colonia Gisela (Municipio General Urquiza),,-27.1079,-55.3767,web_manual_coord,verde,Wikipedia (General Urquiza),https://es.wikipedia.org/wiki/General_Urquiza_(Misiones),[guard=verde; punto en San Ignacio] Antiguo puerto/colonia sobre el río Paraná dentro del municipio de General Urquiza (depto San Ignacio). Coordenada = cen
B,,v9_1_2_p02,58,Coronel Gómez,Río Negro,General Roca,1161,Coronel Juan José Gómez,,-39.0194,-67.6364,web_rename,verde,wikipedia,https://es.wikipedia.org/wiki/Coronel_Juan_Jos%C3%A9_G%C3%B3mez_(R%C3%ADo_Negro),"[guard=verde; punto en General Roca] Coronel Gomez = Coronel Juan Jose Gomez, hoy barrio oeste de General Roca, depto General Roca, Rio Negro. Fue localidad"
B,,v7_p11,138,Villa Nva. de Monte Rico,Tucumán,Chicligasta,1092,Monte Rico,,-27.3835,-65.6272,web_manual_coord,verde,osm,"https://nominatim.openstreetmap.org/search?q=Monte+Rico,+Chicligasta,+Tucuman,+Argentina","[guard=verde; punto en Chicligasta] Aldea Monte Rico en depto Chicligasta, cerca de Concepción."
B,,v5_p03,122,Gobernador Gral. López,Misiones,Leandro N. Alem,1080,Gobernador López,,-27.6663,-55.2135,web_rename,verde,Wikipedia,https://es.wikipedia.org/wiki/Gobernador_L%C3%B3pez_(Misiones),"[guard=verde; punto en Leandro N. Alem] Municipio del depto Leandro N. Alem, Misiones"
B,,v5_p03,124,Fábrica Colón,Entre Ríos,Colón,1067,Pueblo Liebig (ex Fábrica Colón),,-32.1531,-58.1911,web_rename,verde,Wikipedia,https://es.wikipedia.org/wiki/Pueblo_Liebig,"[guard=verde; punto en Colón] Pueblo nacido alrededor del frigorífico Fábrica Colón (Liebig's), depto Colón"
B,,v7_p09,140,San José de Fray Mamerto Esquiú,Catamarca,Fray Mamerto Esquiú,1053,San José de Piedra Blanca,,-28.3667,-65.7000,web_rename,verde,Wikipedia,https://es.wikipedia.org/wiki/San_Jos%C3%A9_de_Piedra_Blanca,"[guard=verde; punto en Fray Mamerto Esquiú] San Jose (de Piedra Blanca), cabecera del depto Fray Mamerto Esquiu, Catamarca"
B,,v4_p17,402,Sebastián el Cano,Córdoba,Río Seco,1010,Sebastián Elcano,,-30.1611,-63.5897,web_rename,verde,Wikipedia (Sebastián Elcano),https://es.wikipedia.org/wiki/Sebasti%C3%A1n_Elcano_(C%C3%B3rdoba),[guard=verde; punto en Río Seco] Grafía moderna Sebastián Elcano; depto Río Seco. Coord 30°09'40''S 63°35'23''O.
B,,v7_p10,143,Santa Rosa,Catamarca,Tinogasta,1006,Santa Rosa (Tinogasta),,-28.033,-67.617,web_manual_coord,verde,Wikipedia (Santa Rosa Tinogasta),https://es.wikipedia.org/wiki/Santa_Rosa_(Tinogasta),"[guard=verde; punto en Tinogasta] Comuna a 5 km al norte de Tinogasta, depto Tinogasta."
B,,v7_p02,151,Cevil Pozo,Tucumán,Cruz Alta,930,Cevil Pozo,,-26.8553,-65.1256,web_manual_coord,verde,wikipedia,https://es.wikipedia.org/wiki/Estaci%C3%B3n_Cevil_Pozo,"[guard=verde; punto en Cruz Alta] Estación/localidad en Banda del Río Salí, depto Cruz Alta (Tucumán). Coord 26°51'19\\""S 65°07'32\""\""W."""
B,,v7_p05,152,Huaco,Catamarca,Andalgalá,929,Huaco,,-27.6088,-66.3330,web_manual_coord,verde,Wikipedia,https://es.wikipedia.org/wiki/Huaco_(Catamarca),"[guard=verde; punto en Andalgalá] Localidad ~5 km al sur de Andalgalá; sede de la ex Estación Huaco (FC Belgrano), depto Andalgalá."
B,,v5_p05,139,Nueve de Julio,Misiones,Eldorado,920,9 de Julio,,-26.4301,-54.466,web_rename,verde,Wikipedia,https://es.wikipedia.org/wiki/9_de_Julio_(Misiones),"[guard=verde; punto en Eldorado] Localidad del depto Eldorado, Misiones"
B,,v7_p03,153,Cnel. Juan Solá Morillo,Salta,Rivadavia,920,Coronel Juan Solá (Estación Morillo),,-23.4667,-62.8833,web_rename,verde,Wikipedia,https://es.wikipedia.org/wiki/Coronel_Juan_Sol%C3%A1,"[guard=verde; punto en Rivadavia] Cabecera de Rivadavia Banda Norte; conocida como Morillo por su estación, depto Rivadavia"
B,,v4_p12,447,Mariano Saavedra,Santa Fe,Las Colonias,871,San Mariano (Estación Mariano Saavedra),,-31.6684,-61.3475,web_rename,verde,Wikipedia (San Mariano),https://es.wikipedia.org/wiki/San_Mariano_(Santa_Fe),[guard=verde; punto en Las Colonias] La estación Mariano Saavedra está en la localidad de San Mariano; depto Las Colonias.
B,,v4_p02,450,Ascochingas,Santa Fe,La Capital,864,Ascochinga (paraje distrito Monte Vera),,-31.4833,-60.6333,web_rename,verde,dices.net,https://www.dices.net/mapas/argentina/mapa.php?nombre=Desvio-Ascochinga&id=25412,"[guard=verde; punto en La Capital] Paraje/desvío Ascochinga en el distrito Monte Vera, depto La Capital."
B,,v8_p02,118,La Cañada,San Juan,Albardón,858,La Cañada,,-31.4446,-68.4759,web_rename,verde,osm,https://nominatim.openstreetmap.org/search?q=La%20Ca%C3%B1ada%2C%20Albard%C3%B3n%2C%20San%20Juan,"[guard=verde; punto en Albardón] La Cañada, localidad del depto Albardon, San Juan. Coincide depto."
B,,v7_p07,169,Ntra.Sra. de Talavera,Salta,Anta,827,Nuestra Señora de Talavera,,-25.4567,-63.7789,web_manual_coord,verde,wikipedia,https://es.wikipedia.org/wiki/Nuestra_Se%C3%B1ora_de_Talavera_(actual),"[guard=verde; punto en Anta] Pueblo en depto Anta (Salta), municipio El Quebrachal, sobre RN16."
B,,v5_p04,155,Lib. Gral. San Martín,Entre Ríos,Diamante,809,Libertador San Martín (Puiggari),,-32.0730,-60.4644,web_rename,verde,Wikipedia,https://es.wikipedia.org/wiki/Libertador_San_Mart%C3%ADn,"[guard=verde; punto en Diamante] Ex Aldea Camarero / Puiggari; municipio Libertador San Martín, depto Diamante, Entre Ríos."
B,,v8_p04,122,Piedra Blanca,San Luis,Junín,790,Villa de Merlo (barrio Piedra Blanca),,-32.32,-65.014,web_barrio,verde,Mapcarta,https://mapcarta.com/N2579934389,"[guard=verde; punto en Junín] Barrio histórico de Villa de Merlo, depto Junín; coordenada aproximada (~2,5 km al N del centro de Merlo)"
B,,v6_p07,122,Villa Escobar Navegación Río Bermejo,Formosa,Laishí,775,Villa Escolar,,-26.6219,-58.6697,web_rename,verde,Wikipedia,https://es.wikipedia.org/wiki/Villa_Escolar,[guard=verde; punto en Laishi] Localidad del depto Laishí sobre el río Bermejo; el nombre del censo (Villa Escobar) corresponde a Villa Escolar
B,,v4_p07,475,Gobernador Candioti,Santa Fe,La Capital,767,Gobernador Candioti,,-31.4008,-60.7485,web_manual_coord,verde,Wikipedia,https://es.wikipedia.org/wiki/Gobernador_Candioti,"[guard=verde; punto en La Capital] Comuna del depto La Capital, Santa Fe, km 495 RN11"
B,,v3_p18,390,Río Colorado,La Pampa,Caleu-Caleu,764,La Adela,,-38.9854,-64.0907,web_rename,verde,OSM Nominatim,"https://nominatim.openstreetmap.org/search?q=La+Adela,+Caleu+Caleu,+La+Pampa,+Argentina","[guard=verde; punto en Caleu Caleu] El poblado del lado La Pampa (ex 'Río Colorado-La Pampa') es la actual La Adela, cabecera de Caleu Caleu; Río Colorado c"
B,,v4_p03,480,Cap. de la Sgrda. Familia,Córdoba,Río Primero,749,Sagrada Familia,,-31.2833,-63.4167,web_rename,verde,Wikipedia (Sagrada Familia Córdoba),https://es.wikipedia.org/wiki/Sagrada_Familia_(C%C3%B3rdoba),"[guard=verde; punto en Río Primero] Comuna Sagrada Familia (ex Capilla de la Sagrada Familia), depto Río Primero."
B,,v7_p04,182,Gobernador Garmendia,Tucumán,Burruyacú,740,Gobernador Garmendia,,-26.5689,-64.5561,web_manual_coord,verde,wikipedia,https://en.wikipedia.org/wiki/Gobernador_Garmendia,"[guard=verde; punto en Burruyacú] Localidad de depto Burruyacú (Tucumán), sobre RP336."
B,,v7_p09,185,San Rafael,Tucumán,Famaillá,722,San Rafael,,-26.9667,-65.3833,web_manual_coord,verde,dices.net,https://www.dices.net/mapas/argentina/mapa.php?nombre=San-Rafael&id=16024,"[guard=verde; punto en Famaillá] Lugar poblado en el área Famaillá/Lules, provincia de Tucumán"
B,,v5_p08,173,Yabebiry,Misiones,Oberá,689,Colonia Yabebiry,,-27.45,-55.3,web_manual_coord,verde,dices.net,https://www.dices.net/mapas/argentina/mapa.php?nombre=Cerro-Negro&id=32008,"[guard=verde; punto en Oberá] Colonia Yabebiry, depto Oberá. Coordenada aproximada."
B,,v3_p07,431,Durcudoy,Buenos Aires,Puán,670,Villa Durcudoy (Estación 17 de Agosto),,-37.9128,-62.9381,web_rename,verde,wikipedia,https://es.wikipedia.org/wiki/Estaci%C3%B3n_17_de_Agosto,"[guard=verde; punto en Puán] Durcudoy = Villa Durcudoy / Estacion 17 de Agosto, en localidad Diecisiete de Agosto, partido Puan, Buenos Aires. Coinci"
B,,v5_p04,188,Ifrán,Corrientes,Goya,622,Ifrán,,-29.0959,-58.9693,web_manual_coord,verde,osm,"https://nominatim.openstreetmap.org/search?q=Ifran,+Goya,+Corrientes,+Argentina","[guard=verde; punto en Goya] Paraje Ifrán en depto Goya (Corrientes), sobre RP84."
B,,v3_p01,459,Aldea Romana,Buenos Aires,Bahía Blanca,616,Aldea Romana (Bahía Blanca),,-38.6825,-62.2135,web_barrio,verde,OSM Nominatim,https://nominatim.openstreetmap.org/,"[guard=verde; punto en Bahía Blanca] Actualmente barrio de la ciudad de Bahía Blanca (Cuartel II), partido de Bahía Blanca."
B,,v4_p04,541,Colonia O'Higgins,Córdoba,Marcos Juárez,613,Capitán General Bernardo O'Higgins,,-33.25,-62.2667,web_rename,verde,Wikipedia,https://es.wikipedia.org/wiki/Capit%C3%A1n_General_Bernardo_O'Higgins,"[guard=verde; punto en Marcos Juárez] Depto Marcos Juárez, Córdoba; fundada 1893 como Colonia Progreso"
B,,v5_p01,192,Altamirano Sud,Entre Ríos,Tala,607,Altamirano Sur,,-32.0883,-59.1751,web_rename,verde,Wikipedia,https://es.wikipedia.org/wiki/Altamirano_Sur,"[guard=verde; punto en Tala] Centro rural del distrito Raíces al Sud, depto Tala (Altamirano Sud = Altamirano Sur)"
B,,v4_p17,556,Tala Norte,Córdoba,Río Primero,583,Estación Tala Norte,,-31.1148,-63.6014,web_manual_coord,verde,OpenStreetMap/Nominatim,https://nominatim.openstreetmap.org/,"[guard=verde; punto en Río Primero] Estacion Tala Norte, paraje El Alcalde, Pedania Tala, depto Rio Primero, Cordoba"
B,,v5_p08,196,Villa San Marcial (Gob. Urquiza),Entre Ríos,Uruguay,578,Villa San Marcial (Estación Gobernador Urquiza),,-32.1667,-58.9333,web_manual_coord,verde,Wikipedia (Villa San Marcial),https://es.wikipedia.org/wiki/Villa_San_Marcial,"[guard=verde; punto en Uruguay] Mismo lugar; distrito Moscas, depto Uruguay. La estación se llama Gobernador Urquiza."
B,,v8_p02,137,Ingeniero Balloffet,Mendoza,San Rafael,578,Ingeniero Balloffet,,-34.763,-68.4122,web_manual_coord,verde,Tripadvisor/GeoNames,https://www.tripadvisor.com/Tourism-g25219062-Ingeniero_Balloffet_San_Rafael_Province_of_Mendoza_Cuyo-Vacations.html,"[guard=verde; punto en San Rafael] Localidad del oasis de San Rafael, depto San Rafael. Coordenada aproximada."
B,,v9_1_2_p03,96,Lago Futalaufquen,Chubut,Futaleufú,578,Villa Futalaufquen,,-42.8605,-71.6269,web_rename,verde,gazetteer,http://www.hosteriafutalaufquen.com/ubicacion/,"[guard=verde; punto en Futaleufú] Aldea Villa Futalaufquen sobre costa sur del lago Futalaufquen, PN Los Alerces, depto Futaleufu, Chubut. Coincide depto."
B,,v6_p05,152,Misión Fco. Tacaaglé,Formosa,Pilagás,570,Misión Tacaaglé,,-24.9780,-58.8221,web_manual_coord,verde,wikipedia,https://en.wikipedia.org/wiki/Misi%C3%B3n_Tacaagl%C3%A9,[guard=verde; punto en Pilagás] Localidad de depto Pilagás (Formosa); ex San Francisco Solano de Tacaaglé.
B,,v5_p04,199,Ingenio 1er. Correntino,Corrientes,San Cosme,567,Ingenio Primer Correntino,,-27.4319,-58.6244,web_manual_coord,verde,Wikipedia,https://es.wikipedia.org/wiki/Ingenio_Primer_Correntino,"[guard=verde; punto en San Cosme] Localidad del depto San Cosme (dependiente de Santa Ana de los Guácaras), Corrientes."
B,,v3_p22,489,Villa Nueva,Buenos Aires,General Paz,564,Villanueva (Estación Villanueva),,-35.6789,-58.4353,web_rename,verde,Wikipedia,https://es.wikipedia.org/wiki/Estaci%C3%B3n_Villanueva,"[guard=verde; punto en General Paz] Localidad/estación del partido General Paz, BA"
B,,v4_p19,566,Villa Independencia,Córdoba,Punilla,556,Villa Independencia (área Villa Carlos Paz / San Antonio de Arredondo),,-31.4583,-64.5078,web_manual_coord,verde,OpenStreetMap Nominatim,https://nominatim.openstreetmap.org/search?q=Villa+Independencia+Punilla+Cordoba&format=json,"[guard=verde; punto en Punilla] Barrio/localidad del depto Punilla, en el conurbano de Villa Carlos Paz"
B,,v3_p22,496,Villa Harding Green,Buenos Aires,Bahía Blanca,553,Villa Harding Green (Bahía Blanca),,-38.7211,-62.1958,web_barrio,verde,Wikipedia,https://es.wikipedia.org/wiki/Villa_Harding_Green,"[guard=verde; punto en Bahía Blanca] Localidad separada hasta censo 1991, hoy barrio del NE de Bahia Blanca"
B,,v4_p08,567,Kilómetro 711,Córdoba,Colón,547,Malvinas Argentinas (Córdoba),,-31.3792,-64.0539,web_rename,verde,Wikipedia (Malvinas Argentinas,Córdoba),[guard=verde; punto en Colón] https://es.wikipedia.org/wiki/Malvinas_Argentinas_(C%C3%B3rdoba)
B,,v5_p06,202,Pueblo San Martín (Pto. Curtiembre),Entre Ríos,Paraná,544,Puerto Curtiembre (Pueblo General San Martín),,-31.4611,-60.1661,web_rename,verde,Wikipedia (Puerto Curtiembre),https://es.wikipedia.org/wiki/Puerto_Curtiembre,[guard=verde; punto en Paraná] Comuna del depto Paraná sobre el río Paraná; 'Pueblo San Martín' fue el nombre oficial que nunca reemplazó al popular Pu
B,,v3_p04,504,Colonia Hogar Ricardo Gutiérrez,Buenos Aires,Marcos Paz,541,Marcos Paz (Colonia Hogar Ricardo Gutiérrez),,-34.8478,-58.8354,web_barrio,verde,osm,https://nominatim.openstreetmap.org/search?q=Colonia%20Hogar%20Ricardo%20Guti%C3%A9rrez%2C%20Marcos%20Paz,"[guard=verde; punto en Marcos Paz] Colonia/barrio ~7 km al sur de la ciudad de Marcos Paz, partido Marcos Paz. Coincide depto."
B,,v6_p01,160,Clodomiro Díaz,Chaco,Mayor Luis J. Fontana,540,Pueblo Clodomiro Díaz,,-27.6380,-60.7937,web_manual_coord,verde,osm,"https://nominatim.openstreetmap.org/search?q=Pueblo+Clodomiro+Diaz,+Chaco,+Argentina","[guard=verde; punto en Mayor Luis J. Fontana] Aldea/estación en depto Mayor Luis J. Fontana (Chaco), cerca de Villa Ángela."
B,,v6_p02,162,El Malacara,Santiago del Estero,General Taboada,527,El Malacara,,-28.4333,-62.5167,web_manual_coord,verde,dices.net,https://www.dices.net/mapas/argentina/mapa.php?nombre=El-Malacara&id=36291,"[guard=verde; punto en General Taboada] Localidad del depto General Taboada, Santiago del Estero"
B,,v3_p21,513,Spurr,Buenos Aires,Bahía Blanca,524,Spurr (barrio y estación de Bahía Blanca),,-38.7544,-62.2544,web_barrio,verde,Wikipedia,https://es.wikipedia.org/wiki/Estaci%C3%B3n_Spurr,[guard=verde; punto en Bahía Blanca] Barrio y estación de FC a ~4 km al sur del centro de Bahía Blanca
B,,v3_p13,526,Libres del Sud,Buenos Aires,Chascomús,505,Libres del Sud,,-35.7319,-57.72,web_manual_coord,verde,Wikipedia (Estación Libres del Sud),https://es.wikipedia.org/wiki/Estaci%C3%B3n_Libres_del_Sud,[guard=verde; punto en Chascomús] Paraje/estación en partido Chascomús (linda con Lezama).
B,,v3_p15,527,Máximo Fernández,Buenos Aires,Bragado,505,Máximo Fernández,,-35.0614,-60.7047,web_rename,verde,wikipedia,https://es.wikipedia.org/wiki/Estaci%C3%B3n_M%C3%A1ximo_Fern%C3%A1ndez,"[guard=verde; punto en Bragado] Localidad/estacion Maximo Fernandez, ~21 km al oeste de Bragado, partido Bragado. Coincide depto."
B,,v3_p12,532,Kilómetro 158,Buenos Aires,San Pedro,495,Pueblo Doyle,,-33.9033,-59.8210,web_rename,verde,wikipedia,https://es.wikipedia.org/wiki/Estaci%C3%B3n_Doyle,[guard=verde; punto en San Pedro] El pueblo se llamó Kilómetro 158 (luego Ing. Urcelay) antes de renombrarse Pueblo Doyle; depto San Pedro (Buenos Aires).
B,,v3_p07,533,Elordi,Buenos Aires,General Villegas,494,Massey (Estación Elordi),,-35.0462,-63.1218,web_rename,verde,OSM Nominatim,https://nominatim.openstreetmap.org/,"[guard=verde; punto en General Villegas] Localidad Massey, cuya estación ferroviaria es Elordi; partido de General Villegas, Buenos Aires."
B,,v8_p02,143,Hipólito Irigoyen,San Luis,Belgrano,481,Hipólito Yrigoyen,,-32.9167,-66.3333,web_manual_coord,verde,getamap,https://www.getamap.net/maps/argentina/san_luis/_hipolitoirigoyen/,"[guard=verde; punto en Belgrano] Localidad del depto Belgrano, San Luis"
B,,v3_p15,551,M. Colman,Buenos Aires,Rauch,464,Estación Martín Colman,,-36.4097,-59.1433,web_rename,verde,Wikipedia,https://es.wikipedia.org/wiki/Estaci%C3%B3n_Mart%C3%ADn_Colman,[guard=verde; punto en Rauch] Estación y pequeño poblado en partido de Rauch (M. Colman = Martín Colman)
B,,v7_p10,277,Senador Péres,Jujuy,Humahuaca,450,Estación Senador Pérez (Uquía),,-23.3046,-65.3574,web_manual_coord,verde,Wikipedia (Estación Senador Pérez / Uquía),https://es.wikipedia.org/wiki/Estaci%C3%B3n_Senador_P%C3%A9rez,"[guard=verde; punto en Humahuaca] La estación Senador Pérez está en la localidad de Uquía, depto Humahuaca; coordenada de Uquía."
B,,v6_p07,180,Vicentini,Chaco,San Fernando,447,Puerto Vicentini (barrio de Fontana),,-27.4014,-59.0392,web_barrio,verde,Wikimapia/dices.net,http://wikimapia.org/33649922/es/BARRIO-PUERTO-VICENTINI,"[guard=verde; punto en San Fernando] Antigua localidad Puerto Vicentini, hoy barrio de Fontana, depto San Fernando."
B,,v8_p02,151,Dixonville,San Luis,Gobernador Dupuy,441,Fortín El Patria (ex Dixonville),,-34.7726,-65.5232,web_rename,verde,osm,https://nominatim.openstreetmap.org/search?q=Fort%C3%ADn%20El%20Patria%2C%20San%20Luis,"[guard=verde; punto en Gobernador Dupuy] Estacion Dixonville, hoy paraje/municipio Fortin El Patria, depto Gobernador Dupuy, San Luis. Coincide depto (la coord d"
B,,v8_p04,152,Rincón del Este,San Luis,Junín,435,Rincón del Este (Villa de Merlo),,-32.3506,-64.9827,web_manual_coord,verde,OSM Nominatim,https://nominatim.openstreetmap.org/,"[guard=verde; punto en Junín] Paraje/barrio al este de Villa de Merlo, depto Junín, San Luis (hoy reserva florofaunística)."
B,,v6_p02,184,Desvío Bruchard,Formosa,Patiño,432,Apeadero Bruchard (Ramal C25),,-25.14,-59.96,web_manual_coord,verde,Wikipedia,https://es.wikipedia.org/wiki/Ramal_C25_del_Ferrocarril_Belgrano,"[guard=verde; punto en Patiño] Apeadero km 1797 (cruza RP24) entre Estanislao del Campo e Ibarreta, depto Patiño; coordenada aproximada por interpolaci"
B,,v8_p02,155,Embalse La Florida,San Luis,Coronel Pringles,417,La Florida,,-33.1182,-66.0008,web_rename,verde,Wikipedia,https://es.wikipedia.org/wiki/La_Florida_(San_Luis),"[guard=verde; punto en Coronel Pringles] Localidad junto al Embalse La Florida, depto Coronel Pringles"
B,,v4_p19,633,V. Rosario del Saladillo,Córdoba,Tulumba,416,Villa Rosario del Saladillo,,-30.4311,-63.4731,web_manual_coord,verde,Wikipedia,https://es.wikipedia.org/wiki/Rosario_del_Saladillo,"[guard=verde; punto en Tulumba] Rosario del Saladillo (Villa), depto Tulumba, Cordoba"
B,,v7_p03,293,Dr. Facundo Zuviría,Salta,Chicoana,402,Facundo Zuviría (El Carril),,-25.0709,-65.4935,web_manual_coord,verde,OSM Nominatim,"https://nominatim.openstreetmap.org/search?q=Facundo+Zuviria,+Salta,+Argentina","[guard=verde; punto en Chicoana] Paraje/estación Facundo de Zuviría en El Carril, depto Chicoana (se descarta el homónimo Facundo Zuviría en Gral. San Ma"
B,,v6_p04,197,Mal Paso,Santiago del Estero,Capital,401,Mal Paso,,-27.7667,-64.3097,web_manual_coord,verde,Wikipedia (Aeropuerto Mal Paso / Vicecomodoro Aragonés),https://en.wikipedia.org/wiki/Vicecomodoro_%C3%81ngel_de_la_Paz_Aragon%C3%A9s_Airport,[guard=verde; punto en Capital] Paraje al NO de la ciudad de Santiago del Estero (depto Capital); coordenada del aeródromo homónimo 'Mal Paso'.
B,,v3_p14,598,Lia Calel,Buenos Aires,Tres Arroyos,392,Lin Calel,,-38.7000,-60.2333,web_rename,verde,gazetteer,https://www.dices.net/mapas/argentina/mapa.php?nombre=Lin-Calel&id=877,"[guard=verde; punto en Tres Arroyos] Transcripcion 'Lia Calel' = Lin Calel, pueblo/estacion del partido Tres Arroyos, Buenos Aires. Coincide depto."
B,,v7_p04,298,El Recreo,Catamarca,Santa María,391,"El Recreo (paraje, 25 de Mayo)",,-26.7221,-66.0573,web_manual_coord,verde,osm,"https://nominatim.openstreetmap.org/search?q=El+Recreo,+Santa+Maria,+Catamarca,+Argentina",[guard=verde; punto en Santa María] Paraje El Recreo (distrito 25 de Mayo) en depto Santa María (Catamarca). NO es el homónimo Recreo/La Paz de la pista.
B,,v4_p02,642,Cabana,Córdoba,Colón,379,Cabana,,-31.2175,-64.3502,web_manual_coord,verde,Wikipedia,https://es.wikipedia.org/wiki/Cabana_(Argentina),"[guard=verde; punto en Colón] Localidad en la ladera este de las Sierras Chicas, depto Colón, cerca de Unquillo, Córdoba."
B,,v4_p03,643,Candelaria Norte,Córdoba,Río Seco,379,Villa Candelaria Norte,,-29.8119,-63.3539,web_rename,verde,Wikipedia,https://es.wikipedia.org/wiki/Villa_Candelaria_Norte,"[guard=verde; punto en Río Seco] Localidad del depto Río Seco, Córdoba"
B,,v6_p02,206,El Chorro,Formosa,Ramón Lista,377,El Chorro,,-23.2167,-62.3000,web_manual_coord,verde,Wikipedia,https://es.wikipedia.org/wiki/El_Chorro_(Formosa),[guard=verde; punto en Ramón Lista] Localidad del depto Ramón Lista; se llamó General Mosconi 1977-2015 y recuperó el nombre El Chorro
B,,v9_1_2_p01,116,Centro Río Mayo,Chubut,Río Senguer,376,Río Mayo,,-45.6869,-70.2600,web_manual_coord,verde,Wikipedia,https://es.wikipedia.org/wiki/R%C3%ADo_Mayo_(ciudad),"[guard=verde; punto en Río Senguer] Centro de la ciudad de Rio Mayo, depto Rio Senguer, Chubut"
B,,v6_p05,209,Pampa Florida,Chaco,Maipú,371,Pampa Florida,,-26.5630,-60.3912,web_manual_coord,verde,OSM Nominatim,"https://nominatim.openstreetmap.org/search?q=Pampa+Florida,+Chaco,+Argentina","[guard=verde; punto en Maipú] Paraje en Municipio de Tres Isletas, depto Maipú, Chaco."
B,,v3_p11,642,José M. Micheo,Buenos Aires,General Alvear,352,Estación José María Micheo,,-35.8816,-59.9466,web_rename,verde,Wikipedia (Estación José María Micheo),https://es.wikipedia.org/wiki/Estaci%C3%B3n_Jos%C3%A9_Mar%C3%ADa_Micheo,[guard=verde; punto en General Alvear] Paraje/estación en partido General Alvear.
B,,v4_p12,657,Molinari,Córdoba,Punilla,345,Molinari,,-31.1999,-64.4830,web_rename,verde,wikipedia,https://es.wikipedia.org/wiki/Molinari_(C%C3%B3rdoba),"[guard=verde; punto en Punilla] Molinari, localidad del depto Punilla (hoy dependiente de Cosquin), Cordoba. Coincide depto."
B,,v7_p05,321,Iturbe,Jujuy,Humahuaca,326,Iturbe,,-22.9789,-65.3536,web_manual_coord,verde,wikipedia,https://es.wikipedia.org/wiki/Iturbe_(Argentina),"[guard=verde; punto en Humahuaca] Localidad/estación ferroviaria en depto Humahuaca (Jujuy). Coord 22°58'44\\""S 65°21'13\""\""W."""
B,,v3_p14,673,Loma Negra,Buenos Aires,Olavarría,322,Loma Negra (Villa Fortabat),,-36.9667,-60.2500,web_manual_coord,verde,Wikipedia,https://es.wikipedia.org/wiki/Loma_Negra,"[guard=verde; punto en Olavarría] Pueblo cementero (Villa Alfredo Fortabat), a ~14 km de Olavarría, partido de Olavarría."
B,,v4_p06,667,Desvío Km. 691,Córdoba,Río Primero,317,Paraje Km 691 (Campo Enríquez),,-31.36,-63.853,web_manual_coord,verde,Mapcarta,https://mapcarta.com/es/20051876,"[guard=verde; punto en Río Primero] Paraje/desvío sobre RN19, ~9 km al E de Monte Cristo, depto Río Primero; coordenada aproximada"
B,,v3_p04,683,Cerro de los Leones,Buenos Aires,Tandil,309,Cerro Leones (paraje),,-37.3161,-59.2003,web_manual_coord,verde,Welcome Argentina / OSM,https://www.welcomeargentina.com/tandil/cabanas-cerro-leones_i.html,"[guard=verde; punto en Tandil] Paraje serrano al pie del Cerro Leones, partido de Tandil"
B,,v7_p10,330,Tala Pampa,Salta,La Viña,304,Talapampa,,-25.5450,-65.5570,web_rename,verde,Georef (INDEC/datos.gob.ar),https://apis.datos.gob.ar/georef/api/localidades-censales?nombre=Talapampa,"[guard=verde; punto en La Viña] Tala Pampa = Talapampa, localidad del depto La Viña, Salta"
B,,v3_p08,696,Fuerte Argentino,Buenos Aires,Tornquist,301,Fuerte Argentino,,-38.2117,-62.4206,web_manual_coord,verde,OSM Nominatim,"https://nominatim.openstreetmap.org/search?q=Fuerte+Argentino,+Tornquist,+Buenos+Aires,+Argentina","[guard=verde; punto en Tornquist] Paraje sobre el río Sauce Chico, partido de Tornquist (Cuartel III)."
B,,v3_p07,698,El Arbolito,Buenos Aires,Colón,298,El Arbolito,,-33.9138,-60.9434,web_manual_coord,verde,Wikipedia (Estación El Arbolito),https://es.wikipedia.org/wiki/Estaci%C3%B3n_El_Arbolito,[guard=verde; punto en Colón] Localidad/estación en partido Colón (parte se extiende a Rojas como Villa Manuel Pomar).
B,,v4_p06,682,El Cano,Córdoba,Calamuchita,298,El Cano,,-32.6101,-64.5961,web_manual_coord,verde,osm,https://nominatim.openstreetmap.org/search?q=El%20Cano%2C%20Calamuchita%2C%20C%C3%B3rdoba,"[guard=verde; punto en Calamuchita] Paraje rural El Cano (Pedania Rio de los Sauces), depto Calamuchita, Cordoba; capilla San Antonio de El Cano. Coincide d"
B,,v5_p07,271,Veinte de Setiembre,Entre Ríos,Nogoyá,289,Veinte de Setiembre,,-32.3860,-59.6645,web_manual_coord,verde,osm,"https://nominatim.openstreetmap.org/search?q=Veinte+de+Setiembre,+Nogoya,+Entre+Rios,+Argentina","[guard=verde; punto en Nogoyá] Paraje/junta de gobierno en distrito Sauce, depto Nogoyá (Entre Ríos), sobre RN12."
B,,v9_1_2_p04,132,San Pedro,Río Negro,Bariloche,274,Península San Pedro (San Carlos de Bariloche),,-41.0677,-71.4473,web_barrio,verde,dices.net,https://www.dices.net/mapas/argentina/mapa.php?nombre=Peninsula-San-Pedro&id=15977,"[guard=verde; punto en Bariloche] Paraje hoy barrio/península de San Carlos de Bariloche, depto Bariloche"
B,,v5_p05,275,Piloto Avila,Entre Ríos,La Paz,266,Piloto Ávila,,-30.7333,-59.5667,web_manual_coord,verde,OpenStreetMap Nominatim,https://nominatim.openstreetmap.org/search?q=Piloto+Avila+La+Paz+Entre+Rios&format=json,"[guard=verde; punto en La Paz] Paraje próximo a la ciudad de La Paz (acceso Ruta 1), depto La Paz"
B,,v7_p07,344,Osma,Salta,La Viña,263,Osma,,-25.2009,-65.4888,web_manual_coord,verde,OpenStreetMap/Nominatim,https://nominatim.openstreetmap.org/,"[guard=verde; punto en La Viña] Aldea Osma (antiguo Embarcadero Osma del FC Belgrano C-13), depto La Viña, Salta"
B,,v3_p01,737,Agote,Buenos Aires,Mercedes,260,Agote,,-34.6441,-59.3551,web_manual_coord,verde,Wikipedia (Agote),https://es.wikipedia.org/wiki/Agote_(Buenos_Aires),[guard=verde; punto en Mercedes] Localidad surgida en torno a la estación Agote (FC San Martín); partido de Mercedes.
B,,v7_p09,347,San Blas de los Sauces,La Rioja,San Blas de los Sauces,259,Salicas - San Blas,,-28.373737271654,-67.0705706119765,cabecera_documentada,verde,web+georef,https://es.wikipedia.org/wiki/San_Blas_(La_Rioja),el censo 1960 listo la cabecera con el nombre del depto. cabecera = San Blas; INDEC/Georef reportan el aglomerado junto como 'Salicas - San Blas'
B,,v9_1_2_p04,134,Puerto Coyle,Santa Cruz,Güer Aike,251,Puerto Coig (Puerto Coyle),,-50.9567,-69.2267,web_rename,verde,Wikipedia (Puerto Coig),https://es.wikipedia.org/wiki/Puerto_Coig,"[guard=verde; punto en Güer Aike] Ex localidad del depto Güer Aike, también llamada Puerto Coyle."
B,,v5_p06,281,Primero de Mayo,Entre Ríos,Uruguay,246,Primero de Mayo,,-32.2552,-58.4228,web_rename,verde,wikipedia,https://es.wikipedia.org/wiki/Primero_de_Mayo_(Entre_R%C3%ADos),"[guard=verde; punto en Uruguay] Primero de Mayo, municipio del depto Uruguay, Entre Rios. Coincide depto."
B,,v6_p02,242,El Cajón,Santiago del Estero,Ojo de Agua,246,El Cajón,,-29.3211,-63.8839,web_manual_coord,verde,osm,"https://nominatim.openstreetmap.org/search?q=El+Cajon,+Ojo+de+Agua,+Santiago+del+Estero,+Argentina",[guard=verde; punto en Ojo de Agua] Paraje El Cajón en depto Ojo de Agua (Santiago del Estero).
B,,v6_p03,245,La Brea,Santiago del Estero,Figueroa,237,La Brea,,-27.5719,-63.6296,web_manual_coord,verde,OSM Nominatim,https://nominatim.openstreetmap.org/,[guard=verde; punto en Figueroa] Paraje en depto Figueroa (Santiago del Estero). La pista Brea Pozo está en depto San Martín (homónimo distinto); se usó
B,,v3_p03,761,Barrow,Buenos Aires,Tres Arroyos,236,Estación Barrow / Chacra Experimental Barrow,,-38.3211,-60.2578,web_manual_coord,verde,Gobierno de la Prov. de Buenos Aires (CEI Barrow),https://www.gba.gob.ar/innovacion_productiva/chacra_experimental_integrada_barrow,"[guard=verde; punto en Tres Arroyos] Estación/chacra experimental, km 487,5 RN3, partido Tres Arroyos"
B,,v3_p21,766,Tomás Jofré,Buenos Aires,Mercedes,235,Tomás Jofré (nombre oficial Jorge Born),,-34.6995,-59.3189,web_manual_coord,verde,Municipalidad de Mercedes,https://nw.mercedes.gob.ar/ciudad/turismo/tomas-jofre,"[guard=verde; punto en Mercedes] Localidad del partido de Mercedes; nombre oficial Jorge Born, popularmente Tomás Jofré por su estación"
B,,v6_p06,246,Puna,Santiago del Estero,Moreno,235,Puna,,-27.7981,-62.5224,web_manual_coord,verde,OpenStreetMap/Nominatim,https://nominatim.openstreetmap.org/,"[guard=verde; punto en Moreno] Puna (antigua estacion FC Belgrano ramal C4), depto Moreno, Santiago del Estero; NO confundir con La Punta del depto Cho"
B,,v4_p05,716,Chuchiras,Córdoba,San Javier,234,Chuchiras,,-31.9762,-65.0932,web_manual_coord,verde,derutasymapas / mapas,https://www.derutasymapas.com.ar/Cordoba/Chuchiras/,"[guard=verde; punto en San Javier] Paraje próximo a Villa Las Rosas, depto San Javier. Coord 31°59'S 65°06'O."
B,,v4_p05,718,Cruz Chica,Córdoba,Punilla,233,Cruz Chica,,-30.9667,-64.4833,web_manual_coord,verde,dices.net,https://www.dices.net/mapas/argentina/mapa.php?nombre=Cruz-Chica&id=33184,"[guard=verde; punto en Punilla] Localidad del Valle de Punilla entre La Cumbre y Los Cocos, depto Punilla."
B,,v7_p11,361,Veintitrés de Agosto,Jujuy,Ledesma,228,23 de Agosto,,-23.7808,-64.6708,web_rename,verde,osm,https://nominatim.openstreetmap.org/search?q=23%20de%20Agosto%2C%20Ledesma%2C%20Jujuy,"[guard=verde; punto en Ledesma] '23 de Agosto', poblado del depto Ledesma (municipio Calilegua), Jujuy. Coincide depto; existe tambien barrio homonimo e"
B,,v3_p12,781,La Japonesa,La Pampa,Cura-Có,225,Gobernador Duval,,-38.7430,-66.4354,web_rename,verde,osm,"https://nominatim.openstreetmap.org/search?q=Gobernador+Duval,+La+Pampa,+Argentina","[guard=verde; punto en Curacó] Gobernador Duval, sobre el Río Colorado en depto Curacó (La Pampa); histórica y popularmente conocido como La Japonesa."
B,,v7_p01,370,Bajo Grande,Salta,Metán,210,Bajo Grande,,-25.3500,-64.5000,web_manual_coord,verde,OSM Nominatim,https://nominatim.openstreetmap.org/,"[guard=verde; punto en Metán] Localidad del municipio El Galpón, depto Metán, Salta. Coordenada de baja precisión (punto OSM redondeado); aproximada."
B,,v7_p02,372,Capitán J. Page,Salta,Rivadavia,207,Capitán Juan Pagé,,-23.6833,-62.3833,web_rename,verde,dices.net,https://www.dices.net/mapas/argentina/mapa.php?nombre=Capitan-Juan-Page&id=29081,"[guard=verde; punto en Rivadavia] Localidad ferroviaria del depto Rivadavia, Salta"
B,,v3_p12,820,Kilómetro 125,Buenos Aires,San Andrés de Giles,192,Estación La Valerosa,,-34.5525,-59.5328,web_rename,verde,Wikipedia,https://es.wikipedia.org/wiki/Estaci%C3%B3n_La_Valerosa,"[guard=verde; punto en San Andrés de Giles] Estacion cuyo nombre original era Kilometro 125, renombrada La Valerosa, partido San Andres de Giles, Buenos Aires"
B,,v3_p03,827,Bonifacio,Buenos Aires,Guaminí,187,Laguna Alsina (Bonifacio),,-36.8075,-62.2479,web_rename,verde,Wikipedia (Estación Bonifacio) / OSM,https://es.wikipedia.org/wiki/Estaci%C3%B3n_Bonifacio,"[guard=verde; punto en Guaminí] La estación Bonifacio está en la localidad de Laguna Alsina, partido de Guaminí; comúnmente aún llamada Bonifacio."
B,,v7_p04,386,El Tobar,Tucumán,Chicligasta,184,El Tobar,,-27.5333,-65.0667,web_rename,verde,osm,https://nominatim.openstreetmap.org/search?q=El%20Tobar%2C%20Tucum%C3%A1n,"[guard=verde; punto en Simoca] El Tobar; OSM lo ubica en depto Simoca (uno de los deptos_modernos), lindante con Chicligasta. Coincide depto."
B,,v7_p08,389,Rosario del Dorado,Salta,Anta,177,Rosario del Dorado,,-24.5275,-64.1558,web_manual_coord,verde,osm,"https://nominatim.openstreetmap.org/search?q=Rosario+del+Dorado,+Anta,+Salta,+Argentina","[guard=verde; punto en Anta] Paraje en municipio Apolinario Saravia, depto Anta (Salta)."
B,,v7_p04,398,General Alvarado,Salta,Capital,159,General Alvarado,,-24.8496,-65.4577,web_manual_coord,verde,OSM Nominatim,https://nominatim.openstreetmap.org/,"[guard=verde; punto en Capital] Paraje/barrio en el SO de la ciudad de Salta, depto Capital."
B,,v7_p05,402,Huasa Pampa Sud,Tucumán,Graneros,149,Huasa Pampa Sur,,-27.8811,-65.5825,web_manual_coord,verde,Mindat,https://www.mindat.org/feature-3854069.html,"[guard=verde; punto en La Cocha] Localidad del depto La Cocha, Tucumán (limítrofe con Graneros)"
B,,v7_p06,406,Luisiana,Tucumán,Cruz Alta,146,Luisiana (La Florida y Luisiana),,-26.8000,-65.0833,web_manual_coord,verde,dices.net / db-city,https://www.dices.net/mapas/argentina/mapa.php?nombre=Luisiana&id=2928,"[guard=verde; punto en Cruz Alta] Comunidad rural del depto Cruz Alta, al este de Alderetes (Gran Tucumán)"
B,,v4_p03,772,Casaffousth,Córdoba,Punilla,108,Casaffousth,,-31.3667,-64.45,web_manual_coord,verde,dices.net,https://www.dices.net/mapas/argentina/mapa.php?nombre=Casaffousth&id=29646,"[guard=verde; punto en Punilla] Estación/paraje Casaffousth cerca de Santa María de Punilla, depto Punilla."
B,,v3_p04,905,Colonia La Merced,Buenos Aires,Villarino,105,Colonia La Merced,,-38.6740,-62.4743,web_manual_coord,verde,osm,https://nominatim.openstreetmap.org/search?q=Colonia%20La%20Merced%2C%20Villarino,"[guard=verde; punto en Villarino] Colonia La Merced, paraje del partido Villarino (limite con Bahia Blanca sobre el arroyo Sauce Chico). Coincide depto."
B,,v4_p08,775,Jean Maire,Córdoba,San Justo,103,Jeanmaire,,-31.4008,-62.4683,web_manual_coord,verde,osm,"https://nominatim.openstreetmap.org/search?q=Jeanmaire,+San+Justo,+Cordoba,+Argentina",[guard=verde; punto en San Justo] Localidad Jeanmaire en depto San Justo (Córdoba).
B,,v9_1_2_p04,154,Planta Compresora Conesa,Río Negro,General Conesa,101,Planta Compresora (General Conesa),,-40.4248,-63.9047,web_manual_coord,verde,OSM Nominatim,https://nominatim.openstreetmap.org/,"[guard=verde; punto en Conesa] Planta compresora de gas sobre RN250 (km 49), depto Conesa, Río Negro; caserío ligado a la planta al norte del casco de"
B,,v9_1_2_p01,157,Barrio Laprida y Manantial Rosales,Chubut,Escalante,81,Manantial Rosales (Comodoro Rivadavia),,-45.8233,-67.5269,web_barrio,verde,Wikipedia,https://es.wikipedia.org/wiki/Manantial_Rosales,[guard=verde; punto en Escalante] Depto Escalante; barrio de Comodoro Rivadavia (incorporado al aglomerado en censo 2022)
C,,v4_p14,23,Reinaldo Cullen,Santa Fe,La Capital,11881,,,,,sin_coordenada,,,,"[C5 web] No figura ninguna localidad, comuna ni estacion 'Reinaldo Cullen' en el depto La Capital actual ni en OSM/Georef; pob 1960=11881 sugiere dis"
C,,v4_p13,30,Posta de San Martín,Santa Fe,Rosario,10152,,,,,sin_coordenada,,,,"[C5 web] Sin match confiable en Rosario; pob 10152 sugiere distrito/barrio de la ciudad de Rosario, no localizable como localidad puntual. No confund"
C,,v8_p05,46,Zonda,San Juan,Veinticinco de Mayo,2183,,,,,sin_coordenada,,,,"[C5 web] ADVERTENCIA depto: la unica 'Zonda' de San Juan es Villa Basilio Nievas en el depto Zonda (approx -31.54,-68.74), NO en 25 de Mayo ni depto"
C,,v6_p04,65,La Isla,Santiago del Estero,Banda,1562,,,,,sin_coordenada,,,,[C5 web] La única 'La Isla' documentada está en depto Jiménez (homónimo; coincide con la pista Isca Yacu pero lejos del depto objetivo Banda). Posibl
C,,v4_p16,304,San Julián,Santa Fe,San Jerónimo,1405,,,,,sin_coordenada,,,,[C5 web] No se halló localidad 'San Julián' vigente en depto San Jerónimo (Santa Fe); no figura en el listado de localidades del depto. Único homónim
C,,v4_p12,317,Médanos de las Cañas,Córdoba,Unión,1337,,,,,sin_coordenada,,,,[C5 web] No localizado con confianza en depto Union (Cordoba); sin registro en Georef ni OSM/Nominatim; no se arriesga coordenada
C,,v4_p14,382,Pueblo Britos,Santa Fe,Rosario,1085,,,,,sin_coordenada,,,,"[C5 web] No se localizó 'Pueblo Britos' en depto Rosario (Santa Fe) en Wikipedia, Nominatim ni gacetero. Sin coordenada confiable."
C,,v6_p05,130,Pozo Grande,Santiago del Estero,Avellaneda,745,,,,,sin_coordenada,,,,"[C5 web] 5 homonimos 'Pozo Grande' en Sgo del Estero (deptos Ojo de Agua, Rio Hondo, Figueroa, Alberdi) pero NINGUNO en depto Avellaneda. No se confi"
C,,v4_p09,492,La Buena Parada,Córdoba,Río Primero,730,,,,,sin_coordenada,,,,"[C5 web] No se halló 'La Buena Parada' en depto Río Primero (Córdoba). El homónimo 'Pueblo Buena Parada' está en depto Pichi Mahuida, Río Negro (leja"
C,,v5_p06,167,Puerto Naranjito,Misiones,San Ignacio,726,,,,,web_manual_coord,,dices.net,https://www.dices.net/mapas/argentina/mapa.php?nombre=Puerto-Naranjito&id=10749,"COORD RECHAZADA por guard (cae fuera de todo departamento: mar/borde). [guard=sin_depto; punto en ] Lugar poblado del depto San Ignacio, Misiones"
C,,v6_p03,132,Km. 100 Nav. Río Bermejo,Formosa,Laishí,717,,,,,sin_coordenada,,,,[C5 web] Marcador de km 100 de la navegacion del Rio Bermejo en depto Laishi (Formosa); punto fluvial de campamento no identificable con confianza; s
C,,v5_p04,205,Leguizamón,Entre Ríos,La Paz,531,,,,,sin_coordenada,,,,[C5 web] No se identificó localidad/estación 'Leguizamón' en depto La Paz o Federal (Entre Ríos). Solo aparece la calle Martiniano Leguizamón en la c
C,,v5_p04,209,La Capilla,Entre Ríos,Villaguay,521,,,,,sin_coordenada,,,,[C5 web] Registro de localidad en depto Villaguay (obraspublicas) pero sin coordenada accesible; homonimos La Capilla en depto Gualeguaychu (lejos) d
C,,v6_p02,167,Esteros,Santiago del Estero,Figueroa,508,,,,,sin_coordenada,,,,[C5 web] No se ubica un 'Esteros' en depto Figueroa. Homónimos: pista apunta a depto Capital [86049110] y OSM sólo halla 'Esteros' en depto Alberdi (
C,,v4_p15,741,Rumiyaco,Córdoba,Minas,187,,,,,sin_coordenada,,,,[C5 web] Paraje en depto Minas (Córdoba) sin coordenada moderna verificable; el 'Rumiyaco' que aparece en buscadores son cabañas en Villa Rumipal (de
C,,v9_1_2_p05,147,Yacimiento Petrolífero Solano,Chubut,Escalante,127,,,,,web_manual_coord,,Wikipedia,https://es.wikipedia.org/wiki/Bah%C3%ADa_Solano_(Chubut),"COORD RECHAZADA por guard (cae fuera de todo departamento: mar/borde). [guard=sin_depto; punto en ] Campamento/yacimiento petrolifero de Bahia Solano (YPF), depto Escalante, ~25 km al N de Comodoro Rivadavia, Chubut"
C,,v5_p05,304,Machadiño,Misiones,Concepción,112,,,,,sin_coordenada,,,,"[C5 web] El único registro OSM es 'Arroyo Machadiño' en depto San Ignacio (-27.20,-55.28), lejos del depto Concepción; no hay coordenada confiable pa"
